source_file,table_name,row_index,record_key,columns,row_json,dedupe_key
insert_jerusalem_refs.sql,knowledge_documents,1,متصرفية القدس أواخر العهد العثماني,"[""title"", ""author"", ""year"", ""category"", ""type"", ""url"", ""content"", ""tags"", ""createdAt"", ""updatedAt""]","{""title"": ""متصرفية القدس أواخر العهد العثماني"", ""author"": ""عبد العزيز عوض"", ""year"": """", ""category"": ""historical"", ""type"": ""كتاب"", ""url"": ""https://archive.org/details/skrdieh_lau_20160316"", ""content"": ""دراسة تاريخية شاملة لمتصرفية القدس في نهاية العهد العثماني، تغطي الوضع الإداري والاجتماعي والاقتصادي في القدس قبل الانتداب البريطاني. الكتاب متاح للتحميل المجاني على Internet Archive بحجم 32.5 ميجابايت."", ""tags"": ""متصرفية القدس, العهد العثماني, تاريخ فلسطين, القدس"", ""createdAt"": ""datetime(now)"", ""updatedAt"": ""datetime(now)""}",5f1a720b89bdd554
insert_jerusalem_refs.sql,knowledge_documents,1,ديار بئر السبع: جنوب فلسطين العثماني - الأرض والمجتمع والدولة,"[""title"", ""author"", ""year"", ""category"", ""type"", ""url"", ""content"", ""tags"", ""createdAt"", ""updatedAt""]","{""title"": ""ديار بئر السبع: جنوب فلسطين العثماني - الأرض والمجتمع والدولة"", ""author"": ""أحمد أمارة"", ""year"": ""2024"", ""category"": ""law"", ""type"": ""كتاب أكاديمي"", ""url"": ""https://books.google.com/books?id=n_0IEQAAQBAJ"", ""content"": ""دراسة شاملة لقضاء بئر السبع الذي كان جزءاً من متصرفية القدس. يتناول الكتاب تطبيق قانون الأراضي العثماني ونظام القضاء بشأن حقوق ملكية الأراضي، ويشمل تحليلاً لقانون الأراضي، والقانون المدني، وقانون الطابو."", ""tags"": ""بئر السبع, قانون الأراضي العثماني, متصرفية القدس, الطابو"", ""createdAt"": ""datetime(now)"", ""updatedAt"": ""datetime(now)""}",22972fd07f3d056a
insert_jerusalem_refs.sql,knowledge_documents,1,حق التصرف الوارد على الأراضي الأميرية وفقاً للتشريعات النافذة في فلسطين,"[""title"", ""author"", ""year"", ""category"", ""type"", ""url"", ""content"", ""tags"", ""createdAt"", ""updatedAt""]","{""title"": ""حق التصرف الوارد على الأراضي الأميرية وفقاً للتشريعات النافذة في فلسطين"", ""author"": ""أنسام عارف جاسر كراكره"", ""year"": ""2025"", ""category"": ""law"", ""type"": ""رسالة ماجستير"", ""url"": ""https://repository.aaup.edu/handle/123456789/3565"", ""content"": ""دراسة تحليلية مقارنة لحق التصرف الوارد على الأراضي الأميرية، سواء المستمدة من قانون الأراضي العثماني لسنة 1858م، أو القوانين الأردنية المطبقة في الضفة الغربية، أو التشريعات الصادرة عن السلطة الوطنية الفلسطينية."", ""tags"": ""الأراضي الأميرية, قانون الأراضي, فلسطين, دراسة مقارنة"", ""createdAt"": ""datetime(now)"", ""updatedAt"": ""datetime(now)""}",1b352a144e3b4863
insert_jerusalem_refs.sql,knowledge_documents,1,النظام القانوني للأراضي الأميرية في فلسطين,"[""title"", ""author"", ""year"", ""category"", ""type"", ""url"", ""content"", ""tags"", ""createdAt"", ""updatedAt""]","{""title"": ""النظام القانوني للأراضي الأميرية في فلسطين"", ""author"": ""حسين عاهد العيسه"", ""year"": ""2016"", ""category"": ""law"", ""type"": ""رسالة أكاديمية"", ""url"": ""https://fada.birzeit.edu/bitstream/20.500.11889/5695/1/"", ""content"": ""دراسة متخصصة في النوع الثاني من أنواع الأراضي في قانون الأراضي العثماني. تعتبر الأراضي الأميرية الأكثر انتشاراً في الأراضي الفلسطينية عبر المراحل التاريخية المختلفة."", ""tags"": ""الأراضي الأميرية, قانون الأراضي العثماني, فلسطين, جامعة بيرزيت"", ""createdAt"": ""datetime(now)"", ""updatedAt"": ""datetime(now)""}",eb81949f12a832e5
insert_jerusalem_refs.sql,knowledge_documents,1,تسوية وتسجيل الأراضي في القدس الشرقية: الإشكاليات، التحديات والإسقاطات,"[""title"", ""author"", ""year"", ""category"", ""type"", ""url"", ""content"", ""tags"", ""createdAt"", ""updatedAt""]","{""title"": ""تسوية وتسجيل الأراضي في القدس الشرقية: الإشكاليات، التحديات والإسقاطات"", ""author"": ""راسم محيي الدين خمايسي"", ""year"": ""2020"", ""category"": ""law"", ""type"": ""دراسة أكاديمية"", ""url"": ""https://dspace.alquds.edu/handle/20.500.12213/9083"", ""content"": ""دراسة تناقش الوضع المعقد والإشكال القائم بشأن تسوية الأراضي وتسجيلها في القدس الشرقية، وكذلك الآثار والعواقب. تقترح مبادئ وتوجيهات عامة للسياسات والأدوات لتمكين تسوية الأراضي."", ""tags"": ""القدس الشرقية, تسوية الأراضي, تسجيل الأراضي, جامعة القدس"", ""createdAt"": ""datetime(now)"", ""updatedAt"": ""datetime(now)""}",3f190eba5be34f62
insert_jerusalem_refs.sql,knowledge_documents,1,"Consequences of the Ottoman land law: Agrarian and privatization processes in Palestine, 1858–1918","[""title"", ""author"", ""year"", ""category"", ""type"", ""url"", ""content"", ""tags"", ""createdAt"", ""updatedAt""]","{""title"": ""Consequences of the Ottoman land law: Agrarian and privatization processes in Palestine, 1858–1918"", ""author"": ""R Kark"", ""year"": ""2017"", ""category"": ""law"", ""type"": ""بحث أكاديمي"", ""url"": ""https://link.springer.com/chapter/10.1007/978-3-319-50998-3_8"", ""content"": ""دراسة تحلل تأثيرات قانون الأراضي العثماني على العمليات الزراعية وعمليات الخصخصة في فلسطين خلال الفترة من 1858 إلى 1918. نشرت في Springer وحصلت على 33 استشهاداً أكاديمياً."", ""tags"": ""Ottoman land law, Palestine, privatization, 1858-1918"", ""createdAt"": ""datetime(now)"", ""updatedAt"": ""datetime(now)""}",dea66f77db7907e4
insert_jerusalem_refs.sql,knowledge_documents,1,Land privatization in nineteenth-century Ottoman Palestine,"[""title"", ""author"", ""year"", ""category"", ""type"", ""url"", ""content"", ""tags"", ""createdAt"", ""updatedAt""]","{""title"": ""Land privatization in nineteenth-century Ottoman Palestine"", ""author"": ""N Solomonovich, R Kark"", ""year"": ""2015"", ""category"": ""law"", ""type"": ""بحث أكاديمي"", ""url"": ""https://brill.com/view/journals/ils/22/3/article-p221_2.xml"", ""content"": ""دراسة منشورة في Islamic Law and Society تحلل عملية خصخصة الأراضي في فلسطين العثمانية في القرن التاسع عشر. استخدمت وثائق ومراسلات القنصلية الألمانية في القدس. حصلت على 22 استشهاداً."", ""tags"": ""land privatization, Ottoman Palestine, Jerusalem, 19th century"", ""createdAt"": ""datetime(now)"", ""updatedAt"": ""datetime(now)""}",761cecc41e3d6818
insert_jerusalem_refs.sql,knowledge_documents,1,Land registry maps in Palestine during the Ottoman period,"[""title"", ""author"", ""year"", ""category"", ""type"", ""url"", ""content"", ""tags"", ""createdAt"", ""updatedAt""]","{""title"": ""Land registry maps in Palestine during the Ottoman period"", ""author"": ""R Kark, H Gerber"", ""year"": ""1984"", ""category"": ""law"", ""type"": ""بحث أكاديمي"", ""url"": ""https://www.tandfonline.com/doi/pdf/10.1179/caj.1984.21.1.30"", ""content"": ""دراسة رائدة منشورة في The Cartographic Journal تتناول خرائط تسجيل الأراضي في فلسطين خلال الفترة العثمانية. تحلل سجلات الأراضي والمجلس الإداري لمنطقة القدس. حصلت على 20 استشهاداً."", ""tags"": ""land registry, Ottoman Palestine, Jerusalem District, cartography"", ""createdAt"": ""datetime(now)"", ""updatedAt"": ""datetime(now)""}",f38a0700036312cf
insert_jerusalem_refs.sql,knowledge_documents,1,Mind the Gap: An Archaeological View of Land Tenure and Usufruct Rights Around Jerusalem,"[""title"", ""author"", ""year"", ""category"", ""type"", ""url"", ""content"", ""tags"", ""createdAt"", ""updatedAt""]","{""title"": ""Mind the Gap: An Archaeological View of Land Tenure and Usufruct Rights Around Jerusalem"", ""author"": ""O Ze'evi-Berger, N Ben-Melech, B Walker, N Porat"", ""year"": """", ""category"": ""historical"", ""type"": ""بحث أكاديمي"", ""url"": ""https://www.jstor.org/stable/jj.31872240.3"", ""content"": ""دراسة أثرية تتناول حقوق حيازة الأراضي واستخدامها حول القدس في العصرين المملوكي والعثماني. تحلل سجلات الضرائب في سنجق القدس في القرن الثامن عشر."", ""tags"": ""land tenure, Jerusalem, Mamluk, Ottoman, archaeological"", ""createdAt"": ""datetime(now)"", ""updatedAt"": ""datetime(now)""}",ec93127203a09523
insert_jerusalem_refs.sql,knowledge_documents,1,قانون الأراضي العثماني (1858),"[""title"", ""author"", ""year"", ""category"", ""type"", ""url"", ""content"", ""tags"", ""createdAt"", ""updatedAt""]","{""title"": ""قانون الأراضي العثماني (1858)"", ""author"": ""الدولة العثمانية"", ""year"": ""1858"", ""category"": ""law"", ""type"": ""قانون"", ""url"": ""https://maqam.najah.edu/legislation/169/"", ""content"": ""القانون الأساسي الذي نظم ملكية الأراضي في الدولة العثمانية. قسّم الأراضي إلى خمسة أقسام: المملوكة، الأميرية، الموقوفة، المتروكة، والموات. ما زال ساري النفاذ في الضفة الغربية وغزة. يحتوي على 15 مادة قانونية تفصيلية."", ""tags"": ""قانون الأراضي, العثماني, 1858, الطابو, فلسطين"", ""createdAt"": ""datetime(now)"", ""updatedAt"": ""datetime(now)""}",88db09ae4d2b674e
insert_jerusalem_refs.sql,knowledge_documents,1,نظام ملكية الأراضي في العهد العثماني,"[""title"", ""author"", ""year"", ""category"", ""type"", ""url"", ""content"", ""tags"", ""createdAt"", ""updatedAt""]","{""title"": ""نظام ملكية الأراضي في العهد العثماني"", ""author"": ""وكالة الأنباء الفلسطينية (وفا)"", ""year"": """", ""category"": ""reference"", ""type"": ""مقال موسوعي"", ""url"": ""https://info.wafa.ps/pages/details/32393"", ""content"": ""مقال شامل يتناول تطور نظام ملكية الأراضي في العهد العثماني. يشرح قانون الأراضي عام 1858، ولائحة تعليمات سندات الطابو عام 1859، ونظام الطابو. يوضح كيفية تسجيل الأراضي وإصدار السندات."", ""tags"": ""ملكية الأراضي, العهد العثماني, الطابو, فلسطين"", ""createdAt"": ""datetime(now)"", ""updatedAt"": ""datetime(now)""}",1f69de305a873d97
insert_jerusalem_refs.sql,knowledge_documents,1,وثائق الملكية الفلسطينية في الأرشيف العثماني,"[""title"", ""author"", ""year"", ""category"", ""type"", ""url"", ""content"", ""tags"", ""createdAt"", ""updatedAt""]","{""title"": ""وثائق الملكية الفلسطينية في الأرشيف العثماني"", ""author"": ""موقع الوثيقة"", ""year"": """", ""category"": ""reference"", ""type"": ""مقال"", ""url"": ""https://www.al-wathiqa.com/ArticleView/20"", ""content"": ""مقال يوضح أهمية سجلات الطابو العثماني الخاصة بالأراضي، والتي تحظى بالأولوية القانونية لإثبات حقوق ملكية الأراضي في فلسطين لدى المحاكم المحلية، ومحاكم الاحتلال، والمحاكم الدولية."", ""tags"": ""الأرشيف العثماني, الطابو, ملكية الأراضي, فلسطين"", ""createdAt"": ""datetime(now)"", ""updatedAt"": ""datetime(now)""}",0cbb12e42dfa29c9
insert_jerusalem_refs.sql,knowledge_documents,1,الأرشيف العثماني بأيدٍ فلسطينية.. وثائق تثبت ملكية الأراضي,"[""title"", ""author"", ""year"", ""category"", ""type"", ""url"", ""content"", ""tags"", ""createdAt"", ""updatedAt""]","{""title"": ""الأرشيف العثماني بأيدٍ فلسطينية.. وثائق تثبت ملكية الأراضي"", ""author"": ""الجزيرة نت"", ""year"": ""2020"", ""category"": ""reference"", ""type"": ""تقرير إخباري"", ""url"": ""https://www.aljazeera.net/culture/2020/2/9/"", ""content"": ""تقرير يتناول تسليم تركيا للأرشيف العثماني للسلطة الفلسطينية، والذي يشمل سجلات الطابو خلال الفترة ما قبل الانتداب البريطاني. يعتبر الأرشيف طوق نجاة لإثبات ملكيات الأراضي والعقارات."", ""tags"": ""الأرشيف العثماني, الطابو, السلطة الفلسطينية, تركيا"", ""createdAt"": ""datetime(now)"", ""updatedAt"": ""datetime(now)""}",babd7bc5feb932ec
insert_jerusalem_refs.sql,knowledge_documents,1,التنظيم القانوني للأراضي في فلسطين (1858 - الحاضر),"[""title"", ""author"", ""year"", ""category"", ""type"", ""url"", ""content"", ""tags"", ""createdAt"", ""updatedAt""]","{""title"": ""التنظيم القانوني للأراضي في فلسطين (1858 - الحاضر)"", ""author"": ""مؤسسة الدراسات الفلسطينية"", ""year"": """", ""category"": ""reference"", ""type"": ""دراسة"", ""url"": ""https://www.palquest.org/ar/selectivechrono/240/"", ""content"": ""دراسة تعرض حيازة الأراضي في فلسطين في ظل العثمانيين (القوانين التي تنظّم تسجيل وشراء وبيع الأراضي)، يليها الأساليب المختلفة التي اتبعها الانتداب البريطاني، والحركة الصهيونية."", ""tags"": ""التنظيم القانوني, الأراضي, فلسطين, 1858"", ""createdAt"": ""datetime(now)"", ""updatedAt"": ""datetime(now)""}",0c388894bbfd90a8
scripts/bulk-import.sql,knowledge_documents,1,قانون الأراضي العثماني - المادة 1: تعريف الأراضي,"[""title"", ""content"", ""source"", ""category"", ""tags"", ""isActive"", ""createdAt"", ""updatedAt""]","{""title"": ""قانون الأراضي العثماني - المادة 1: تعريف الأراضي"", ""content"": ""المادة الأولى: الأراضي على خمسة أقسام:\n\n1. الأراضي المملوكة (الملك): وهي الأراضي التي يملكها الأفراد ملكية تامة بموجب سند رسمي، ويحق لهم التصرف فيها بالبيع والشراء والهبة والوقف والإرث دون قيد أو شرط.\n\n2. الأراضي الأميرية: وهي الأراضي التي تعود رقبتها للدولة، ويكون للأفراد حق التصرف فيها فقط. لا يجوز بيع رقبة الأرض الأميرية، وإنما يباع حق التصرف فقط.\n\n3. الأراضي الموقوفة: وهي الأراضي التي وقفها أصحابها لجهة خيرية أو ذرية، ولا يجوز بيعها أو التصرف فيها إلا وفق شروط الواقف.\n\n4. الأراضي المتروكة: وهي الأراضي المخصصة للمنفعة العامة كالطرق والساحات والمراعي، ولا يجوز تملكها أو التصرف فيها.\n\n5. الأراضي الموات: وهي الأراضي البور التي لم تُعمّر ولم تُزرع، ويجوز إحياؤها بإذن من الدولة."", ""source"": ""قانون الأراضي العثماني 1858"", ""category"": ""law"", ""tags"": ""أراضي، ملكية، أميرية، وقف، متروكة، موات"", ""isActive"": ""1"", ""createdAt"": ""FROM_UNIXTIME(1767919514)"", ""updatedAt"": ""FROM_UNIXTIME(1767919514)""}",8554776af0cacb25
scripts/bulk-import.sql,knowledge_documents,2,قانون الأراضي العثماني - المادة 3: الأراضي الأميرية,"[""title"", ""content"", ""source"", ""category"", ""tags"", ""isActive"", ""createdAt"", ""updatedAt""]","{""title"": ""قانون الأراضي العثماني - المادة 3: الأراضي الأميرية"", ""content"": ""المادة الثالثة: الأراضي الأميرية هي الأراضي التي رقبتها للدولة، وللأفراد حق التصرف فيها فقط.\n\nشروط التصرف في الأراضي الأميرية:\n1. يجب دفع الضرائب المقررة (الميري) سنوياً للدولة\n2. يجب زراعة الأرض وعدم تركها بوراً لمدة تزيد عن ثلاث سنوات\n3. لا يجوز بيع رقبة الأرض، وإنما يباع حق التصرف فقط\n4. يجوز توريث حق التصرف للورثة الشرعيين\n5. يجوز وقف حق التصرف بإذن من الدولة\n\nعقوبة ترك الأرض بوراً:\nإذا ترك صاحب حق التصرف الأرض بوراً لمدة ثلاث سنوات متتالية دون عذر شرعي، يسقط حقه في التصرف، وتعود الأرض للدولة لتمنحها لمن يعمرها."", ""source"": ""قانون الأراضي العثماني 1858"", ""category"": ""law"", ""tags"": ""أراضي أميرية، حق التصرف، ميري، ضرائب"", ""isActive"": ""1"", ""createdAt"": ""FROM_UNIXTIME(1767919514)"", ""updatedAt"": ""FROM_UNIXTIME(1767919514)""}",490ce6c1def969ae
scripts/bulk-import.sql,knowledge_documents,3,قانون الأراضي العثماني - المادة 12: وقف الأراضي الأميرية,"[""title"", ""content"", ""source"", ""category"", ""tags"", ""isActive"", ""createdAt"", ""updatedAt""]","{""title"": ""قانون الأراضي العثماني - المادة 12: وقف الأراضي الأميرية"", ""content"": ""المادة الثانية عشرة: يجوز وقف حق التصرف في الأراضي الأميرية بإذن من السلطان أو من ينوب عنه.\n\nشروط وقف الأراضي الأميرية:\n1. الحصول على إذن رسمي من الدولة (الإرادة السنية)\n2. تسجيل الوقف في السجلات الرسمية\n3. تحديد جهة الوقف (خيري أو ذري)\n4. تعيين ناظر للوقف\n5. استمرار دفع الضرائب المقررة (الميري) من ريع الوقف\n\nأحكام خاصة:\n- إذا لم يُدفع الميري من ريع الوقف، يحق للدولة المطالبة به من ناظر الوقف\n- لا يجوز بيع الأرض الموقوفة إلا في حالات الاستبدال الشرعي\n- يجوز تأجير الأرض الموقوفة بعقد إجارة طويلة (حكر)"", ""source"": ""قانون الأراضي العثماني 1858"", ""category"": ""law"", ""tags"": ""وقف، أراضي أميرية، إرادة سنية، ناظر وقف"", ""isActive"": ""1"", ""createdAt"": ""FROM_UNIXTIME(1767919514)"", ""updatedAt"": ""FROM_UNIXTIME(1767919514)""}",21d20b3e22f79b9b
scripts/bulk-import.sql,knowledge_documents,4,مجلة الأحكام العدلية - المادة 1: تعريف الوقف,"[""title"", ""content"", ""source"", ""category"", ""tags"", ""isActive"", ""createdAt"", ""updatedAt""]","{""title"": ""مجلة الأحكام العدلية - المادة 1: تعريف الوقف"", ""content"": ""المادة الأولى: الوقف هو حبس العين عن تمليكها لأحد من العباد، والتصدق بالمنفعة على الفقراء أو على وجه من وجوه الخير.\n\nشرح التعريف:\n- حبس العين: منع بيعها أو هبتها أو توريثها\n- عن تمليكها: لا تصبح ملكاً لأحد بعد الوقف\n- التصدق بالمنفعة: الانتفاع بريع الوقف يكون للجهة الموقوف عليها\n\nأركان الوقف:\n1. الواقف: من يقوم بالوقف\n2. الموقوف: العين التي يتم وقفها\n3. الموقوف عليه: الجهة المستفيدة من الوقف\n4. الصيغة: لفظ الوقف الصريح\n\nشروط الواقف:\n- أن يكون بالغاً عاقلاً\n- أن يكون مالكاً للعين الموقوفة\n- أن يكون مختاراً غير مكره"", ""source"": ""مجلة الأحكام العدلية - كتاب الوقف"", ""category"": ""jurisprudence"", ""tags"": ""وقف، تعريف، أركان، شروط"", ""isActive"": ""1"", ""createdAt"": ""FROM_UNIXTIME(1767919514)"", ""updatedAt"": ""FROM_UNIXTIME(1767919514)""}",6037a80de3c8070a
scripts/bulk-import.sql,knowledge_documents,5,مجلة الأحكام العدلية - المادة 5: شروط صحة الوقف,"[""title"", ""content"", ""source"", ""category"", ""tags"", ""isActive"", ""createdAt"", ""updatedAt""]","{""title"": ""مجلة الأحكام العدلية - المادة 5: شروط صحة الوقف"", ""content"": ""المادة الخامسة: يشترط لصحة الوقف:\n\n1. أن يكون الموقوف مالاً متقوماً: أي له قيمة مالية شرعاً\n2. أن يكون معلوماً: محدداً بالوصف أو المشاهدة\n3. أن يكون مملوكاً للواقف: ملكية تامة صحيحة\n4. أن يكون قابلاً للانتفاع مع بقاء عينه: كالعقار والأثاث\n5. أن يكون الوقف مؤبداً: لا يجوز توقيته بمدة معينة\n6. أن تكون الجهة الموقوف عليها معلومة: محددة بوضوح\n7. أن تكون الجهة الموقوف عليها جهة بر: لا تكون معصية\n\nالأموال التي لا يصح وقفها:\n- المنقولات التي تستهلك بالاستعمال (كالطعام)\n- الأموال المغصوبة أو المسروقة\n- الأموال المجهولة أو غير المحددة"", ""source"": ""مجلة الأحكام العدلية - كتاب الوقف"", ""category"": ""jurisprudence"", ""tags"": ""شروط الوقف، صحة الوقف، أحكام"", ""isActive"": ""1"", ""createdAt"": ""FROM_UNIXTIME(1767919514)"", ""updatedAt"": ""FROM_UNIXTIME(1767919514)""}",bfef08453aa0a857
scripts/bulk-import.sql,knowledge_documents,6,قانون الأوقاف الأردني رقم 23 لسنة 1964 - المادة 1: التعاريف,"[""title"", ""content"", ""source"", ""category"", ""tags"", ""isActive"", ""createdAt"", ""updatedAt""]","{""title"": ""قانون الأوقاف الأردني رقم 23 لسنة 1964 - المادة 1: التعاريف"", ""content"": ""المادة 1: تعاريف\n\nفي هذا القانون، يكون للكلمات والعبارات التالية المعاني المخصصة لها أدناه ما لم تدل القرينة على خلاف ذلك:\n\nالوزارة: وزارة الأوقاف والشؤون والمقدسات الإسلامية\nالوزير: وزير الأوقاف والشؤون والمقدسات الإسلامية\nالوقف: حبس العين عن تمليكها لأحد من العباد والتصدق بالمنفعة على الفقراء أو على وجه من وجوه الخير\nالوقف الخيري: ما وقف على جهة بر عامة كالفقراء والمساجد والمدارس\nالوقف الذري: ما وقف على الذرية والأولاد\nالناظر: من يتولى إدارة الوقف والإشراف عليه\nالمتولي: من يتولى إدارة الوقف الذري\nالريع: الدخل الناتج عن الوقف"", ""source"": ""قانون الأوقاف الأردني رقم 23 لسنة 1964"", ""category"": ""law"", ""tags"": ""قانون أردني، تعاريف، وقف خيري، وقف ذري"", ""isActive"": ""1"", ""createdAt"": ""FROM_UNIXTIME(1767919514)"", ""updatedAt"": ""FROM_UNIXTIME(1767919514)""}",9efa5282d3789885
scripts/bulk-import.sql,knowledge_documents,7,قانون الأوقاف الأردني - المادة 10: إدارة الأوقاف,"[""title"", ""content"", ""source"", ""category"", ""tags"", ""isActive"", ""createdAt"", ""updatedAt""]","{""title"": ""قانون الأوقاف الأردني - المادة 10: إدارة الأوقاف"", ""content"": ""المادة 10: تتولى وزارة الأوقاف إدارة الأوقاف الخيرية والإشراف على الأوقاف الذرية.\n\nصلاحيات الوزارة:\n1. إدارة الأوقاف الخيرية واستثمارها\n2. تعيين النظار والمتولين\n3. الإشراف على صرف ريع الأوقاف\n4. صيانة الأوقاف وعمارتها\n5. استبدال الأوقاف عند الضرورة\n6. رفع الدعاوى القضائية المتعلقة بالأوقاف\n7. قبول الأوقاف الجديدة\n\nواجبات الناظر:\n- المحافظة على الوقف وعمارته\n- استثمار الوقف بالطرق الشرعية\n- صرف الريع على الجهات المستحقة\n- تقديم حساب سنوي للوزارة\n- عدم التصرف في الوقف إلا بإذن من الوزارة"", ""source"": ""قانون الأوقاف الأردني رقم 23 لسنة 1964"", ""category"": ""law"", ""tags"": ""إدارة أوقاف، ناظر، وزارة أوقاف"", ""isActive"": ""1"", ""createdAt"": ""FROM_UNIXTIME(1767919514)"", ""updatedAt"": ""FROM_UNIXTIME(1767919514)""}",405be8aedb24221e
scripts/bulk-import.sql,knowledge_documents,8,قانون الأراضي العثماني - المادة 4: الأراضي الموقوفة,"[""title"", ""content"", ""source"", ""category"", ""tags"", ""isActive"", ""createdAt"", ""updatedAt""]","{""title"": ""قانون الأراضي العثماني - المادة 4: الأراضي الموقوفة"", ""content"": ""الأراضي الموقوفة هي الأراضي التي أوقفها أصحابها على جهة بر أو خير. ولا يجوز بيعها أو رهنها أو توريثها، وإنما تبقى على ملك الموقوف عليهم أو الجهة الموقوف عليها."", ""source"": ""قانون الأراضي العثماني (1858)"", ""category"": ""law"", ""tags"": ""قانون الأراضي، الوقف، الأراضي الموقوفة"", ""isActive"": ""1"", ""createdAt"": ""FROM_UNIXTIME(1767919514)"", ""updatedAt"": ""FROM_UNIXTIME(1767919514)""}",04c75fc89cbdf45d
scripts/bulk-import.sql,knowledge_documents,9,قانون الأراضي العثماني - المادة 36: حقوق المتولي,"[""title"", ""content"", ""source"", ""category"", ""tags"", ""isActive"", ""createdAt"", ""updatedAt""]","{""title"": ""قانون الأراضي العثماني - المادة 36: حقوق المتولي"", ""content"": ""للمتولي على الوقف حق الإدارة والنظر في شؤونه، وله أن يؤجر الأرض الموقوفة بما يحقق مصلحة الوقف، ولا يجوز له التصرف فيها بالبيع أو الرهن."", ""source"": ""قانون الأراضي العثماني (1858)"", ""category"": ""law"", ""tags"": ""المتولي، إدارة الوقف، حقوق المتولي"", ""isActive"": ""1"", ""createdAt"": ""FROM_UNIXTIME(1767919514)"", ""updatedAt"": ""FROM_UNIXTIME(1767919514)""}",e6e8ba2192f8e400
scripts/bulk-import.sql,knowledge_documents,10,مجلة الأحكام العدلية - المادة 2: أركان الوقف,"[""title"", ""content"", ""source"", ""category"", ""tags"", ""isActive"", ""createdAt"", ""updatedAt""]","{""title"": ""مجلة الأحكام العدلية - المادة 2: أركان الوقف"", ""content"": ""أركان الوقف أربعة: الواقف، والموقوف، والموقوف عليه، والصيغة. ولا يصح الوقف إلا باجتماع هذه الأركان الأربعة."", ""source"": ""مجلة الأحكام العدلية"", ""category"": ""reference"", ""tags"": ""أركان الوقف، الواقف، الموقوف عليه"", ""isActive"": ""1"", ""createdAt"": ""FROM_UNIXTIME(1767919514)"", ""updatedAt"": ""FROM_UNIXTIME(1767919514)""}",7d4e695fd03070e1
scripts/bulk-import.sql,knowledge_documents,11,مجلة الأحكام العدلية - المادة 3: شروط الواقف,"[""title"", ""content"", ""source"", ""category"", ""tags"", ""isActive"", ""createdAt"", ""updatedAt""]","{""title"": ""مجلة الأحكام العدلية - المادة 3: شروط الواقف"", ""content"": ""يشترط في الواقف أن يكون حراً مكلفاً مالكاً للموقوف، فلا يصح وقف العبد ولا الصبي ولا المجنون ولا من لا يملك الموقوف."", ""source"": ""مجلة الأحكام العدلية"", ""category"": ""reference"", ""tags"": ""شروط الواقف، الأهلية، الملكية"", ""isActive"": ""1"", ""createdAt"": ""FROM_UNIXTIME(1767919514)"", ""updatedAt"": ""FROM_UNIXTIME(1767919514)""}",ca3ccf170e34c9a3
scripts/bulk-import.sql,knowledge_documents,12,مجلة الأحكام العدلية - المادة 6: استبدال الوقف,"[""title"", ""content"", ""source"", ""category"", ""tags"", ""isActive"", ""createdAt"", ""updatedAt""]","{""title"": ""مجلة الأحكام العدلية - المادة 6: استبدال الوقف"", ""content"": ""لا يجوز استبدال الوقف إلا إذا تعطلت منافعه بالكلية، أو كان في الاستبدال مصلحة ظاهرة للوقف، وبإذن القاضي."", ""source"": ""مجلة الأحكام العدلية"", ""category"": ""reference"", ""tags"": ""استبدال الوقف، المصلحة، القاضي"", ""isActive"": ""1"", ""createdAt"": ""FROM_UNIXTIME(1767919514)"", ""updatedAt"": ""FROM_UNIXTIME(1767919514)""}",18ec6d15f52e636e
scripts/bulk-import.sql,knowledge_documents,13,قانون الأوقاف الأردني - المادة 2: تعريف الوقف الخيري,"[""title"", ""content"", ""source"", ""category"", ""tags"", ""isActive"", ""createdAt"", ""updatedAt""]","{""title"": ""قانون الأوقاف الأردني - المادة 2: تعريف الوقف الخيري"", ""content"": ""الوقف الخيري هو ما وقف على جهة بر وخير ابتداءً كالمساجد والمدارس والمستشفيات ودور الأيتام."", ""source"": ""قانون الأوقاف الأردني رقم 23 لسنة 1964"", ""category"": ""law"", ""tags"": ""الوقف الخيري، جهات البر، المساجد"", ""isActive"": ""1"", ""createdAt"": ""FROM_UNIXTIME(1767919514)"", ""updatedAt"": ""FROM_UNIXTIME(1767919514)""}",b41c8f9880a4dc61
scripts/bulk-import.sql,knowledge_documents,14,قانون الأوقاف الأردني - المادة 3: الوقف الذري,"[""title"", ""content"", ""source"", ""category"", ""tags"", ""isActive"", ""createdAt"", ""updatedAt""]","{""title"": ""قانون الأوقاف الأردني - المادة 3: الوقف الذري"", ""content"": ""الوقف الذري هو ما وقف على الذرية ابتداءً ثم على جهة بر وخير انتهاءً."", ""source"": ""قانون الأوقاف الأردني رقم 23 لسنة 1964"", ""category"": ""law"", ""tags"": ""الوقف الذري، الذرية، الوقف الأهلي"", ""isActive"": ""1"", ""createdAt"": ""FROM_UNIXTIME(1767919514)"", ""updatedAt"": ""FROM_UNIXTIME(1767919514)""}",550ca54474cde63a
scripts/bulk-import.sql,knowledge_documents,15,قانون الأوقاف الأردني - المادة 15: صلاحيات المتولي,"[""title"", ""content"", ""source"", ""category"", ""tags"", ""isActive"", ""createdAt"", ""updatedAt""]","{""title"": ""قانون الأوقاف الأردني - المادة 15: صلاحيات المتولي"", ""content"": ""للمتولي إدارة الوقف وتأجير أعيانه واستثمارها بما يحقق مصلحة الوقف، وله أن يقاضي ويقاضى باسم الوقف."", ""source"": ""قانون الأوقاف الأردني رقم 23 لسنة 1964"", ""category"": ""law"", ""tags"": ""المتولي، الإدارة، التأجير"", ""isActive"": ""1"", ""createdAt"": ""FROM_UNIXTIME(1767919514)"", ""updatedAt"": ""FROM_UNIXTIME(1767919514)""}",ec8c439af278d1aa
scripts/bulk-import.sql,knowledge_documents,16,قانون الأوقاف الأردني - المادة 20: الإشراف على الأوقاف,"[""title"", ""content"", ""source"", ""category"", ""tags"", ""isActive"", ""createdAt"", ""updatedAt""]","{""title"": ""قانون الأوقاف الأردني - المادة 20: الإشراف على الأوقاف"", ""content"": ""تشرف وزارة الأوقاف على جميع الأوقاف الخيرية والذرية، ولها حق الرقابة والتفتيش على أعمال المتولين."", ""source"": ""قانون الأوقاف الأردني رقم 23 لسنة 1964"", ""category"": ""law"", ""tags"": ""وزارة الأوقاف، الإشراف، الرقابة"", ""isActive"": ""1"", ""createdAt"": ""FROM_UNIXTIME(1767919514)"", ""updatedAt"": ""FROM_UNIXTIME(1767919514)""}",847c0cfd6c9a92c7
scripts/bulk-import.sql,knowledge_documents,17,قرار بقانون رقم 1 لسنة 2018 - المادة 2: أهداف الوزارة,"[""title"", ""content"", ""source"", ""category"", ""tags"", ""isActive"", ""createdAt"", ""updatedAt""]","{""title"": ""قرار بقانون رقم 1 لسنة 2018 - المادة 2: أهداف الوزارة"", ""content"": ""تهدف وزارة الأوقاف والشؤون الدينية إلى إدارة وتنظيم الأوقاف الإسلامية وحمايتها وتنميتها واستثمارها."", ""source"": ""قرار بقانون رقم (1) لسنة 2018 بشأن الأوقاف الإسلامية"", ""category"": ""law"", ""tags"": ""وزارة الأوقاف، الأهداف، الإدارة"", ""isActive"": ""1"", ""createdAt"": ""FROM_UNIXTIME(1767919514)"", ""updatedAt"": ""FROM_UNIXTIME(1767919514)""}",4b6043c3fd0706bd
scripts/bulk-import.sql,knowledge_documents,18,قرار بقانون 2018 - المادة 5: المجلس الأعلى للأوقاف,"[""title"", ""content"", ""source"", ""category"", ""tags"", ""isActive"", ""createdAt"", ""updatedAt""]","{""title"": ""قرار بقانون 2018 - المادة 5: المجلس الأعلى للأوقاف"", ""content"": ""يشكل مجلس أعلى للأوقاف برئاسة الوزير وعضوية ممثلين عن الجهات ذات العلاقة، ويختص بوضع السياسات العامة للأوقاف."", ""source"": ""قرار بقانون رقم (1) لسنة 2018"", ""category"": ""law"", ""tags"": ""المجلس الأعلى، السياسات، الوزير"", ""isActive"": ""1"", ""createdAt"": ""FROM_UNIXTIME(1767919514)"", ""updatedAt"": ""FROM_UNIXTIME(1767919514)""}",9788e025191f5aff
scripts/bulk-import.sql,knowledge_documents,19,قرار بقانون 2018 - المادة 10: حماية الأوقاف,"[""title"", ""content"", ""source"", ""category"", ""tags"", ""isActive"", ""createdAt"", ""updatedAt""]","{""title"": ""قرار بقانون 2018 - المادة 10: حماية الأوقاف"", ""content"": ""تتمتع الأوقاف بالحماية القانونية، ولا يجوز الاعتداء عليها أو الاستيلاء عليها أو تغيير معالمها."", ""source"": ""قرار بقانون رقم (1) لسنة 2018"", ""category"": ""law"", ""tags"": ""حماية الأوقاف، الاعتداء، الاستيلاء"", ""isActive"": ""1"", ""createdAt"": ""FROM_UNIXTIME(1767919514)"", ""updatedAt"": ""FROM_UNIXTIME(1767919514)""}",00a3af581356a94c
scripts/bulk-import.sql,knowledge_documents,20,الفقه الحنفي - تعريف الوقف,"[""title"", ""content"", ""source"", ""category"", ""tags"", ""isActive"", ""createdAt"", ""updatedAt""]","{""title"": ""الفقه الحنفي - تعريف الوقف"", ""content"": ""الوقف في الفقه الحنفي هو حبس العين على ملك الواقف والتصدق بالمنفعة. فالعين تبقى على ملك الواقف، والمنفعة تصرف في الجهة الموقوف عليها."", ""source"": ""الفقه الحنفي - كتاب الوقف"", ""category"": ""jurisprudence"", ""tags"": ""الفقه الحنفي، تعريف الوقف، حبس العين"", ""isActive"": ""1"", ""createdAt"": ""FROM_UNIXTIME(1767919514)"", ""updatedAt"": ""FROM_UNIXTIME(1767919514)""}",be1791a367a1e0c9
scripts/bulk-import.sql,knowledge_documents,21,الفقه الحنفي - شروط صحة الوقف,"[""title"", ""content"", ""source"", ""category"", ""tags"", ""isActive"", ""createdAt"", ""updatedAt""]","{""title"": ""الفقه الحنفي - شروط صحة الوقف"", ""content"": ""يشترط لصحة الوقف في المذهب الحنفي: التأبيد، والقربة، وخروج الموقوف عن ملك الواقف حكماً، والقبول من الموقوف عليه إن كان معيناً."", ""source"": ""الفقه الحنفي - كتاب الوقف"", ""category"": ""jurisprudence"", ""tags"": ""شروط الوقف، التأبيد، القربة"", ""isActive"": ""1"", ""createdAt"": ""FROM_UNIXTIME(1767919514)"", ""updatedAt"": ""FROM_UNIXTIME(1767919514)""}",acfff01ce9ec9c70
scripts/bulk-import.sql,knowledge_documents,22,الفقه الحنفي - وقف المنقول,"[""title"", ""content"", ""source"", ""category"", ""tags"", ""isActive"", ""createdAt"", ""updatedAt""]","{""title"": ""الفقه الحنفي - وقف المنقول"", ""content"": ""لا يجوز وقف المنقول في المذهب الحنفي إلا ما جرى به العرف والتعامل كالكتب والسلاح، أو ما كان تابعاً لوقف العقار."", ""source"": ""الفقه الحنفي - كتاب الوقف"", ""category"": ""jurisprudence"", ""tags"": ""وقف المنقول، العرف، التعامل"", ""isActive"": ""1"", ""createdAt"": ""FROM_UNIXTIME(1767919514)"", ""updatedAt"": ""FROM_UNIXTIME(1767919514)""}",87077a71cb12464f
scripts/bulk-import.sql,knowledge_documents,23,الفقه الحنفي - استبدال الوقف,"[""title"", ""content"", ""source"", ""category"", ""tags"", ""isActive"", ""createdAt"", ""updatedAt""]","{""title"": ""الفقه الحنفي - استبدال الوقف"", ""content"": ""لا يجوز استبدال الوقف في المذهب الحنفي إلا إذا تعطلت منافعه بالكلية، وكان في الاستبدال مصلحة ظاهرة، وبإذن القاضي."", ""source"": ""الفقه الحنفي - كتاب الوقف"", ""category"": ""jurisprudence"", ""tags"": ""استبدال الوقف، المصلحة، القاضي"", ""isActive"": ""1"", ""createdAt"": ""FROM_UNIXTIME(1767919514)"", ""updatedAt"": ""FROM_UNIXTIME(1767919514)""}",be7c48afafac8693
scripts/bulk-import.sql,knowledge_documents,24,أوقاف القدس التاريخية - المسجد الأقصى,"[""title"", ""content"", ""source"", ""category"", ""tags"", ""isActive"", ""createdAt"", ""updatedAt""]","{""title"": ""أوقاف القدس التاريخية - المسجد الأقصى"", ""content"": ""المسجد الأقصى المبارك وقف إسلامي خالص منذ الفتح الإسلامي، ولا يجوز التصرف فيه أو في أي جزء منه."", ""source"": ""دراسات تاريخية عن أوقاف القدس"", ""category"": ""historical"", ""tags"": ""المسجد الأقصى، القدس، الوقف الإسلامي"", ""isActive"": ""1"", ""createdAt"": ""FROM_UNIXTIME(1767919514)"", ""updatedAt"": ""FROM_UNIXTIME(1767919514)""}",db719c3e0cbe9657
scripts/bulk-import.sql,knowledge_documents,25,أوقاف القدس - الأوقاف الصلاحية,"[""title"", ""content"", ""source"", ""category"", ""tags"", ""isActive"", ""createdAt"", ""updatedAt""]","{""title"": ""أوقاف القدس - الأوقاف الصلاحية"", ""content"": ""أوقف صلاح الدين الأيوبي العديد من الأراضي والعقارات في القدس لخدمة المسجد الأقصى والفقراء والمساكين."", ""source"": ""تاريخ أوقاف القدس"", ""category"": ""historical"", ""tags"": ""صلاح الدين، الأوقاف الصلاحية، القدس"", ""isActive"": ""1"", ""createdAt"": ""FROM_UNIXTIME(1767919514)"", ""updatedAt"": ""FROM_UNIXTIME(1767919514)""}",95856c4c15d00b8e
scripts/bulk-import.sql,knowledge_documents,26,أوقاف القدس - الزوايا والتكايا,"[""title"", ""content"", ""source"", ""category"", ""tags"", ""isActive"", ""createdAt"", ""updatedAt""]","{""title"": ""أوقاف القدس - الزوايا والتكايا"", ""content"": ""انتشرت الزوايا والتكايا الموقوفة في القدس لخدمة الفقراء والمسافرين وطلاب العلم، وكانت تمول من ريع الأوقاف."", ""source"": ""تاريخ أوقاف القدس"", ""category"": ""historical"", ""tags"": ""الزوايا، التكايا، الأوقاف الخيرية"", ""isActive"": ""1"", ""createdAt"": ""FROM_UNIXTIME(1767919514)"", ""updatedAt"": ""FROM_UNIXTIME(1767919514)""}",4691365f080905ca
scripts/bulk-import.sql,knowledge_documents,27,أوقاف القدس - المدارس الوقفية,"[""title"", ""content"", ""source"", ""category"", ""tags"", ""isActive"", ""createdAt"", ""updatedAt""]","{""title"": ""أوقاف القدس - المدارس الوقفية"", ""content"": ""أنشئت العديد من المدارس الوقفية في القدس لتعليم القرآن والعلوم الشرعية، وكانت تمول من ريع الأوقاف."", ""source"": ""تاريخ التعليم في القدس"", ""category"": ""historical"", ""tags"": ""المدارس الوقفية، التعليم، القدس"", ""isActive"": ""1"", ""createdAt"": ""FROM_UNIXTIME(1767919514)"", ""updatedAt"": ""FROM_UNIXTIME(1767919514)""}",1d3664ea342eb2b0
scripts/bulk-import.sql,knowledge_documents,28,قانون أملاك الغائبين الإسرائيلي 1950 - التعريف,"[""title"", ""content"", ""source"", ""category"", ""tags"", ""isActive"", ""createdAt"", ""updatedAt""]","{""title"": ""قانون أملاك الغائبين الإسرائيلي 1950 - التعريف"", ""content"": ""يعرف القانون الإسرائيلي 'الغائب' بأنه كل من ترك مكان إقامته في فلسطين قبل 1948 أو بعده، وتم الاستيلاء على أملاكه."", ""source"": ""قانون أملاك الغائبين الإسرائيلي (1950)"", ""category"": ""law"", ""tags"": ""أملاك الغائبين، الاستيلاء، فلسطين"", ""isActive"": ""1"", ""createdAt"": ""FROM_UNIXTIME(1767919514)"", ""updatedAt"": ""FROM_UNIXTIME(1767919514)""}",70e0a054eb51cf8e
scripts/bulk-import.sql,knowledge_documents,29,قانون أملاك الغائبين - الأوقاف,"[""title"", ""content"", ""source"", ""category"", ""tags"", ""isActive"", ""createdAt"", ""updatedAt""]","{""title"": ""قانون أملاك الغائبين - الأوقاف"", ""content"": ""استولت إسرائيل على العديد من الأوقاف الإسلامية بحجة أنها أملاك غائبين، رغم أن الوقف لا يملكه شخص معين."", ""source"": ""قانون أملاك الغائبين الإسرائيلي (1950)"", ""category"": ""law"", ""tags"": ""الأوقاف، الاستيلاء، أملاك الغائبين"", ""isActive"": ""1"", ""createdAt"": ""FROM_UNIXTIME(1767919514)"", ""updatedAt"": ""FROM_UNIXTIME(1767919514)""}",cc74aa009f675dad
scripts/bulk-import.sql,knowledge_documents,30,الانتداب البريطاني - قانون الأوقاف 1922,"[""title"", ""content"", ""source"", ""category"", ""tags"", ""isActive"", ""createdAt"", ""updatedAt""]","{""title"": ""الانتداب البريطاني - قانون الأوقاف 1922"", ""content"": ""أصدرت سلطات الانتداب البريطاني قانون الأوقاف عام 1922 الذي نظم إدارة الأوقاف وأنشأ المجلس الإسلامي الأعلى."", ""source"": ""قوانين الانتداب البريطاني"", ""category"": ""historical"", ""tags"": ""الانتداب البريطاني، قانون الأوقاف، المجلس الإسلامي"", ""isActive"": ""1"", ""createdAt"": ""FROM_UNIXTIME(1767919514)"", ""updatedAt"": ""FROM_UNIXTIME(1767919514)""}",4f5423e364fe5274
scripts/bulk-import.sql,knowledge_documents,31,المجلس الإسلامي الأعلى - الصلاحيات,"[""title"", ""content"", ""source"", ""category"", ""tags"", ""isActive"", ""createdAt"", ""updatedAt""]","{""title"": ""المجلس الإسلامي الأعلى - الصلاحيات"", ""content"": ""كان للمجلس الإسلامي الأعلى صلاحيات واسعة في إدارة الأوقاف والمحاكم الشرعية والشؤون الدينية في فلسطين."", ""source"": ""تاريخ المجلس الإسلامي الأعلى"", ""category"": ""historical"", ""tags"": ""المجلس الإسلامي، الصلاحيات، الإدارة"", ""isActive"": ""1"", ""createdAt"": ""FROM_UNIXTIME(1767919514)"", ""updatedAt"": ""FROM_UNIXTIME(1767919514)""}",5c08a1c584123893
scripts/bulk-import.sql,knowledge_documents,32,الحاج أمين الحسيني - رئيس المجلس الإسلامي,"[""title"", ""content"", ""source"", ""category"", ""tags"", ""isActive"", ""createdAt"", ""updatedAt""]","{""title"": ""الحاج أمين الحسيني - رئيس المجلس الإسلامي"", ""content"": ""ترأس الحاج أمين الحسيني المجلس الإسلامي الأعلى وعمل على تطوير الأوقاف وترميم المسجد الأقصى."", ""source"": ""سيرة الحاج أمين الحسيني"", ""category"": ""historical"", ""tags"": ""الحاج أمين، المجلس الإسلامي، الأقصى"", ""isActive"": ""1"", ""createdAt"": ""FROM_UNIXTIME(1767919514)"", ""updatedAt"": ""FROM_UNIXTIME(1767919514)""}",9d8c6d6a17825f59
scripts/bulk-import.sql,knowledge_documents,33,ترميم المسجد الأقصى - الفترة البريطانية,"[""title"", ""content"", ""source"", ""category"", ""tags"", ""isActive"", ""createdAt"", ""updatedAt""]","{""title"": ""ترميم المسجد الأقصى - الفترة البريطانية"", ""content"": ""قام المجلس الإسلامي الأعلى بترميمات واسعة للمسجد الأقصى في الثلاثينيات، ممولة من تبرعات المسلمين وريع الأوقاف."", ""source"": ""تاريخ ترميم الأقصى"", ""category"": ""historical"", ""tags"": ""ترميم الأقصى، المجلس الإسلامي، التبرعات"", ""isActive"": ""1"", ""createdAt"": ""FROM_UNIXTIME(1767919514)"", ""updatedAt"": ""FROM_UNIXTIME(1767919514)""}",b5c60d39dd143811
scripts/bulk-import.sql,knowledge_documents,34,الأوقاف في الضفة الغربية - الإدارة الأردنية,"[""title"", ""content"", ""source"", ""category"", ""tags"", ""isActive"", ""createdAt"", ""updatedAt""]","{""title"": ""الأوقاف في الضفة الغربية - الإدارة الأردنية"", ""content"": ""أدارت الأردن الأوقاف في الضفة الغربية من 1948 إلى 1967 وفق قانون الأوقاف الأردني رقم 23 لسنة 1964."", ""source"": ""تاريخ الأوقاف في الضفة الغربية"", ""category"": ""historical"", ""tags"": ""الإدارة الأردنية، الضفة الغربية، الأوقاف"", ""isActive"": ""1"", ""createdAt"": ""FROM_UNIXTIME(1767919514)"", ""updatedAt"": ""FROM_UNIXTIME(1767919514)""}",98e13ba3237ec5f0
scripts/bulk-import.sql,knowledge_documents,35,الأوقاف بعد 1967 - الاحتلال الإسرائيلي,"[""title"", ""content"", ""source"", ""category"", ""tags"", ""isActive"", ""createdAt"", ""updatedAt""]","{""title"": ""الأوقاف بعد 1967 - الاحتلال الإسرائيلي"", ""content"": ""استولت إسرائيل على العديد من الأوقاف في القدس والضفة الغربية بعد 1967، وفرضت قيوداً على إدارتها."", ""source"": ""الأوقاف تحت الاحتلال"", ""category"": ""historical"", ""tags"": ""الاحتلال، الاستيلاء، القدس"", ""isActive"": ""1"", ""createdAt"": ""FROM_UNIXTIME(1767919514)"", ""updatedAt"": ""FROM_UNIXTIME(1767919514)""}",73fa2dde1de07bec
scripts/bulk-import.sql,knowledge_documents,36,حارة المغاربة - الهدم,"[""title"", ""content"", ""source"", ""category"", ""tags"", ""isActive"", ""createdAt"", ""updatedAt""]","{""title"": ""حارة المغاربة - الهدم"", ""content"": ""هدمت إسرائيل حارة المغاربة الوقفية بالكامل عام 1967، وشردت سكانها لإنشاء ساحة البراق."", ""source"": ""تاريخ حارة المغاربة"", ""category"": ""historical"", ""tags"": ""حارة المغاربة، الهدم، الاحتلال"", ""isActive"": ""1"", ""createdAt"": ""FROM_UNIXTIME(1767919514)"", ""updatedAt"": ""FROM_UNIXTIME(1767919514)""}",89d4e6ee261bab16
scripts/bulk-import.sql,knowledge_documents,37,وقف أبو مدين الغوث - القدس,"[""title"", ""content"", ""source"", ""category"", ""tags"", ""isActive"", ""createdAt"", ""updatedAt""]","{""title"": ""وقف أبو مدين الغوث - القدس"", ""content"": ""وقف أبو مدين الغوث من أقدم الأوقاف في القدس، ويشمل عقارات ومساجد ومدارس، وتعرض للاستيلاء الإسرائيلي."", ""source"": ""أوقاف القدس التاريخية"", ""category"": ""historical"", ""tags"": ""أبو مدين، الأوقاف، القدس"", ""isActive"": ""1"", ""createdAt"": ""FROM_UNIXTIME(1767919514)"", ""updatedAt"": ""FROM_UNIXTIME(1767919514)""}",8fc3f49daaa32436
scripts/bulk-import.sql,knowledge_documents,38,الفقه المالكي - تعريف الوقف,"[""title"", ""content"", ""source"", ""category"", ""tags"", ""isActive"", ""createdAt"", ""updatedAt""]","{""title"": ""الفقه المالكي - تعريف الوقف"", ""content"": ""الوقف في المذهب المالكي هو جعل المنفعة للموقوف عليه ولو في المآل، مع بقاء العين على ملك الواقف أو على حكم ملكه."", ""source"": ""الفقه المالكي - كتاب الوقف"", ""category"": ""jurisprudence"", ""tags"": ""الفقه المالكي، تعريف الوقف، المنفعة"", ""isActive"": ""1"", ""createdAt"": ""FROM_UNIXTIME(1767919514)"", ""updatedAt"": ""FROM_UNIXTIME(1767919514)""}",79f19cf34304f2f3
scripts/bulk-import.sql,knowledge_documents,39,الفقه الشافعي - تعريف الوقف,"[""title"", ""content"", ""source"", ""category"", ""tags"", ""isActive"", ""createdAt"", ""updatedAt""]","{""title"": ""الفقه الشافعي - تعريف الوقف"", ""content"": ""الوقف في المذهب الشافعي هو حبس مال يمكن الانتفاع به مع بقاء عينه، بقطع التصرف في رقبته على مصرف مباح موجود."", ""source"": ""الفقه الشافعي - كتاب الوقف"", ""category"": ""jurisprudence"", ""tags"": ""الفقه الشافعي، تعريف الوقف، حبس المال"", ""isActive"": ""1"", ""createdAt"": ""FROM_UNIXTIME(1767919514)"", ""updatedAt"": ""FROM_UNIXTIME(1767919514)""}",c32fd63409b722d4
scripts/bulk-import.sql,knowledge_documents,40,الفقه الحنبلي - تعريف الوقف,"[""title"", ""content"", ""source"", ""category"", ""tags"", ""isActive"", ""createdAt"", ""updatedAt""]","{""title"": ""الفقه الحنبلي - تعريف الوقف"", ""content"": ""الوقف في المذهب الحنبلي هو تحبيس الأصل وتسبيل المنفعة، فتحبس العين ويسبل نفعها في سبيل الخير."", ""source"": ""الفقه الحنبلي - كتاب الوقف"", ""category"": ""jurisprudence"", ""tags"": ""الفقه الحنبلي، تعريف الوقف، تحبيس الأصل"", ""isActive"": ""1"", ""createdAt"": ""FROM_UNIXTIME(1767919514)"", ""updatedAt"": ""FROM_UNIXTIME(1767919514)""}",3fa5993c0f039e49
scripts/bulk-import.sql,knowledge_documents,41,شروط الموقوف - الفقه الإسلامي,"[""title"", ""content"", ""source"", ""category"", ""tags"", ""isActive"", ""createdAt"", ""updatedAt""]","{""title"": ""شروط الموقوف - الفقه الإسلامي"", ""content"": ""يشترط في الموقوف أن يكون مالاً متقوماً يمكن الانتفاع به مع بقاء عينه، كالعقار والحيوان والكتب."", ""source"": ""الفقه الإسلامي العام"", ""category"": ""jurisprudence"", ""tags"": ""شروط الموقوف، المال المتقوم، الانتفاع"", ""isActive"": ""1"", ""createdAt"": ""FROM_UNIXTIME(1767919514)"", ""updatedAt"": ""FROM_UNIXTIME(1767919514)""}",69802159d9a7b864
scripts/bulk-import.sql,knowledge_documents,42,الوقف على النفس - الخلاف الفقهي,"[""title"", ""content"", ""source"", ""category"", ""tags"", ""isActive"", ""createdAt"", ""updatedAt""]","{""title"": ""الوقف على النفس - الخلاف الفقهي"", ""content"": ""اختلف الفقهاء في جواز الوقف على النفس، فأجازه الحنفية والحنابلة، ومنعه المالكية والشافعية."", ""source"": ""الفقه المقارن - الوقف"", ""category"": ""jurisprudence"", ""tags"": ""الوقف على النفس، الخلاف الفقهي، المذاهب"", ""isActive"": ""1"", ""createdAt"": ""FROM_UNIXTIME(1767919514)"", ""updatedAt"": ""FROM_UNIXTIME(1767919514)""}",bd245a0c47bedfe4
scripts/bulk-import.sql,knowledge_documents,43,نظارة الوقف - الشروط والأحكام,"[""title"", ""content"", ""source"", ""category"", ""tags"", ""isActive"", ""createdAt"", ""updatedAt""]","{""title"": ""نظارة الوقف - الشروط والأحكام"", ""content"": ""للواقف أن يشترط النظارة لنفسه أو لغيره، وللناظر أن يتقاضى أجرة على عمله بقدر المعروف إن لم يشترط الواقف."", ""source"": ""الفقه الإسلامي - أحكام الوقف"", ""category"": ""jurisprudence"", ""tags"": ""نظارة الوقف، الناظر، الأجرة"", ""isActive"": ""1"", ""createdAt"": ""FROM_UNIXTIME(1767919514)"", ""updatedAt"": ""FROM_UNIXTIME(1767919514)""}",c8bea6a4f3d856de
scripts/bulk-import.sql,knowledge_documents,44,شرط الواقف - الالتزام به,"[""title"", ""content"", ""source"", ""category"", ""tags"", ""isActive"", ""createdAt"", ""updatedAt""]","{""title"": ""شرط الواقف - الالتزام به"", ""content"": ""شرط الواقف كنص الشارع في اللزوم، فيجب الالتزام بشروط الواقف ما لم تخالف الشرع."", ""source"": ""القواعد الفقهية - الوقف"", ""category"": ""jurisprudence"", ""tags"": ""شرط الواقف، الالتزام، الشرع"", ""isActive"": ""1"", ""createdAt"": ""FROM_UNIXTIME(1767919514)"", ""updatedAt"": ""FROM_UNIXTIME(1767919514)""}",ec1a9972f613208d
scripts/bulk-import.sql,knowledge_documents,45,الوقف المؤقت - حكمه,"[""title"", ""content"", ""source"", ""category"", ""tags"", ""isActive"", ""createdAt"", ""updatedAt""]","{""title"": ""الوقف المؤقت - حكمه"", ""content"": ""اختلف الفقهاء في جواز الوقف المؤقت، فأجازه المالكية ومنعه الجمهور، واشترطوا التأبيد في الوقف."", ""source"": ""الفقه المقارن - الوقف"", ""category"": ""jurisprudence"", ""tags"": ""الوقف المؤقت، التأبيد، الخلاف"", ""isActive"": ""1"", ""createdAt"": ""FROM_UNIXTIME(1767919514)"", ""updatedAt"": ""FROM_UNIXTIME(1767919514)""}",622036e2abcf629f
scripts/bulk-import.sql,knowledge_documents,46,الوقف على غير المسلمين - الحكم,"[""title"", ""content"", ""source"", ""category"", ""tags"", ""isActive"", ""createdAt"", ""updatedAt""]","{""title"": ""الوقف على غير المسلمين - الحكم"", ""content"": ""يجوز الوقف على غير المسلمين في أمور البر كالفقراء والمرضى، ولا يجوز على الكنائس والبيع."", ""source"": ""الفقه الإسلامي - أحكام الوقف"", ""category"": ""jurisprudence"", ""tags"": ""الوقف على غير المسلمين، البر، الجواز"", ""isActive"": ""1"", ""createdAt"": ""FROM_UNIXTIME(1767919514)"", ""updatedAt"": ""FROM_UNIXTIME(1767919514)""}",ff3a2601d5a723ef
scripts/bulk-import.sql,knowledge_documents,47,إحياء الوقف المتعطل - الأحكام,"[""title"", ""content"", ""source"", ""category"", ""tags"", ""isActive"", ""createdAt"", ""updatedAt""]","{""title"": ""إحياء الوقف المتعطل - الأحكام"", ""content"": ""إذا تعطل الوقف وخرب، فللناظر أو القاضي إحياؤه وتعميره من ريع الوقف أو من بيت المال إن لم يكن للوقف ريع."", ""source"": ""الفقه الإسلامي - إدارة الأوقاف"", ""category"": ""jurisprudence"", ""tags"": ""إحياء الوقف، التعمير، الناظر"", ""isActive"": ""1"", ""createdAt"": ""FROM_UNIXTIME(1767919514)"", ""updatedAt"": ""FROM_UNIXTIME(1767919514)""}",429a31aae708ed45
scripts/bulk-import.sql,knowledge_documents,48,الوقف الأهلي - التعريف والأحكام,"[""title"", ""content"", ""source"", ""category"", ""tags"", ""isActive"", ""createdAt"", ""updatedAt""]","{""title"": ""الوقف الأهلي - التعريف والأحكام"", ""content"": ""الوقف الأهلي هو ما وقف على الذرية والأقارب ثم على جهة بر، وله أحكام خاصة في الإدارة والتوزيع."", ""source"": ""الفقه الإسلامي - أنواع الوقف"", ""category"": ""jurisprudence"", ""tags"": ""الوقف الأهلي، الذرية، الأقارب"", ""isActive"": ""1"", ""createdAt"": ""FROM_UNIXTIME(1767919514)"", ""updatedAt"": ""FROM_UNIXTIME(1767919514)""}",829e5eb41ec56d30
scripts/bulk-import.sql,knowledge_documents,49,الوقف المشترك - الأحكام,"[""title"", ""content"", ""source"", ""category"", ""tags"", ""isActive"", ""createdAt"", ""updatedAt""]","{""title"": ""الوقف المشترك - الأحكام"", ""content"": ""يجوز أن يشترك أكثر من واحد في وقف عين واحدة، ولكل منهم نصيبه في الثواب والأجر."", ""source"": ""الفقه الإسلامي - أحكام الوقف"", ""category"": ""jurisprudence"", ""tags"": ""الوقف المشترك، الاشتراك، النصيب"", ""isActive"": ""1"", ""createdAt"": ""FROM_UNIXTIME(1767919514)"", ""updatedAt"": ""FROM_UNIXTIME(1767919514)""}",7c71d653bb491e8a
scripts/bulk-import.sql,knowledge_documents,50,الوقف على المساجد - الفضل والأحكام,"[""title"", ""content"", ""source"", ""category"", ""tags"", ""isActive"", ""createdAt"", ""updatedAt""]","{""title"": ""الوقف على المساجد - الفضل والأحكام"", ""content"": ""الوقف على المساجد من أفضل أنواع الوقف، ويشمل بناء المساجد والإنفاق على صيانتها وخدمتها."", ""source"": ""الفقه الإسلامي - فضائل الوقف"", ""category"": ""jurisprudence"", ""tags"": ""الوقف على المساجد، الفضل، البناء"", ""isActive"": ""1"", ""createdAt"": ""FROM_UNIXTIME(1767919514)"", ""updatedAt"": ""FROM_UNIXTIME(1767919514)""}",b8539f818cbbda9d
scripts/bulk-import.sql,knowledge_documents,51,قانون الأوقاف والشؤون الدينية رقم (26) لسنة 1966م وتعديلاته,"[""title"", ""content"", ""source"", ""category"", ""tags"", ""isActive"", ""createdAt"", ""updatedAt""]","{""title"": ""قانون الأوقاف والشؤون الدينية رقم (26) لسنة 1966م وتعديلاته"", ""content"": ""قانون الأوقاف والشؤون الدينية رقم (26) لسنة 1966م هو القانون الأساسي الذي ينظم شؤون الأوقاف في فلسطين. صدر في عهد المملكة الأردنية الهاشمية ولا يزال ساري المفعول مع تعديلات حتى عام 2023.\n\nأهم التعريفات:\n- الأوقاف والشؤون الدينية: الأموال المنقولة أو غير المنقولة الموقوفة على جهة بر لا تنقطع ابتداء أو انتهاء، والمساجد وملحقاتها والمقامات ودور التكايا والزوايا والمقابر الإسلامية.\n\nأهداف الوزارة:\n1. المحافظة على المساجد وأموال الأوقاف وصيانتها وتنميتها وإدارة شؤونها\n2. العناية بتطوير المسجد ليؤدي رسالته في مجالات التربية الإسلامية\n3. إذكاء روح التضحية والجهاد والثبات في الأمة\n4. تنمية الأخلاق الإسلامية وتمكينها في حياة المسلمين\n5. دعم النشاط الإسلامي العام والتعليم الديني\n6. نشر الثقافة الإسلامية والمحافظة على التراث الإسلامي\n\nالشخصية القانونية: للوزارة شخصية معنوية واستقلال مالي وإداري."", ""source"": ""https://mjr.ogb.gov.ps/MergedLegislations/ViewText/165/"", ""category"": ""law"", ""tags"": ""قانون الأوقاف، فلسطين، الأردن، الشؤون الدينية، المساجد، الوقف الخيري، التشريعات الإسلامية، وزارة الأوقاف"", ""isActive"": ""1"", ""createdAt"": ""FROM_UNIXTIME(1767919514)"", ""updatedAt"": ""FROM_UNIXTIME(1767919514)""}",e0414baf02cfa217
scripts/bulk-import.sql,knowledge_documents,52,قانون الأراضي العثماني 1858,"[""title"", ""content"", ""source"", ""category"", ""tags"", ""isActive"", ""createdAt"", ""updatedAt""]","{""title"": ""قانون الأراضي العثماني 1858"", ""content"": ""قانون الأراضي العثماني الصادر عام 1858 (1274 هجري) هو القانون الأساسي الذي ينظم ملكية الأراضي في فلسطين. لا يزال ساري النفاذ في الضفة الغربية وغزة.\n\nتقسيم الأراضي (المادة 1):\n1. الأراضي المملوكة: المحلات الحاصل التصرف بها على وجه الملكية\n2. الأراضي الأميرية: الأراضي التابعة لبيت المال\n3. الأراضي الموقوفة: الأراضي الموقوفة وفقاً للشرع\n4. الأراضي المتروكة: المخصصة لعموم الناس أو أهالي القرى\n5. الأراضي الموات: الأراضي الخالية البعيدة عن العمران\n\nالأراضي الموقوفة (المادة 4):\nالقسم الأول: الأراضي التي كانت من الأراضي المملوكة صحيحاً وأوقفت وفقاً للشرع الشريف. رقبتها وجميع حقوق التصرف بها عائدة إلى جانب الوقف.\n\nالقسم الثاني: الأراضي المفرزة من الأراضي الأميرية التي أوقفها السلاطين أو آخرون بالإذن السلطاني. وقفيتها عبارة عن تخصيص منافعها لجهة ما، ورقبتها تعود إلى بيت المال.\n\nالطابو: هو الرسم الذي يعطى في مقابلة حق التصرف في الأراضي الأميرية."", ""source"": ""https://maqam.najah.edu/legislation/169/"", ""category"": ""law"", ""tags"": ""قانون الأراضي العثماني، الأراضي الموقوفة، الطابو، الأراضي الأميرية، فلسطين، التشريعات العثمانية، الملكية العقارية"", ""isActive"": ""1"", ""createdAt"": ""FROM_UNIXTIME(1767919514)"", ""updatedAt"": ""FROM_UNIXTIME(1767919514)""}",498d97e8fc0e4712
scripts/bulk-import.sql,knowledge_documents,53,مجلة الأحكام العدلية - كتاب الوقف,"[""title"", ""content"", ""source"", ""category"", ""tags"", ""isActive"", ""createdAt"", ""updatedAt""]","{""title"": ""مجلة الأحكام العدلية - كتاب الوقف"", ""content"": ""مجلة الأحكام العدلية هي القانون المدني العثماني المستمد من الفقه الحنفي، صدرت عام 1876م (1293 هـ). تحتوي على أحكام الوقف المستمدة من المذهب الحنفي.\n\nتعريف العقار (المادة 1270): ما لا يمكن نقله من محل إلى آخر؛ كالدور والأراضي.\n\nالولاية على الوقف (المادة 974): الولاية الخاصة أقوى من الولاية العامة، فولاية المتولي على الوقف أولى من ولاية القاضي عليه.\n\nأحكام الوقف:\n- الوقف يجوز على جهة بر لا تنقطع\n- العقار يجوز وقفه بالإجماع\n- المنقول يجوز وقفه عند أبي يوسف ومحمد خلافاً لأبي حنيفة\n- من شرط الموقوف التأبيد، والعقار مؤبد"", ""source"": ""https://dorar.net/feqhia/6119/"", ""category"": ""law"", ""tags"": ""مجلة الأحكام العدلية، الفقه الحنفي، الوقف، العقار، المتولي، الولاية، القانون العثماني"", ""isActive"": ""1"", ""createdAt"": ""FROM_UNIXTIME(1767919514)"", ""updatedAt"": ""FROM_UNIXTIME(1767919514)""}",ac1581e427d344ae
scripts/bulk-import.sql,knowledge_documents,54,المبسوط للسرخسي - كتاب الوقف,"[""title"", ""content"", ""source"", ""category"", ""tags"", ""isActive"", ""createdAt"", ""updatedAt""]","{""title"": ""المبسوط للسرخسي - كتاب الوقف"", ""content"": ""المبسوط هو أحد أهم كتب الفقه الحنفي، ألفه محمد بن أحمد بن أبي سهل شمس الأئمة السرخسي (ت 483 هـ).\n\nتعريف الوقف: لغة: الحبس. وشرعاً: حبس المملوك عن التصرف فيه وتسبيل منفعته.\n\nاختلاف الأئمة في ملكية الوقف:\n- أبو حنيفة: الوقف لا يزيل الملك عن الواقف، ويبقى على ملكه، لكن يمتنع عن التصرف فيه.\n- أبو يوسف ومحمد: الوقف يزيل الملك، ويحبس العين عن الدخول في ملك غيره، وتصير ملكاً لله تعالى.\n\nشروط صحة الوقف:\n1. أن يكون على جهة بر لا تنقطع\n2. أن يكون المال مما يمكن الانتفاع به مع بقاء عينه\n3. أن يكون الواقف أهلاً للتبرع\n4. أن يكون الوقف منجزاً غير معلق\n\nأحكام المسجد: إذا بنى على منزله مسجداً وسكن أسفله أو جعله سرداباً ثم مات، فهو ميراث وليس مسجداً. المسجد ما يحرز أصله عن ملك العباد."", ""source"": ""https://shamela.ws/book/5423/2508"", ""category"": ""jurisprudence"", ""tags"": ""المبسوط، السرخسي، الفقه الحنفي، الوقف، أبو حنيفة، أبو يوسف، محمد، ملكية الوقف، شروط الوقف"", ""isActive"": ""1"", ""createdAt"": ""FROM_UNIXTIME(1767919514)"", ""updatedAt"": ""FROM_UNIXTIME(1767919514)""}",b6949ae51acf1508
scripts/bulk-import.sql,knowledge_documents,55,فتح القدير لابن الهمام - كتاب الوقف,"[""title"", ""content"", ""source"", ""category"", ""tags"", ""isActive"", ""createdAt"", ""updatedAt""]","{""title"": ""فتح القدير لابن الهمام - كتاب الوقف"", ""content"": ""فتح القدير هو شرح على الهداية، ألفه محمد بن عبد الواحد السيواسي المعروف بابن الهمام الحنفي (ت 861 هـ).\n\nالوقف في مرض الموت:\n- أبو حنيفة: يعتبر من الثلث لأنه تبرع\n- أبو يوسف ومحمد: يعتبر من رأس المال لأنه ليس تمليكاً\n\nخروج الوقف عن الملك: ليس من مقتضيات لفظ \""وقفت داري\"" أو \""حبستها\"" خروجها عن الملك، فيصدق مع كل منهما (البقاء في الملك أو الخروج منه)، فالترجيح بالدليل.\n\nالوقف على الذرية:\n- يجوز الوقف على الذرية والأولاد\n- يجوز الوقف على من سيولد في المستقبل القريب"", ""source"": ""https://shamela.ws/book/21744/2777"", ""category"": ""jurisprudence"", ""tags"": ""فتح القدير، ابن الهمام، الفقه الحنفي، الوقف، مرض الموت، الوقف على الذرية، خروج الوقف عن الملك"", ""isActive"": ""1"", ""createdAt"": ""FROM_UNIXTIME(1767919514)"", ""updatedAt"": ""FROM_UNIXTIME(1767919514)""}",cb99a94a0a375eeb
scripts/bulk-import.sql,knowledge_documents,56,فتاوى الوقف - سليمان الجاسر,"[""title"", ""content"", ""source"", ""category"", ""tags"", ""isActive"", ""createdAt"", ""updatedAt""]","{""title"": ""فتاوى الوقف - سليمان الجاسر"", ""content"": ""كتاب فتاوى الوقف من تأليف سليمان بن جاسر الجاسر، نشره مركز واقف - مدار الوطن للنشر، الطبعة السادسة 1436 هـ.\n\nموضوعات الكتاب:\n- أحكام الوقف المعاصرة\n- فتاوى متعلقة بإدارة الأوقاف\n- أحكام استبدال الوقف\n- أحكام ناظر الوقف\n- أحكام الوقف الذري والوقف الخيري\n\nيتناول الكتاب المسائل الفقهية المعاصرة المتعلقة بالوقف، ويجيب على الأسئلة الشائعة حول إدارة الأوقاف واستثمارها."", ""source"": ""https://khair.ws/library/7239/"", ""category"": ""jurisprudence"", ""tags"": ""فتاوى الوقف، سليمان الجاسر، أحكام معاصرة، استبدال الوقف، ناظر الوقف، الوقف الذري، الوقف الخيري"", ""isActive"": ""1"", ""createdAt"": ""FROM_UNIXTIME(1767919514)"", ""updatedAt"": ""FROM_UNIXTIME(1767919514)""}",6eb6bf000af573c2
scripts/bulk-import.sql,knowledge_documents,57,مجموع فتاوى ابن تيمية - كتاب الوقف,"[""title"", ""content"", ""source"", ""category"", ""tags"", ""isActive"", ""createdAt"", ""updatedAt""]","{""title"": ""مجموع فتاوى ابن تيمية - كتاب الوقف"", ""content"": ""مجموع فتاوى شيخ الإسلام أحمد بن عبد الحليم بن تيمية (ت 728 هـ)، يحتوي على فتاوى متعلقة بالوقف من المذهب الحنبلي.\n\nاستبدال الوقف:\n- يجوز استبدال الوقف بخير منه إذا كان ذلك أنفع للموقوف عليهم\n- مثال: إذا وقف داراً أو حانوتاً أو بستاناً أو قرية يكون مغلها قليلاً، فيبدلها بما هو أكثر غلة\n\nالوقف على جهة مباحة:\n- الوقف على الأغنياء جائز\n- الوقف على المدارس والمساجد من أفضل الأوقاف\n\nشروط الواقف:\n- يجب العمل بشرط الواقف ما لم يخالف الشرع\n- إذا شرط الواقف ألا ينزل في المدرسة إلا من لم يكن له وظيفة، وجب العمل بشرطه"", ""source"": ""https://www.islamweb.net/ar/library/content/22/4743/"", ""category"": ""jurisprudence"", ""tags"": ""ابن تيمية، فتاوى، الفقه الحنبلي، استبدال الوقف، شروط الواقف، الوقف على المساجد، الوقف على المدارس"", ""isActive"": ""1"", ""createdAt"": ""FROM_UNIXTIME(1767919514)"", ""updatedAt"": ""FROM_UNIXTIME(1767919514)""}",c84f364460fd568c
scripts/bulk-import.sql,knowledge_documents,58,تعليمات لجان رعاية المساجد رقم (2) لسنة 2023م,"[""title"", ""content"", ""source"", ""category"", ""tags"", ""isActive"", ""createdAt"", ""updatedAt""]","{""title"": ""تعليمات لجان رعاية المساجد رقم (2) لسنة 2023م"", ""content"": ""تعليمات صادرة عن وزارة الأوقاف والشؤون الدينية الفلسطينية لتنظيم عمل لجان رعاية المساجد.\n\nأهداف التعليمات:\n1. المحافظة على المساجد وقدسيتها ونظافتها\n2. إحياء صلاة الجماعة\n3. تحقيق مبدأ تكافؤ الفرص في منح الإكرامية\n4. حماية المساجد من التعديات\n\nنطاق التطبيق:\n- جميع المساجد في فلسطين\n- لجان رعاية المساجد\n- الأئمة والمؤذنون"", ""source"": ""http://muqtafi.birzeit.edu/pg/getleg.asp?id=18827"", ""category"": ""administrative"", ""tags"": ""تعليمات، لجان رعاية المساجد، وزارة الأوقاف، فلسطين، المساجد، الأئمة، المؤذنون"", ""isActive"": ""1"", ""createdAt"": ""FROM_UNIXTIME(1767919514)"", ""updatedAt"": ""FROM_UNIXTIME(1767919514)""}",3a74c7889ff9c455
scripts/bulk-import.sql,knowledge_documents,59,قرار بقانون رقم (2) لسنة 2023م بشأن تعديل قانون الأوقاف,"[""title"", ""content"", ""source"", ""category"", ""tags"", ""isActive"", ""createdAt"", ""updatedAt""]","{""title"": ""قرار بقانون رقم (2) لسنة 2023م بشأن تعديل قانون الأوقاف"", ""content"": ""قرار بقانون صادر عن السلطة الوطنية الفلسطينية لتعديل قانون الأوقاف والشؤون والمقدسات الإسلامية رقم (26) لسنة 1966م.\n\nالمادة (6) مكرر - المضافة:\n1. تتولى الوزارة جباية الرسوم والأحكار والأعشار الخاصة بالأوقاف الإسلامية\n2. تستوفي الوزارة جميع المستحقات المالية المتعلقة بالأوقاف\n3. تدير الوزارة أموال الأوقاف وفقاً للأحكام الشرعية والقانونية\n\nالهدف: تعزيز صلاحيات وزارة الأوقاف في إدارة الأموال الوقفية وجباية الرسوم."", ""source"": ""http://muqtafi.birzeit.edu/pg/getleg.asp?id=18715"", ""category"": ""administrative"", ""tags"": ""قرار بقانون، تعديل قانون الأوقاف، 2023، جباية الرسوم، الأحكار، الأعشار، وزارة الأوقاف"", ""isActive"": ""1"", ""createdAt"": ""FROM_UNIXTIME(1767919514)"", ""updatedAt"": ""FROM_UNIXTIME(1767919514)""}",47a98d16e45d48b3
scripts/bulk-import.sql,knowledge_documents,60,مهام وزارة الأوقاف والشؤون الدينية الفلسطينية,"[""title"", ""content"", ""source"", ""category"", ""tags"", ""isActive"", ""createdAt"", ""updatedAt""]","{""title"": ""مهام وزارة الأوقاف والشؤون الدينية الفلسطينية"", ""content"": ""وزارة الأوقاف والشؤون الدينية هي الجهة الحكومية المسؤولة عن إدارة الأوقاف والشؤون الدينية في فلسطين.\n\nالمهام الأساسية:\n1. رعاية الأركان الخمس (الشهادتان، الصلاة، الزكاة، الصوم، الحج)\n2. رعاية الشؤون الدينية والحفاظ على وسطية المنهج\n3. الحفاظ على أملاك الوقف وتنميتها واستثمارها\n4. حفظ الموروث الديني والثقافي والارتقاء بالتعليم الشرعي\n\nالبرامج الرئيسية:\n- برنامج الأركان الخمسة\n- برنامج إدارة الأملاك الوقفية\n- برنامج التعليم الشرعي والمهني والتراث\n- البرنامج الإداري"", ""source"": ""https://www.palestinecabinet.gov.ps/portal/OrgStructure/Details/20"", ""category"": ""administrative"", ""tags"": ""وزارة الأوقاف، فلسطين، الشؤون الدينية، الأركان الخمسة، الأملاك الوقفية، التعليم الشرعي"", ""isActive"": ""1"", ""createdAt"": ""FROM_UNIXTIME(1767919514)"", ""updatedAt"": ""FROM_UNIXTIME(1767919514)""}",259f9c631fcb7408
scripts/bulk-import.sql,knowledge_documents,61,نظام الوقف الذري في فلسطين,"[""title"", ""content"", ""source"", ""category"", ""tags"", ""isActive"", ""createdAt"", ""updatedAt""]","{""title"": ""نظام الوقف الذري في فلسطين"", ""content"": ""الوقف الذري هو نظام شرعي وقانوني يجعل العقار مالاً موقوفاً، ويُكتَب في صكّ الوقف من يحق لهم الاستفادة من ريعه من أبناء المالك وذريته، وبأيّ شروط.\n\nخصائص الوقف الذري:\n1. الاستمرارية: ينتقل من جيل إلى جيل\n2. الحماية: لا يُباع ولا يُورث\n3. التوزيع: يُوزع ريعه على الذرية حسب شرط الواقف\n4. التسجيل: يُسجل في دائرة الأوقاف بصك رسمي\n\nالإحصائيات في القدس:\n- نسبة الوقف الخيري إلى الذري: ما بين (2:1) أو (4:3)\n- عدد الحجج المقدر: لا يقل عن 1200-1600 حجة وقف"", ""source"": ""https://www.facebook.com/palestinian.vision/posts/1294708359357491/"", ""category"": ""administrative"", ""tags"": ""الوقف الذري، فلسطين، القدس، الذرية، صك الوقف، الحماية القانونية، الاستمرارية"", ""isActive"": ""1"", ""createdAt"": ""FROM_UNIXTIME(1767919514)"", ""updatedAt"": ""FROM_UNIXTIME(1767919514)""}",dfc59948a750e026
scripts/bulk-import.sql,knowledge_documents,62,تاريخ إدارة الأوقاف في فلسطين,"[""title"", ""content"", ""source"", ""category"", ""tags"", ""isActive"", ""createdAt"", ""updatedAt""]","{""title"": ""تاريخ إدارة الأوقاف في فلسطين"", ""content"": ""مرت إدارة الأوقاف في فلسطين بعدة مراحل تاريخية:\n\n1. عهد الانتداب البريطاني (1921-1948):\n- إدارة الأوقاف من قبل المجلس الإسلامي الأعلى\n- نظام المجلس الصادر سنة 1921م\n\n2. بعد النكبة (1948-1967):\n- إدارة الأوقاف في الضفة الغربية من قبل الأردن\n- إدارة الأوقاف في غزة من قبل مصر\n\n3. بعد الاحتلال (1967-1994):\n- محاولات إسرائيلية للسيطرة على الأوقاف\n- مقاومة فلسطينية للحفاظ على الأوقاف\n\n4. السلطة الوطنية الفلسطينية (1994-الآن):\n- إنشاء وزارة الأوقاف والشؤون الدينية\n- إصدار قوانين وتعليمات جديدة"", ""source"": ""https://www.tawaf.ps/"", ""category"": ""historical"", ""tags"": ""تاريخ الأوقاف، فلسطين، المجلس الإسلامي الأعلى، الانتداب البريطاني، السلطة الوطنية، وزارة الأوقاف"", ""isActive"": ""1"", ""createdAt"": ""FROM_UNIXTIME(1767919514)"", ""updatedAt"": ""FROM_UNIXTIME(1767919514)""}",c97adf790818f5f3
scripts/bulk-import.sql,knowledge_documents,63,الوقف على المسجد الأقصى,"[""title"", ""content"", ""source"", ""category"", ""tags"", ""isActive"", ""createdAt"", ""updatedAt""]","{""title"": ""الوقف على المسجد الأقصى"", ""content"": ""يعود أول وقف على المسجد الأقصى إلى عهد الصحابة، فقد بُني المسجد الأقصى بناءً بسيطاً من الخشب في عهد عمر بن الخطاب عقب زيارته للقدس بعد الفتح الإسلامي.\n\nأهم الأوقاف التاريخية:\n1. وقف عمر بن الخطاب: أول وقف على المسجد الأقصى\n2. أوقاف صلاح الدين الأيوبي: بعد تحرير القدس عام 1187م\n3. أوقاف المماليك: في القرنين 13-15 الميلادي\n4. أوقاف العثمانيين: من القرن 16 حتى القرن 20\n\nالأهمية: الوقف على المسجد الأقصى من أقدس الأوقاف الإسلامية، ويشمل المسجد نفسه والعقارات المحيطة به."", ""source"": ""https://ar.wikipedia.org/wiki/الوقف_على_المسجد_الأقصى"", ""category"": ""historical"", ""tags"": ""المسجد الأقصى، القدس، عمر بن الخطاب، صلاح الدين الأيوبي، الأوقاف التاريخية، الفتح الإسلامي"", ""isActive"": ""1"", ""createdAt"": ""FROM_UNIXTIME(1767919514)"", ""updatedAt"": ""FROM_UNIXTIME(1767919514)""}",42be1031dad7f1ca
scripts/bulk-import.sql,knowledge_documents,64,حجة وقف مصطفى آغا (1821م),"[""title"", ""content"", ""source"", ""category"", ""tags"", ""isActive"", ""createdAt"", ""updatedAt""]","{""title"": ""حجة وقف مصطفى آغا (1821م)"", ""content"": ""نسخة طبق الأصل من حجة وقف، مخرجة عن سجلات المحكمة الشرعية في القدس، ومؤرخة في عام 1236 هجري الموافق 1821 ميلادي.\n\nمعلومات الحجة:\n- الواقف: مصطفى آغا\n- التاريخ: 1236 هـ / 1821 م\n- المصدر: سجلات المحكمة الشرعية في القدس\n- النوع: نسخة طبق الأصل\n\nالأهمية:\n- نموذج للحجج الوقفية العثمانية\n- توثيق تاريخي للأوقاف في القدس\n- مصدر قانوني للملكية الوقفية\n\nتعتبر هذه الحجة من الوثائق التاريخية المهمة التي توثق الأوقاف في القدس خلال العصر العثماني."", ""source"": ""https://www.palarchive.org/index.php/Detail/objects/291104/"", ""category"": ""historical"", ""tags"": ""حجة وقف، مصطفى آغا، القدس، 1821، المحكمة الشرعية، العصر العثماني، وثائق تاريخية"", ""isActive"": ""1"", ""createdAt"": ""FROM_UNIXTIME(1767919514)"", ""updatedAt"": ""FROM_UNIXTIME(1767919514)""}",15bd9a4dcebff9c6
scripts/bulk-import.sql,knowledge_documents,65,الحجج الوقفية في سجلات محكمة القدس الشرعية (القرن 11 هـ),"[""title"", ""content"", ""source"", ""category"", ""tags"", ""isActive"", ""createdAt"", ""updatedAt""]","{""title"": ""الحجج الوقفية في سجلات محكمة القدس الشرعية (القرن 11 هـ)"", ""content"": ""دراسة فقهية مقاصدية للحجج الوقفية التي تضمنت إنشاء الوقف في سجلات محكمة القدس الشرعية في القرن الحادي عشر الهجري (17 الميلادي).\n\nأهم النتائج:\n1. تنوع الأوقاف: أوقاف خيرية وذرية ومشتركة\n2. الشروط: تنوع شروط الواقفين\n3. الإدارة: أنظمة إدارة الأوقاف في العصر العثماني\n4. التوثيق: أهمية التوثيق الشرعي للأوقاف\n\nالباحث: رياض منير أمين خويص (2022)\n\nالأهمية: توفر هذه الدراسة نظرة شاملة على أنواع الأوقاف وشروطها وإدارتها في القدس خلال القرن 17 الميلادي."", ""source"": ""https://dspace.alquds.edu/items/ab359e3f-ea7c-4992-a657-d96d28fc9907"", ""category"": ""historical"", ""tags"": ""الحجج الوقفية، القدس، القرن 11 هجري، المحكمة الشرعية، العصر العثماني، دراسة فقهية، رياض خويص"", ""isActive"": ""1"", ""createdAt"": ""FROM_UNIXTIME(1767919514)"", ""updatedAt"": ""FROM_UNIXTIME(1767919514)""}",13484212460d91ad
scripts/bulk-import.sql,knowledge_documents,66,أرشيفات القدس الإسلامية - مصادر لمسألة الوقف,"[""title"", ""content"", ""source"", ""category"", ""tags"", ""isActive"", ""createdAt"", ""updatedAt""]","{""title"": ""أرشيفات القدس الإسلامية - مصادر لمسألة الوقف"", ""content"": ""أرشيفات القدس الإسلامية تحتوي على مصادر أولية حيوية لدراسة الأوقاف في القدس العثمانية.\n\nأهم المصادر:\n1. سجلات المحاكم الشرعية: تحتوي على آلاف الحجج الوقفية\n2. الوثائق العثمانية: سجلات الطابو والدفاتر العثمانية\n3. وثائق المجلس الإسلامي الأعلى: من عهد الانتداب البريطاني\n4. أرشيف وزارة الأوقاف: الوثائق المعاصرة\n\nالأهمية:\n- التوثيق التاريخي: إثبات ملكية الأوقاف\n- الدراسات الأكاديمية: مصدر للباحثين\n- الحماية القانونية: إثبات الحقوق الوقفية\n\nهذه الأرشيفات تشكل مرجعاً أساسياً لأي دراسة تتعلق بالأوقاف في القدس وفلسطين."", ""source"": ""https://www.palestine-studies.org/sites/default/files/hq-articles/9893.pdf"", ""category"": ""historical"", ""tags"": ""أرشيفات القدس، سجلات المحاكم الشرعية، الوثائق العثمانية، المجلس الإسلامي الأعلى، التوثيق التاريخي"", ""isActive"": ""1"", ""createdAt"": ""FROM_UNIXTIME(1767919514)"", ""updatedAt"": ""FROM_UNIXTIME(1767919514)""}",f13a30c77e644706
scripts/bulk-import.sql,knowledge_documents,67,أقدم وقف موثق في العالم (القرن 9 الميلادي),"[""title"", ""content"", ""source"", ""category"", ""tags"", ""isActive"", ""createdAt"", ""updatedAt""]","{""title"": ""أقدم وقف موثق في العالم (القرن 9 الميلادي)"", ""content"": ""اكتشاف أثري لنقش على حجر جيري يتضمن وقف قريتين زراعيتين في فلسطين في القرن التاسع الميلادي، مع حيوانات عالية الجودة.\n\nتفاصيل الاكتشاف:\n- المادة: نقش على حجر جيري ناعم\n- المحتوى: وقف قريتين زراعيتين\n- الفترة: القرن التاسع الميلادي\n- المكان: فلسطين\n\nالأهمية:\n- أقدم وقف موثق: من أقدم الأوقاف المكتشفة في العالم\n- التوثيق: نقش على حجر جيري\n- المحتوى: تفاصيل دقيقة عن الوقف\n\nهذا الاكتشاف يؤكد أن نظام الوقف كان راسخاً في فلسطين منذ القرون الأولى للإسلام."", ""source"": ""https://www.haaretz.com/archaeology/2021-12-06/"", ""category"": ""historical"", ""tags"": ""أقدم وقف، القرن التاسع الميلادي، فلسطين، نقش، حجر جيري، اكتشاف أثري، قريتين زراعيتين"", ""isActive"": ""1"", ""createdAt"": ""FROM_UNIXTIME(1767919514)"", ""updatedAt"": ""FROM_UNIXTIME(1767919514)""}",b8b60832b0983d93
scripts/bulk-import.sql,knowledge_documents,68,إدارة الأوقاف في عهد الانتداب البريطاني,"[""title"", ""content"", ""source"", ""category"", ""tags"", ""isActive"", ""createdAt"", ""updatedAt""]","{""title"": ""إدارة الأوقاف في عهد الانتداب البريطاني"", ""content"": ""في عهد الانتداب البريطاني على فلسطين، كانت الأوقاف الإسلامية تدار من قبل المجلس الإسلامي الأعلى.\n\nالنظام الإداري:\n- المجلس الإسلامي الأعلى: أدار الأوقاف الإسلامية\n- الكنائس المسيحية: أدارت الأوقاف المسيحية\n- السنة: 1937\n\nالتحديات:\n1. السيطرة البريطانية: محاولات السيطرة على الأوقاف\n2. المصادرة: مصادرة بعض الأراضي الوقفية\n3. التوثيق: صعوبات في تسجيل الأوقاف\n\nالأهمية: هذه الفترة شهدت محاولات لتنظيم الأوقاف وفق النظام القانوني البريطاني، مع الحفاظ على الطابع الإسلامي للإدارة."", ""source"": ""https://badil.org/publications/al-majdal/issues/items/409.html"", ""category"": ""historical"", ""tags"": ""الانتداب البريطاني، المجلس الإسلامي الأعلى، فلسطين، 1937، إدارة الأوقاف، التحديات"", ""isActive"": ""1"", ""createdAt"": ""FROM_UNIXTIME(1767919514)"", ""updatedAt"": ""FROM_UNIXTIME(1767919514)""}",79af57f5302180fd
scripts/bulk-import.sql,knowledge_documents,69,الإشراف المعاصر على العقارات الوقفية,"[""title"", ""content"", ""source"", ""category"", ""tags"", ""isActive"", ""createdAt"", ""updatedAt""]","{""title"": ""الإشراف المعاصر على العقارات الوقفية"", ""content"": ""تتولى الإدارة العامة للأملاك الوقفية في وزارة الأوقاف والشؤون الدينية الفلسطينية الإشراف على العقارات الوقفية.\n\nالإجراءات الحالية:\n1. تلقي الطلبات: طلبات استئجار الأملاك الوقفية\n2. الأراضي والعقارات: جميع أنواع الأملاك الوقفية\n3. المواطنون والمؤسسات: يمكنهم التقدم بطلبات\n\nالجهة المسؤولة: الإدارة العامة للأملاك الوقفية - وزارة الأوقاف والشؤون الدينية\n\nالهدف: تنظيم استثمار الأملاك الوقفية وضمان استفادة المستحقين منها وفق الأحكام الشرعية والقانونية."", ""source"": ""https://www.palestinecabinet.gov.ps/portal/GovService/Details/129"", ""category"": ""administrative"", ""tags"": ""الإشراف على العقارات، الأملاك الوقفية، وزارة الأوقاف، فلسطين، استئجار، الإدارة العامة"", ""isActive"": ""1"", ""createdAt"": ""FROM_UNIXTIME(1767919514)"", ""updatedAt"": ""FROM_UNIXTIME(1767919514)""}",100996059623efac
scripts/clean-import.sql,knowledge_documents,1,قانون الأراضي العثماني - المادة 1: تعريف الأراضي,"[""title"", ""content"", ""source"", ""category"", ""tags"", ""isActive"", ""createdAt"", ""updatedAt""]","{""title"": ""قانون الأراضي العثماني - المادة 1: تعريف الأراضي"", ""content"": ""المادة الأولى: الأراضي على خمسة أقسام:\n\n1. الأراضي المملوكة (الملك): وهي الأراضي التي يملكها الأفراد ملكية تامة بموجب سند رسمي، ويحق لهم التصرف فيها بالبيع والشراء والهبة والوقف والإرث دون قيد أو شرط.\n\n2. الأراضي الأميرية: وهي الأراضي التي تعود رقبتها للدولة، ويكون للأفراد حق التصرف فيها فقط. لا يجوز بيع رقبة الأرض الأميرية، وإنما يباع حق التصرف فقط.\n\n3. الأراضي الموقوفة: وهي الأراضي التي وقفها أصحابها لجهة خيرية أو ذرية، ولا يجوز بيعها أو التصرف فيها إلا وفق شروط الواقف.\n\n4. الأراضي المتروكة: وهي الأراضي المخصصة للمنفعة العامة كالطرق والساحات والمراعي، ولا يجوز تملكها أو التصرف فيها.\n\n5. الأراضي الموات: وهي الأراضي البور التي لم تُعمّر ولم تُزرع، ويجوز إحياؤها بإذن من الدولة."", ""source"": ""قانون الأراضي العثماني 1858"", ""category"": ""law"", ""tags"": ""أراضي، ملكية، أميرية، وقف، متروكة، موات"", ""isActive"": ""1"", ""createdAt"": ""FROM_UNIXTIME(1767919441)"", ""updatedAt"": ""FROM_UNIXTIME(1767919441)""}",15c98e68d8761098
scripts/clean-import.sql,knowledge_documents,1,قانون الأراضي العثماني - المادة 3: الأراضي الأميرية,"[""title"", ""content"", ""source"", ""category"", ""tags"", ""isActive"", ""createdAt"", ""updatedAt""]","{""title"": ""قانون الأراضي العثماني - المادة 3: الأراضي الأميرية"", ""content"": ""المادة الثالثة: الأراضي الأميرية هي الأراضي التي رقبتها للدولة، وللأفراد حق التصرف فيها فقط.\n\nشروط التصرف في الأراضي الأميرية:\n1. يجب دفع الضرائب المقررة (الميري) سنوياً للدولة\n2. يجب زراعة الأرض وعدم تركها بوراً لمدة تزيد عن ثلاث سنوات\n3. لا يجوز بيع رقبة الأرض، وإنما يباع حق التصرف فقط\n4. يجوز توريث حق التصرف للورثة الشرعيين\n5. يجوز وقف حق التصرف بإذن من الدولة\n\nعقوبة ترك الأرض بوراً:\nإذا ترك صاحب حق التصرف الأرض بوراً لمدة ثلاث سنوات متتالية دون عذر شرعي، يسقط حقه في التصرف، وتعود الأرض للدولة لتمنحها لمن يعمرها."", ""source"": ""قانون الأراضي العثماني 1858"", ""category"": ""law"", ""tags"": ""أراضي أميرية، حق التصرف، ميري، ضرائب"", ""isActive"": ""1"", ""createdAt"": ""FROM_UNIXTIME(1767919441)"", ""updatedAt"": ""FROM_UNIXTIME(1767919441)""}",3b77558a1ac06056
scripts/clean-import.sql,knowledge_documents,1,قانون الأراضي العثماني - المادة 12: وقف الأراضي الأميرية,"[""title"", ""content"", ""source"", ""category"", ""tags"", ""isActive"", ""createdAt"", ""updatedAt""]","{""title"": ""قانون الأراضي العثماني - المادة 12: وقف الأراضي الأميرية"", ""content"": ""المادة الثانية عشرة: يجوز وقف حق التصرف في الأراضي الأميرية بإذن من السلطان أو من ينوب عنه.\n\nشروط وقف الأراضي الأميرية:\n1. الحصول على إذن رسمي من الدولة (الإرادة السنية)\n2. تسجيل الوقف في السجلات الرسمية\n3. تحديد جهة الوقف (خيري أو ذري)\n4. تعيين ناظر للوقف\n5. استمرار دفع الضرائب المقررة (الميري) من ريع الوقف\n\nأحكام خاصة:\n- إذا لم يُدفع الميري من ريع الوقف، يحق للدولة المطالبة به من ناظر الوقف\n- لا يجوز بيع الأرض الموقوفة إلا في حالات الاستبدال الشرعي\n- يجوز تأجير الأرض الموقوفة بعقد إجارة طويلة (حكر)"", ""source"": ""قانون الأراضي العثماني 1858"", ""category"": ""law"", ""tags"": ""وقف، أراضي أميرية، إرادة سنية، ناظر وقف"", ""isActive"": ""1"", ""createdAt"": ""FROM_UNIXTIME(1767919441)"", ""updatedAt"": ""FROM_UNIXTIME(1767919441)""}",a1aafc3dad605524
scripts/clean-import.sql,knowledge_documents,1,مجلة الأحكام العدلية - المادة 1: تعريف الوقف,"[""title"", ""content"", ""source"", ""category"", ""tags"", ""isActive"", ""createdAt"", ""updatedAt""]","{""title"": ""مجلة الأحكام العدلية - المادة 1: تعريف الوقف"", ""content"": ""المادة الأولى: الوقف هو حبس العين عن تمليكها لأحد من العباد، والتصدق بالمنفعة على الفقراء أو على وجه من وجوه الخير.\n\nشرح التعريف:\n- حبس العين: منع بيعها أو هبتها أو توريثها\n- عن تمليكها: لا تصبح ملكاً لأحد بعد الوقف\n- التصدق بالمنفعة: الانتفاع بريع الوقف يكون للجهة الموقوف عليها\n\nأركان الوقف:\n1. الواقف: من يقوم بالوقف\n2. الموقوف: العين التي يتم وقفها\n3. الموقوف عليه: الجهة المستفيدة من الوقف\n4. الصيغة: لفظ الوقف الصريح\n\nشروط الواقف:\n- أن يكون بالغاً عاقلاً\n- أن يكون مالكاً للعين الموقوفة\n- أن يكون مختاراً غير مكره"", ""source"": ""مجلة الأحكام العدلية - كتاب الوقف"", ""category"": ""jurisprudence"", ""tags"": ""وقف، تعريف، أركان، شروط"", ""isActive"": ""1"", ""createdAt"": ""FROM_UNIXTIME(1767919441)"", ""updatedAt"": ""FROM_UNIXTIME(1767919441)""}",12b71bb6efc984bd
scripts/clean-import.sql,knowledge_documents,1,مجلة الأحكام العدلية - المادة 5: شروط صحة الوقف,"[""title"", ""content"", ""source"", ""category"", ""tags"", ""isActive"", ""createdAt"", ""updatedAt""]","{""title"": ""مجلة الأحكام العدلية - المادة 5: شروط صحة الوقف"", ""content"": ""المادة الخامسة: يشترط لصحة الوقف:\n\n1. أن يكون الموقوف مالاً متقوماً: أي له قيمة مالية شرعاً\n2. أن يكون معلوماً: محدداً بالوصف أو المشاهدة\n3. أن يكون مملوكاً للواقف: ملكية تامة صحيحة\n4. أن يكون قابلاً للانتفاع مع بقاء عينه: كالعقار والأثاث\n5. أن يكون الوقف مؤبداً: لا يجوز توقيته بمدة معينة\n6. أن تكون الجهة الموقوف عليها معلومة: محددة بوضوح\n7. أن تكون الجهة الموقوف عليها جهة بر: لا تكون معصية\n\nالأموال التي لا يصح وقفها:\n- المنقولات التي تستهلك بالاستعمال (كالطعام)\n- الأموال المغصوبة أو المسروقة\n- الأموال المجهولة أو غير المحددة"", ""source"": ""مجلة الأحكام العدلية - كتاب الوقف"", ""category"": ""jurisprudence"", ""tags"": ""شروط الوقف، صحة الوقف، أحكام"", ""isActive"": ""1"", ""createdAt"": ""FROM_UNIXTIME(1767919441)"", ""updatedAt"": ""FROM_UNIXTIME(1767919441)""}",1f8ced3ded3c5f62
scripts/clean-import.sql,knowledge_documents,1,قانون الأوقاف الأردني رقم 23 لسنة 1964 - المادة 1: التعاريف,"[""title"", ""content"", ""source"", ""category"", ""tags"", ""isActive"", ""createdAt"", ""updatedAt""]","{""title"": ""قانون الأوقاف الأردني رقم 23 لسنة 1964 - المادة 1: التعاريف"", ""content"": ""المادة 1: تعاريف\n\nفي هذا القانون، يكون للكلمات والعبارات التالية المعاني المخصصة لها أدناه ما لم تدل القرينة على خلاف ذلك:\n\nالوزارة: وزارة الأوقاف والشؤون والمقدسات الإسلامية\nالوزير: وزير الأوقاف والشؤون والمقدسات الإسلامية\nالوقف: حبس العين عن تمليكها لأحد من العباد والتصدق بالمنفعة على الفقراء أو على وجه من وجوه الخير\nالوقف الخيري: ما وقف على جهة بر عامة كالفقراء والمساجد والمدارس\nالوقف الذري: ما وقف على الذرية والأولاد\nالناظر: من يتولى إدارة الوقف والإشراف عليه\nالمتولي: من يتولى إدارة الوقف الذري\nالريع: الدخل الناتج عن الوقف"", ""source"": ""قانون الأوقاف الأردني رقم 23 لسنة 1964"", ""category"": ""law"", ""tags"": ""قانون أردني، تعاريف، وقف خيري، وقف ذري"", ""isActive"": ""1"", ""createdAt"": ""FROM_UNIXTIME(1767919441)"", ""updatedAt"": ""FROM_UNIXTIME(1767919441)""}",34c80bcfa2e4a677
scripts/clean-import.sql,knowledge_documents,1,قانون الأوقاف الأردني - المادة 10: إدارة الأوقاف,"[""title"", ""content"", ""source"", ""category"", ""tags"", ""isActive"", ""createdAt"", ""updatedAt""]","{""title"": ""قانون الأوقاف الأردني - المادة 10: إدارة الأوقاف"", ""content"": ""المادة 10: تتولى وزارة الأوقاف إدارة الأوقاف الخيرية والإشراف على الأوقاف الذرية.\n\nصلاحيات الوزارة:\n1. إدارة الأوقاف الخيرية واستثمارها\n2. تعيين النظار والمتولين\n3. الإشراف على صرف ريع الأوقاف\n4. صيانة الأوقاف وعمارتها\n5. استبدال الأوقاف عند الضرورة\n6. رفع الدعاوى القضائية المتعلقة بالأوقاف\n7. قبول الأوقاف الجديدة\n\nواجبات الناظر:\n- المحافظة على الوقف وعمارته\n- استثمار الوقف بالطرق الشرعية\n- صرف الريع على الجهات المستحقة\n- تقديم حساب سنوي للوزارة\n- عدم التصرف في الوقف إلا بإذن من الوزارة"", ""source"": ""قانون الأوقاف الأردني رقم 23 لسنة 1964"", ""category"": ""law"", ""tags"": ""إدارة أوقاف، ناظر، وزارة أوقاف"", ""isActive"": ""1"", ""createdAt"": ""FROM_UNIXTIME(1767919441)"", ""updatedAt"": ""FROM_UNIXTIME(1767919441)""}",e8931f418877f3d6
scripts/clean-import.sql,knowledge_documents,1,قانون الأراضي العثماني - المادة 4: الأراضي الموقوفة,"[""title"", ""content"", ""source"", ""category"", ""tags"", ""isActive"", ""createdAt"", ""updatedAt""]","{""title"": ""قانون الأراضي العثماني - المادة 4: الأراضي الموقوفة"", ""content"": ""الأراضي الموقوفة هي الأراضي التي أوقفها أصحابها على جهة بر أو خير. ولا يجوز بيعها أو رهنها أو توريثها، وإنما تبقى على ملك الموقوف عليهم أو الجهة الموقوف عليها."", ""source"": ""قانون الأراضي العثماني (1858)"", ""category"": ""law"", ""tags"": ""قانون الأراضي، الوقف، الأراضي الموقوفة"", ""isActive"": ""1"", ""createdAt"": ""FROM_UNIXTIME(1767919441)"", ""updatedAt"": ""FROM_UNIXTIME(1767919441)""}",a1a37ab898060df3
scripts/clean-import.sql,knowledge_documents,1,قانون الأراضي العثماني - المادة 36: حقوق المتولي,"[""title"", ""content"", ""source"", ""category"", ""tags"", ""isActive"", ""createdAt"", ""updatedAt""]","{""title"": ""قانون الأراضي العثماني - المادة 36: حقوق المتولي"", ""content"": ""للمتولي على الوقف حق الإدارة والنظر في شؤونه، وله أن يؤجر الأرض الموقوفة بما يحقق مصلحة الوقف، ولا يجوز له التصرف فيها بالبيع أو الرهن."", ""source"": ""قانون الأراضي العثماني (1858)"", ""category"": ""law"", ""tags"": ""المتولي، إدارة الوقف، حقوق المتولي"", ""isActive"": ""1"", ""createdAt"": ""FROM_UNIXTIME(1767919441)"", ""updatedAt"": ""FROM_UNIXTIME(1767919441)""}",b30882db86c60f94
scripts/clean-import.sql,knowledge_documents,1,مجلة الأحكام العدلية - المادة 2: أركان الوقف,"[""title"", ""content"", ""source"", ""category"", ""tags"", ""isActive"", ""createdAt"", ""updatedAt""]","{""title"": ""مجلة الأحكام العدلية - المادة 2: أركان الوقف"", ""content"": ""أركان الوقف أربعة: الواقف، والموقوف، والموقوف عليه، والصيغة. ولا يصح الوقف إلا باجتماع هذه الأركان الأربعة."", ""source"": ""مجلة الأحكام العدلية"", ""category"": ""reference"", ""tags"": ""أركان الوقف، الواقف، الموقوف عليه"", ""isActive"": ""1"", ""createdAt"": ""FROM_UNIXTIME(1767919441)"", ""updatedAt"": ""FROM_UNIXTIME(1767919441)""}",399ab9e0d1cd6505
scripts/clean-import.sql,knowledge_documents,1,مجلة الأحكام العدلية - المادة 3: شروط الواقف,"[""title"", ""content"", ""source"", ""category"", ""tags"", ""isActive"", ""createdAt"", ""updatedAt""]","{""title"": ""مجلة الأحكام العدلية - المادة 3: شروط الواقف"", ""content"": ""يشترط في الواقف أن يكون حراً مكلفاً مالكاً للموقوف، فلا يصح وقف العبد ولا الصبي ولا المجنون ولا من لا يملك الموقوف."", ""source"": ""مجلة الأحكام العدلية"", ""category"": ""reference"", ""tags"": ""شروط الواقف، الأهلية، الملكية"", ""isActive"": ""1"", ""createdAt"": ""FROM_UNIXTIME(1767919441)"", ""updatedAt"": ""FROM_UNIXTIME(1767919441)""}",e4df25446b47e973
scripts/clean-import.sql,knowledge_documents,1,مجلة الأحكام العدلية - المادة 6: استبدال الوقف,"[""title"", ""content"", ""source"", ""category"", ""tags"", ""isActive"", ""createdAt"", ""updatedAt""]","{""title"": ""مجلة الأحكام العدلية - المادة 6: استبدال الوقف"", ""content"": ""لا يجوز استبدال الوقف إلا إذا تعطلت منافعه بالكلية، أو كان في الاستبدال مصلحة ظاهرة للوقف، وبإذن القاضي."", ""source"": ""مجلة الأحكام العدلية"", ""category"": ""reference"", ""tags"": ""استبدال الوقف، المصلحة، القاضي"", ""isActive"": ""1"", ""createdAt"": ""FROM_UNIXTIME(1767919441)"", ""updatedAt"": ""FROM_UNIXTIME(1767919441)""}",71ebef38e0caba92
scripts/clean-import.sql,knowledge_documents,1,قانون الأوقاف الأردني - المادة 2: تعريف الوقف الخيري,"[""title"", ""content"", ""source"", ""category"", ""tags"", ""isActive"", ""createdAt"", ""updatedAt""]","{""title"": ""قانون الأوقاف الأردني - المادة 2: تعريف الوقف الخيري"", ""content"": ""الوقف الخيري هو ما وقف على جهة بر وخير ابتداءً كالمساجد والمدارس والمستشفيات ودور الأيتام."", ""source"": ""قانون الأوقاف الأردني رقم 23 لسنة 1964"", ""category"": ""law"", ""tags"": ""الوقف الخيري، جهات البر، المساجد"", ""isActive"": ""1"", ""createdAt"": ""FROM_UNIXTIME(1767919441)"", ""updatedAt"": ""FROM_UNIXTIME(1767919441)""}",546ca374f95fdce8
scripts/clean-import.sql,knowledge_documents,1,قانون الأوقاف الأردني - المادة 3: الوقف الذري,"[""title"", ""content"", ""source"", ""category"", ""tags"", ""isActive"", ""createdAt"", ""updatedAt""]","{""title"": ""قانون الأوقاف الأردني - المادة 3: الوقف الذري"", ""content"": ""الوقف الذري هو ما وقف على الذرية ابتداءً ثم على جهة بر وخير انتهاءً."", ""source"": ""قانون الأوقاف الأردني رقم 23 لسنة 1964"", ""category"": ""law"", ""tags"": ""الوقف الذري، الذرية، الوقف الأهلي"", ""isActive"": ""1"", ""createdAt"": ""FROM_UNIXTIME(1767919441)"", ""updatedAt"": ""FROM_UNIXTIME(1767919441)""}",3a517b4f278c06ef
scripts/clean-import.sql,knowledge_documents,1,قانون الأوقاف الأردني - المادة 15: صلاحيات المتولي,"[""title"", ""content"", ""source"", ""category"", ""tags"", ""isActive"", ""createdAt"", ""updatedAt""]","{""title"": ""قانون الأوقاف الأردني - المادة 15: صلاحيات المتولي"", ""content"": ""للمتولي إدارة الوقف وتأجير أعيانه واستثمارها بما يحقق مصلحة الوقف، وله أن يقاضي ويقاضى باسم الوقف."", ""source"": ""قانون الأوقاف الأردني رقم 23 لسنة 1964"", ""category"": ""law"", ""tags"": ""المتولي، الإدارة، التأجير"", ""isActive"": ""1"", ""createdAt"": ""FROM_UNIXTIME(1767919441)"", ""updatedAt"": ""FROM_UNIXTIME(1767919441)""}",0779823df1c1c8cb
scripts/clean-import.sql,knowledge_documents,1,قانون الأوقاف الأردني - المادة 20: الإشراف على الأوقاف,"[""title"", ""content"", ""source"", ""category"", ""tags"", ""isActive"", ""createdAt"", ""updatedAt""]","{""title"": ""قانون الأوقاف الأردني - المادة 20: الإشراف على الأوقاف"", ""content"": ""تشرف وزارة الأوقاف على جميع الأوقاف الخيرية والذرية، ولها حق الرقابة والتفتيش على أعمال المتولين."", ""source"": ""قانون الأوقاف الأردني رقم 23 لسنة 1964"", ""category"": ""law"", ""tags"": ""وزارة الأوقاف، الإشراف، الرقابة"", ""isActive"": ""1"", ""createdAt"": ""FROM_UNIXTIME(1767919441)"", ""updatedAt"": ""FROM_UNIXTIME(1767919441)""}",75e5cd53ff7e7fd3
scripts/clean-import.sql,knowledge_documents,1,قرار بقانون رقم 1 لسنة 2018 - المادة 2: أهداف الوزارة,"[""title"", ""content"", ""source"", ""category"", ""tags"", ""isActive"", ""createdAt"", ""updatedAt""]","{""title"": ""قرار بقانون رقم 1 لسنة 2018 - المادة 2: أهداف الوزارة"", ""content"": ""تهدف وزارة الأوقاف والشؤون الدينية إلى إدارة وتنظيم الأوقاف الإسلامية وحمايتها وتنميتها واستثمارها."", ""source"": ""قرار بقانون رقم (1) لسنة 2018 بشأن الأوقاف الإسلامية"", ""category"": ""law"", ""tags"": ""وزارة الأوقاف، الأهداف، الإدارة"", ""isActive"": ""1"", ""createdAt"": ""FROM_UNIXTIME(1767919441)"", ""updatedAt"": ""FROM_UNIXTIME(1767919441)""}",f7d5395377393d85
scripts/clean-import.sql,knowledge_documents,1,قرار بقانون 2018 - المادة 5: المجلس الأعلى للأوقاف,"[""title"", ""content"", ""source"", ""category"", ""tags"", ""isActive"", ""createdAt"", ""updatedAt""]","{""title"": ""قرار بقانون 2018 - المادة 5: المجلس الأعلى للأوقاف"", ""content"": ""يشكل مجلس أعلى للأوقاف برئاسة الوزير وعضوية ممثلين عن الجهات ذات العلاقة، ويختص بوضع السياسات العامة للأوقاف."", ""source"": ""قرار بقانون رقم (1) لسنة 2018"", ""category"": ""law"", ""tags"": ""المجلس الأعلى، السياسات، الوزير"", ""isActive"": ""1"", ""createdAt"": ""FROM_UNIXTIME(1767919441)"", ""updatedAt"": ""FROM_UNIXTIME(1767919441)""}",748028cde4f5b792
scripts/clean-import.sql,knowledge_documents,1,قرار بقانون 2018 - المادة 10: حماية الأوقاف,"[""title"", ""content"", ""source"", ""category"", ""tags"", ""isActive"", ""createdAt"", ""updatedAt""]","{""title"": ""قرار بقانون 2018 - المادة 10: حماية الأوقاف"", ""content"": ""تتمتع الأوقاف بالحماية القانونية، ولا يجوز الاعتداء عليها أو الاستيلاء عليها أو تغيير معالمها."", ""source"": ""قرار بقانون رقم (1) لسنة 2018"", ""category"": ""law"", ""tags"": ""حماية الأوقاف، الاعتداء، الاستيلاء"", ""isActive"": ""1"", ""createdAt"": ""FROM_UNIXTIME(1767919441)"", ""updatedAt"": ""FROM_UNIXTIME(1767919441)""}",8ca6d559ca87711c
scripts/clean-import.sql,knowledge_documents,1,الفقه الحنفي - تعريف الوقف,"[""title"", ""content"", ""source"", ""category"", ""tags"", ""isActive"", ""createdAt"", ""updatedAt""]","{""title"": ""الفقه الحنفي - تعريف الوقف"", ""content"": ""الوقف في الفقه الحنفي هو حبس العين على ملك الواقف والتصدق بالمنفعة. فالعين تبقى على ملك الواقف، والمنفعة تصرف في الجهة الموقوف عليها."", ""source"": ""الفقه الحنفي - كتاب الوقف"", ""category"": ""jurisprudence"", ""tags"": ""الفقه الحنفي، تعريف الوقف، حبس العين"", ""isActive"": ""1"", ""createdAt"": ""FROM_UNIXTIME(1767919441)"", ""updatedAt"": ""FROM_UNIXTIME(1767919441)""}",75eac2ebdb6eec8a
scripts/clean-import.sql,knowledge_documents,1,الفقه الحنفي - شروط صحة الوقف,"[""title"", ""content"", ""source"", ""category"", ""tags"", ""isActive"", ""createdAt"", ""updatedAt""]","{""title"": ""الفقه الحنفي - شروط صحة الوقف"", ""content"": ""يشترط لصحة الوقف في المذهب الحنفي: التأبيد، والقربة، وخروج الموقوف عن ملك الواقف حكماً، والقبول من الموقوف عليه إن كان معيناً."", ""source"": ""الفقه الحنفي - كتاب الوقف"", ""category"": ""jurisprudence"", ""tags"": ""شروط الوقف، التأبيد، القربة"", ""isActive"": ""1"", ""createdAt"": ""FROM_UNIXTIME(1767919441)"", ""updatedAt"": ""FROM_UNIXTIME(1767919441)""}",5d90054eef4699c7
scripts/clean-import.sql,knowledge_documents,1,الفقه الحنفي - وقف المنقول,"[""title"", ""content"", ""source"", ""category"", ""tags"", ""isActive"", ""createdAt"", ""updatedAt""]","{""title"": ""الفقه الحنفي - وقف المنقول"", ""content"": ""لا يجوز وقف المنقول في المذهب الحنفي إلا ما جرى به العرف والتعامل كالكتب والسلاح، أو ما كان تابعاً لوقف العقار."", ""source"": ""الفقه الحنفي - كتاب الوقف"", ""category"": ""jurisprudence"", ""tags"": ""وقف المنقول، العرف، التعامل"", ""isActive"": ""1"", ""createdAt"": ""FROM_UNIXTIME(1767919441)"", ""updatedAt"": ""FROM_UNIXTIME(1767919441)""}",18ac2795b1487441
scripts/clean-import.sql,knowledge_documents,1,الفقه الحنفي - استبدال الوقف,"[""title"", ""content"", ""source"", ""category"", ""tags"", ""isActive"", ""createdAt"", ""updatedAt""]","{""title"": ""الفقه الحنفي - استبدال الوقف"", ""content"": ""لا يجوز استبدال الوقف في المذهب الحنفي إلا إذا تعطلت منافعه بالكلية، وكان في الاستبدال مصلحة ظاهرة، وبإذن القاضي."", ""source"": ""الفقه الحنفي - كتاب الوقف"", ""category"": ""jurisprudence"", ""tags"": ""استبدال الوقف، المصلحة، القاضي"", ""isActive"": ""1"", ""createdAt"": ""FROM_UNIXTIME(1767919441)"", ""updatedAt"": ""FROM_UNIXTIME(1767919441)""}",8ace7cf69d109f5c
scripts/clean-import.sql,knowledge_documents,1,أوقاف القدس التاريخية - المسجد الأقصى,"[""title"", ""content"", ""source"", ""category"", ""tags"", ""isActive"", ""createdAt"", ""updatedAt""]","{""title"": ""أوقاف القدس التاريخية - المسجد الأقصى"", ""content"": ""المسجد الأقصى المبارك وقف إسلامي خالص منذ الفتح الإسلامي، ولا يجوز التصرف فيه أو في أي جزء منه."", ""source"": ""دراسات تاريخية عن أوقاف القدس"", ""category"": ""historical"", ""tags"": ""المسجد الأقصى، القدس، الوقف الإسلامي"", ""isActive"": ""1"", ""createdAt"": ""FROM_UNIXTIME(1767919441)"", ""updatedAt"": ""FROM_UNIXTIME(1767919441)""}",5ae7fce9319e7e9b
scripts/clean-import.sql,knowledge_documents,1,أوقاف القدس - الأوقاف الصلاحية,"[""title"", ""content"", ""source"", ""category"", ""tags"", ""isActive"", ""createdAt"", ""updatedAt""]","{""title"": ""أوقاف القدس - الأوقاف الصلاحية"", ""content"": ""أوقف صلاح الدين الأيوبي العديد من الأراضي والعقارات في القدس لخدمة المسجد الأقصى والفقراء والمساكين."", ""source"": ""تاريخ أوقاف القدس"", ""category"": ""historical"", ""tags"": ""صلاح الدين، الأوقاف الصلاحية، القدس"", ""isActive"": ""1"", ""createdAt"": ""FROM_UNIXTIME(1767919441)"", ""updatedAt"": ""FROM_UNIXTIME(1767919441)""}",c88d0dc3955508b4
scripts/clean-import.sql,knowledge_documents,1,أوقاف القدس - الزوايا والتكايا,"[""title"", ""content"", ""source"", ""category"", ""tags"", ""isActive"", ""createdAt"", ""updatedAt""]","{""title"": ""أوقاف القدس - الزوايا والتكايا"", ""content"": ""انتشرت الزوايا والتكايا الموقوفة في القدس لخدمة الفقراء والمسافرين وطلاب العلم، وكانت تمول من ريع الأوقاف."", ""source"": ""تاريخ أوقاف القدس"", ""category"": ""historical"", ""tags"": ""الزوايا، التكايا، الأوقاف الخيرية"", ""isActive"": ""1"", ""createdAt"": ""FROM_UNIXTIME(1767919441)"", ""updatedAt"": ""FROM_UNIXTIME(1767919441)""}",8cf4c2b9e0859b91
scripts/clean-import.sql,knowledge_documents,1,أوقاف القدس - المدارس الوقفية,"[""title"", ""content"", ""source"", ""category"", ""tags"", ""isActive"", ""createdAt"", ""updatedAt""]","{""title"": ""أوقاف القدس - المدارس الوقفية"", ""content"": ""أنشئت العديد من المدارس الوقفية في القدس لتعليم القرآن والعلوم الشرعية، وكانت تمول من ريع الأوقاف."", ""source"": ""تاريخ التعليم في القدس"", ""category"": ""historical"", ""tags"": ""المدارس الوقفية، التعليم، القدس"", ""isActive"": ""1"", ""createdAt"": ""FROM_UNIXTIME(1767919441)"", ""updatedAt"": ""FROM_UNIXTIME(1767919441)""}",b12876f5b90a78cb
scripts/clean-import.sql,knowledge_documents,1,قانون أملاك الغائبين الإسرائيلي 1950 - التعريف,"[""title"", ""content"", ""source"", ""category"", ""tags"", ""isActive"", ""createdAt"", ""updatedAt""]","{""title"": ""قانون أملاك الغائبين الإسرائيلي 1950 - التعريف"", ""content"": ""يعرف القانون الإسرائيلي 'الغائب' بأنه كل من ترك مكان إقامته في فلسطين قبل 1948 أو بعده، وتم الاستيلاء على أملاكه."", ""source"": ""قانون أملاك الغائبين الإسرائيلي (1950)"", ""category"": ""law"", ""tags"": ""أملاك الغائبين، الاستيلاء، فلسطين"", ""isActive"": ""1"", ""createdAt"": ""FROM_UNIXTIME(1767919441)"", ""updatedAt"": ""FROM_UNIXTIME(1767919441)""}",c725a485353caaea
scripts/clean-import.sql,knowledge_documents,1,قانون أملاك الغائبين - الأوقاف,"[""title"", ""content"", ""source"", ""category"", ""tags"", ""isActive"", ""createdAt"", ""updatedAt""]","{""title"": ""قانون أملاك الغائبين - الأوقاف"", ""content"": ""استولت إسرائيل على العديد من الأوقاف الإسلامية بحجة أنها أملاك غائبين، رغم أن الوقف لا يملكه شخص معين."", ""source"": ""قانون أملاك الغائبين الإسرائيلي (1950)"", ""category"": ""law"", ""tags"": ""الأوقاف، الاستيلاء، أملاك الغائبين"", ""isActive"": ""1"", ""createdAt"": ""FROM_UNIXTIME(1767919441)"", ""updatedAt"": ""FROM_UNIXTIME(1767919441)""}",e80d01142cbbfd84
scripts/clean-import.sql,knowledge_documents,1,الانتداب البريطاني - قانون الأوقاف 1922,"[""title"", ""content"", ""source"", ""category"", ""tags"", ""isActive"", ""createdAt"", ""updatedAt""]","{""title"": ""الانتداب البريطاني - قانون الأوقاف 1922"", ""content"": ""أصدرت سلطات الانتداب البريطاني قانون الأوقاف عام 1922 الذي نظم إدارة الأوقاف وأنشأ المجلس الإسلامي الأعلى."", ""source"": ""قوانين الانتداب البريطاني"", ""category"": ""historical"", ""tags"": ""الانتداب البريطاني، قانون الأوقاف، المجلس الإسلامي"", ""isActive"": ""1"", ""createdAt"": ""FROM_UNIXTIME(1767919441)"", ""updatedAt"": ""FROM_UNIXTIME(1767919441)""}",068305e5ea0e52a1
scripts/clean-import.sql,knowledge_documents,1,المجلس الإسلامي الأعلى - الصلاحيات,"[""title"", ""content"", ""source"", ""category"", ""tags"", ""isActive"", ""createdAt"", ""updatedAt""]","{""title"": ""المجلس الإسلامي الأعلى - الصلاحيات"", ""content"": ""كان للمجلس الإسلامي الأعلى صلاحيات واسعة في إدارة الأوقاف والمحاكم الشرعية والشؤون الدينية في فلسطين."", ""source"": ""تاريخ المجلس الإسلامي الأعلى"", ""category"": ""historical"", ""tags"": ""المجلس الإسلامي، الصلاحيات، الإدارة"", ""isActive"": ""1"", ""createdAt"": ""FROM_UNIXTIME(1767919441)"", ""updatedAt"": ""FROM_UNIXTIME(1767919441)""}",80e5fc7ba6e378bb
scripts/clean-import.sql,knowledge_documents,1,الحاج أمين الحسيني - رئيس المجلس الإسلامي,"[""title"", ""content"", ""source"", ""category"", ""tags"", ""isActive"", ""createdAt"", ""updatedAt""]","{""title"": ""الحاج أمين الحسيني - رئيس المجلس الإسلامي"", ""content"": ""ترأس الحاج أمين الحسيني المجلس الإسلامي الأعلى وعمل على تطوير الأوقاف وترميم المسجد الأقصى."", ""source"": ""سيرة الحاج أمين الحسيني"", ""category"": ""historical"", ""tags"": ""الحاج أمين، المجلس الإسلامي، الأقصى"", ""isActive"": ""1"", ""createdAt"": ""FROM_UNIXTIME(1767919441)"", ""updatedAt"": ""FROM_UNIXTIME(1767919441)""}",8f3ed8fdf74535fb
scripts/clean-import.sql,knowledge_documents,1,ترميم المسجد الأقصى - الفترة البريطانية,"[""title"", ""content"", ""source"", ""category"", ""tags"", ""isActive"", ""createdAt"", ""updatedAt""]","{""title"": ""ترميم المسجد الأقصى - الفترة البريطانية"", ""content"": ""قام المجلس الإسلامي الأعلى بترميمات واسعة للمسجد الأقصى في الثلاثينيات، ممولة من تبرعات المسلمين وريع الأوقاف."", ""source"": ""تاريخ ترميم الأقصى"", ""category"": ""historical"", ""tags"": ""ترميم الأقصى، المجلس الإسلامي، التبرعات"", ""isActive"": ""1"", ""createdAt"": ""FROM_UNIXTIME(1767919441)"", ""updatedAt"": ""FROM_UNIXTIME(1767919441)""}",b8b1a64e8caa7f57
scripts/clean-import.sql,knowledge_documents,1,الأوقاف في الضفة الغربية - الإدارة الأردنية,"[""title"", ""content"", ""source"", ""category"", ""tags"", ""isActive"", ""createdAt"", ""updatedAt""]","{""title"": ""الأوقاف في الضفة الغربية - الإدارة الأردنية"", ""content"": ""أدارت الأردن الأوقاف في الضفة الغربية من 1948 إلى 1967 وفق قانون الأوقاف الأردني رقم 23 لسنة 1964."", ""source"": ""تاريخ الأوقاف في الضفة الغربية"", ""category"": ""historical"", ""tags"": ""الإدارة الأردنية، الضفة الغربية، الأوقاف"", ""isActive"": ""1"", ""createdAt"": ""FROM_UNIXTIME(1767919441)"", ""updatedAt"": ""FROM_UNIXTIME(1767919441)""}",c1c0f703736640fd
scripts/clean-import.sql,knowledge_documents,1,الأوقاف بعد 1967 - الاحتلال الإسرائيلي,"[""title"", ""content"", ""source"", ""category"", ""tags"", ""isActive"", ""createdAt"", ""updatedAt""]","{""title"": ""الأوقاف بعد 1967 - الاحتلال الإسرائيلي"", ""content"": ""استولت إسرائيل على العديد من الأوقاف في القدس والضفة الغربية بعد 1967، وفرضت قيوداً على إدارتها."", ""source"": ""الأوقاف تحت الاحتلال"", ""category"": ""historical"", ""tags"": ""الاحتلال، الاستيلاء، القدس"", ""isActive"": ""1"", ""createdAt"": ""FROM_UNIXTIME(1767919441)"", ""updatedAt"": ""FROM_UNIXTIME(1767919441)""}",14b7c6a2b64c9938
scripts/clean-import.sql,knowledge_documents,1,حارة المغاربة - الهدم,"[""title"", ""content"", ""source"", ""category"", ""tags"", ""isActive"", ""createdAt"", ""updatedAt""]","{""title"": ""حارة المغاربة - الهدم"", ""content"": ""هدمت إسرائيل حارة المغاربة الوقفية بالكامل عام 1967، وشردت سكانها لإنشاء ساحة البراق."", ""source"": ""تاريخ حارة المغاربة"", ""category"": ""historical"", ""tags"": ""حارة المغاربة، الهدم، الاحتلال"", ""isActive"": ""1"", ""createdAt"": ""FROM_UNIXTIME(1767919441)"", ""updatedAt"": ""FROM_UNIXTIME(1767919441)""}",a2035120e22297c1
scripts/clean-import.sql,knowledge_documents,1,وقف أبو مدين الغوث - القدس,"[""title"", ""content"", ""source"", ""category"", ""tags"", ""isActive"", ""createdAt"", ""updatedAt""]","{""title"": ""وقف أبو مدين الغوث - القدس"", ""content"": ""وقف أبو مدين الغوث من أقدم الأوقاف في القدس، ويشمل عقارات ومساجد ومدارس، وتعرض للاستيلاء الإسرائيلي."", ""source"": ""أوقاف القدس التاريخية"", ""category"": ""historical"", ""tags"": ""أبو مدين، الأوقاف، القدس"", ""isActive"": ""1"", ""createdAt"": ""FROM_UNIXTIME(1767919441)"", ""updatedAt"": ""FROM_UNIXTIME(1767919441)""}",22e941552bc76416
scripts/clean-import.sql,knowledge_documents,1,الفقه المالكي - تعريف الوقف,"[""title"", ""content"", ""source"", ""category"", ""tags"", ""isActive"", ""createdAt"", ""updatedAt""]","{""title"": ""الفقه المالكي - تعريف الوقف"", ""content"": ""الوقف في المذهب المالكي هو جعل المنفعة للموقوف عليه ولو في المآل، مع بقاء العين على ملك الواقف أو على حكم ملكه."", ""source"": ""الفقه المالكي - كتاب الوقف"", ""category"": ""jurisprudence"", ""tags"": ""الفقه المالكي، تعريف الوقف، المنفعة"", ""isActive"": ""1"", ""createdAt"": ""FROM_UNIXTIME(1767919441)"", ""updatedAt"": ""FROM_UNIXTIME(1767919441)""}",650a6a4cd2a65bce
scripts/clean-import.sql,knowledge_documents,1,الفقه الشافعي - تعريف الوقف,"[""title"", ""content"", ""source"", ""category"", ""tags"", ""isActive"", ""createdAt"", ""updatedAt""]","{""title"": ""الفقه الشافعي - تعريف الوقف"", ""content"": ""الوقف في المذهب الشافعي هو حبس مال يمكن الانتفاع به مع بقاء عينه، بقطع التصرف في رقبته على مصرف مباح موجود."", ""source"": ""الفقه الشافعي - كتاب الوقف"", ""category"": ""jurisprudence"", ""tags"": ""الفقه الشافعي، تعريف الوقف، حبس المال"", ""isActive"": ""1"", ""createdAt"": ""FROM_UNIXTIME(1767919441)"", ""updatedAt"": ""FROM_UNIXTIME(1767919441)""}",8fc51348f4fa1541
scripts/clean-import.sql,knowledge_documents,1,الفقه الحنبلي - تعريف الوقف,"[""title"", ""content"", ""source"", ""category"", ""tags"", ""isActive"", ""createdAt"", ""updatedAt""]","{""title"": ""الفقه الحنبلي - تعريف الوقف"", ""content"": ""الوقف في المذهب الحنبلي هو تحبيس الأصل وتسبيل المنفعة، فتحبس العين ويسبل نفعها في سبيل الخير."", ""source"": ""الفقه الحنبلي - كتاب الوقف"", ""category"": ""jurisprudence"", ""tags"": ""الفقه الحنبلي، تعريف الوقف، تحبيس الأصل"", ""isActive"": ""1"", ""createdAt"": ""FROM_UNIXTIME(1767919441)"", ""updatedAt"": ""FROM_UNIXTIME(1767919441)""}",1ff95ea82e616362
scripts/clean-import.sql,knowledge_documents,1,شروط الموقوف - الفقه الإسلامي,"[""title"", ""content"", ""source"", ""category"", ""tags"", ""isActive"", ""createdAt"", ""updatedAt""]","{""title"": ""شروط الموقوف - الفقه الإسلامي"", ""content"": ""يشترط في الموقوف أن يكون مالاً متقوماً يمكن الانتفاع به مع بقاء عينه، كالعقار والحيوان والكتب."", ""source"": ""الفقه الإسلامي العام"", ""category"": ""jurisprudence"", ""tags"": ""شروط الموقوف، المال المتقوم، الانتفاع"", ""isActive"": ""1"", ""createdAt"": ""FROM_UNIXTIME(1767919441)"", ""updatedAt"": ""FROM_UNIXTIME(1767919441)""}",ac287b9f53e63c19
scripts/clean-import.sql,knowledge_documents,1,الوقف على النفس - الخلاف الفقهي,"[""title"", ""content"", ""source"", ""category"", ""tags"", ""isActive"", ""createdAt"", ""updatedAt""]","{""title"": ""الوقف على النفس - الخلاف الفقهي"", ""content"": ""اختلف الفقهاء في جواز الوقف على النفس، فأجازه الحنفية والحنابلة، ومنعه المالكية والشافعية."", ""source"": ""الفقه المقارن - الوقف"", ""category"": ""jurisprudence"", ""tags"": ""الوقف على النفس، الخلاف الفقهي، المذاهب"", ""isActive"": ""1"", ""createdAt"": ""FROM_UNIXTIME(1767919441)"", ""updatedAt"": ""FROM_UNIXTIME(1767919441)""}",f3585856c1841562
scripts/clean-import.sql,knowledge_documents,1,نظارة الوقف - الشروط والأحكام,"[""title"", ""content"", ""source"", ""category"", ""tags"", ""isActive"", ""createdAt"", ""updatedAt""]","{""title"": ""نظارة الوقف - الشروط والأحكام"", ""content"": ""للواقف أن يشترط النظارة لنفسه أو لغيره، وللناظر أن يتقاضى أجرة على عمله بقدر المعروف إن لم يشترط الواقف."", ""source"": ""الفقه الإسلامي - أحكام الوقف"", ""category"": ""jurisprudence"", ""tags"": ""نظارة الوقف، الناظر، الأجرة"", ""isActive"": ""1"", ""createdAt"": ""FROM_UNIXTIME(1767919441)"", ""updatedAt"": ""FROM_UNIXTIME(1767919441)""}",e5259fdd3b488b91
scripts/clean-import.sql,knowledge_documents,1,شرط الواقف - الالتزام به,"[""title"", ""content"", ""source"", ""category"", ""tags"", ""isActive"", ""createdAt"", ""updatedAt""]","{""title"": ""شرط الواقف - الالتزام به"", ""content"": ""شرط الواقف كنص الشارع في اللزوم، فيجب الالتزام بشروط الواقف ما لم تخالف الشرع."", ""source"": ""القواعد الفقهية - الوقف"", ""category"": ""jurisprudence"", ""tags"": ""شرط الواقف، الالتزام، الشرع"", ""isActive"": ""1"", ""createdAt"": ""FROM_UNIXTIME(1767919441)"", ""updatedAt"": ""FROM_UNIXTIME(1767919441)""}",d14f102fe2f0baf8
scripts/clean-import.sql,knowledge_documents,1,الوقف المؤقت - حكمه,"[""title"", ""content"", ""source"", ""category"", ""tags"", ""isActive"", ""createdAt"", ""updatedAt""]","{""title"": ""الوقف المؤقت - حكمه"", ""content"": ""اختلف الفقهاء في جواز الوقف المؤقت، فأجازه المالكية ومنعه الجمهور، واشترطوا التأبيد في الوقف."", ""source"": ""الفقه المقارن - الوقف"", ""category"": ""jurisprudence"", ""tags"": ""الوقف المؤقت، التأبيد، الخلاف"", ""isActive"": ""1"", ""createdAt"": ""FROM_UNIXTIME(1767919441)"", ""updatedAt"": ""FROM_UNIXTIME(1767919441)""}",4046703dfe5b2355
scripts/clean-import.sql,knowledge_documents,1,الوقف على غير المسلمين - الحكم,"[""title"", ""content"", ""source"", ""category"", ""tags"", ""isActive"", ""createdAt"", ""updatedAt""]","{""title"": ""الوقف على غير المسلمين - الحكم"", ""content"": ""يجوز الوقف على غير المسلمين في أمور البر كالفقراء والمرضى، ولا يجوز على الكنائس والبيع."", ""source"": ""الفقه الإسلامي - أحكام الوقف"", ""category"": ""jurisprudence"", ""tags"": ""الوقف على غير المسلمين، البر، الجواز"", ""isActive"": ""1"", ""createdAt"": ""FROM_UNIXTIME(1767919441)"", ""updatedAt"": ""FROM_UNIXTIME(1767919441)""}",529544fbe8f6d95e
scripts/clean-import.sql,knowledge_documents,1,إحياء الوقف المتعطل - الأحكام,"[""title"", ""content"", ""source"", ""category"", ""tags"", ""isActive"", ""createdAt"", ""updatedAt""]","{""title"": ""إحياء الوقف المتعطل - الأحكام"", ""content"": ""إذا تعطل الوقف وخرب، فللناظر أو القاضي إحياؤه وتعميره من ريع الوقف أو من بيت المال إن لم يكن للوقف ريع."", ""source"": ""الفقه الإسلامي - إدارة الأوقاف"", ""category"": ""jurisprudence"", ""tags"": ""إحياء الوقف، التعمير، الناظر"", ""isActive"": ""1"", ""createdAt"": ""FROM_UNIXTIME(1767919441)"", ""updatedAt"": ""FROM_UNIXTIME(1767919441)""}",1088dd93a1358809
scripts/clean-import.sql,knowledge_documents,1,الوقف الأهلي - التعريف والأحكام,"[""title"", ""content"", ""source"", ""category"", ""tags"", ""isActive"", ""createdAt"", ""updatedAt""]","{""title"": ""الوقف الأهلي - التعريف والأحكام"", ""content"": ""الوقف الأهلي هو ما وقف على الذرية والأقارب ثم على جهة بر، وله أحكام خاصة في الإدارة والتوزيع."", ""source"": ""الفقه الإسلامي - أنواع الوقف"", ""category"": ""jurisprudence"", ""tags"": ""الوقف الأهلي، الذرية، الأقارب"", ""isActive"": ""1"", ""createdAt"": ""FROM_UNIXTIME(1767919441)"", ""updatedAt"": ""FROM_UNIXTIME(1767919441)""}",7475f0f3ba84b747
scripts/clean-import.sql,knowledge_documents,1,الوقف المشترك - الأحكام,"[""title"", ""content"", ""source"", ""category"", ""tags"", ""isActive"", ""createdAt"", ""updatedAt""]","{""title"": ""الوقف المشترك - الأحكام"", ""content"": ""يجوز أن يشترك أكثر من واحد في وقف عين واحدة، ولكل منهم نصيبه في الثواب والأجر."", ""source"": ""الفقه الإسلامي - أحكام الوقف"", ""category"": ""jurisprudence"", ""tags"": ""الوقف المشترك، الاشتراك، النصيب"", ""isActive"": ""1"", ""createdAt"": ""FROM_UNIXTIME(1767919441)"", ""updatedAt"": ""FROM_UNIXTIME(1767919441)""}",0eaf3818b22d21dc
scripts/clean-import.sql,knowledge_documents,1,الوقف على المساجد - الفضل والأحكام,"[""title"", ""content"", ""source"", ""category"", ""tags"", ""isActive"", ""createdAt"", ""updatedAt""]","{""title"": ""الوقف على المساجد - الفضل والأحكام"", ""content"": ""الوقف على المساجد من أفضل أنواع الوقف، ويشمل بناء المساجد والإنفاق على صيانتها وخدمتها."", ""source"": ""الفقه الإسلامي - فضائل الوقف"", ""category"": ""jurisprudence"", ""tags"": ""الوقف على المساجد، الفضل، البناء"", ""isActive"": ""1"", ""createdAt"": ""FROM_UNIXTIME(1767919441)"", ""updatedAt"": ""FROM_UNIXTIME(1767919441)""}",8662dad614e79dee
scripts/clean-import.sql,knowledge_documents,1,قانون الأوقاف والشؤون الدينية رقم (26) لسنة 1966م وتعديلاته,"[""title"", ""content"", ""source"", ""category"", ""tags"", ""isActive"", ""createdAt"", ""updatedAt""]","{""title"": ""قانون الأوقاف والشؤون الدينية رقم (26) لسنة 1966م وتعديلاته"", ""content"": ""قانون الأوقاف والشؤون الدينية رقم (26) لسنة 1966م هو القانون الأساسي الذي ينظم شؤون الأوقاف في فلسطين. صدر في عهد المملكة الأردنية الهاشمية ولا يزال ساري المفعول مع تعديلات حتى عام 2023.\n\nأهم التعريفات:\n- الأوقاف والشؤون الدينية: الأموال المنقولة أو غير المنقولة الموقوفة على جهة بر لا تنقطع ابتداء أو انتهاء، والمساجد وملحقاتها والمقامات ودور التكايا والزوايا والمقابر الإسلامية.\n\nأهداف الوزارة:\n1. المحافظة على المساجد وأموال الأوقاف وصيانتها وتنميتها وإدارة شؤونها\n2. العناية بتطوير المسجد ليؤدي رسالته في مجالات التربية الإسلامية\n3. إذكاء روح التضحية والجهاد والثبات في الأمة\n4. تنمية الأخلاق الإسلامية وتمكينها في حياة المسلمين\n5. دعم النشاط الإسلامي العام والتعليم الديني\n6. نشر الثقافة الإسلامية والمحافظة على التراث الإسلامي\n\nالشخصية القانونية: للوزارة شخصية معنوية واستقلال مالي وإداري."", ""source"": ""https://mjr.ogb.gov.ps/MergedLegislations/ViewText/165/"", ""category"": ""law"", ""tags"": ""قانون الأوقاف، فلسطين، الأردن، الشؤون الدينية، المساجد، الوقف الخيري، التشريعات الإسلامية، وزارة الأوقاف"", ""isActive"": ""1"", ""createdAt"": ""FROM_UNIXTIME(1767919441)"", ""updatedAt"": ""FROM_UNIXTIME(1767919441)""}",86e4d6e4b01f46e2
scripts/clean-import.sql,knowledge_documents,1,قانون الأراضي العثماني 1858,"[""title"", ""content"", ""source"", ""category"", ""tags"", ""isActive"", ""createdAt"", ""updatedAt""]","{""title"": ""قانون الأراضي العثماني 1858"", ""content"": ""قانون الأراضي العثماني الصادر عام 1858 (1274 هجري) هو القانون الأساسي الذي ينظم ملكية الأراضي في فلسطين. لا يزال ساري النفاذ في الضفة الغربية وغزة.\n\nتقسيم الأراضي (المادة 1):\n1. الأراضي المملوكة: المحلات الحاصل التصرف بها على وجه الملكية\n2. الأراضي الأميرية: الأراضي التابعة لبيت المال\n3. الأراضي الموقوفة: الأراضي الموقوفة وفقاً للشرع\n4. الأراضي المتروكة: المخصصة لعموم الناس أو أهالي القرى\n5. الأراضي الموات: الأراضي الخالية البعيدة عن العمران\n\nالأراضي الموقوفة (المادة 4):\nالقسم الأول: الأراضي التي كانت من الأراضي المملوكة صحيحاً وأوقفت وفقاً للشرع الشريف. رقبتها وجميع حقوق التصرف بها عائدة إلى جانب الوقف.\n\nالقسم الثاني: الأراضي المفرزة من الأراضي الأميرية التي أوقفها السلاطين أو آخرون بالإذن السلطاني. وقفيتها عبارة عن تخصيص منافعها لجهة ما، ورقبتها تعود إلى بيت المال.\n\nالطابو: هو الرسم الذي يعطى في مقابلة حق التصرف في الأراضي الأميرية."", ""source"": ""https://maqam.najah.edu/legislation/169/"", ""category"": ""law"", ""tags"": ""قانون الأراضي العثماني، الأراضي الموقوفة، الطابو، الأراضي الأميرية، فلسطين، التشريعات العثمانية، الملكية العقارية"", ""isActive"": ""1"", ""createdAt"": ""FROM_UNIXTIME(1767919441)"", ""updatedAt"": ""FROM_UNIXTIME(1767919441)""}",e63994c89b076747
scripts/clean-import.sql,knowledge_documents,1,مجلة الأحكام العدلية - كتاب الوقف,"[""title"", ""content"", ""source"", ""category"", ""tags"", ""isActive"", ""createdAt"", ""updatedAt""]","{""title"": ""مجلة الأحكام العدلية - كتاب الوقف"", ""content"": ""مجلة الأحكام العدلية هي القانون المدني العثماني المستمد من الفقه الحنفي، صدرت عام 1876م (1293 هـ). تحتوي على أحكام الوقف المستمدة من المذهب الحنفي.\n\nتعريف العقار (المادة 1270): ما لا يمكن نقله من محل إلى آخر؛ كالدور والأراضي.\n\nالولاية على الوقف (المادة 974): الولاية الخاصة أقوى من الولاية العامة، فولاية المتولي على الوقف أولى من ولاية القاضي عليه.\n\nأحكام الوقف:\n- الوقف يجوز على جهة بر لا تنقطع\n- العقار يجوز وقفه بالإجماع\n- المنقول يجوز وقفه عند أبي يوسف ومحمد خلافاً لأبي حنيفة\n- من شرط الموقوف التأبيد، والعقار مؤبد"", ""source"": ""https://dorar.net/feqhia/6119/"", ""category"": ""law"", ""tags"": ""مجلة الأحكام العدلية، الفقه الحنفي، الوقف، العقار، المتولي، الولاية، القانون العثماني"", ""isActive"": ""1"", ""createdAt"": ""FROM_UNIXTIME(1767919441)"", ""updatedAt"": ""FROM_UNIXTIME(1767919441)""}",c957aa60bee0679c
scripts/clean-import.sql,knowledge_documents,1,المبسوط للسرخسي - كتاب الوقف,"[""title"", ""content"", ""source"", ""category"", ""tags"", ""isActive"", ""createdAt"", ""updatedAt""]","{""title"": ""المبسوط للسرخسي - كتاب الوقف"", ""content"": ""المبسوط هو أحد أهم كتب الفقه الحنفي، ألفه محمد بن أحمد بن أبي سهل شمس الأئمة السرخسي (ت 483 هـ).\n\nتعريف الوقف: لغة: الحبس. وشرعاً: حبس المملوك عن التصرف فيه وتسبيل منفعته.\n\nاختلاف الأئمة في ملكية الوقف:\n- أبو حنيفة: الوقف لا يزيل الملك عن الواقف، ويبقى على ملكه، لكن يمتنع عن التصرف فيه.\n- أبو يوسف ومحمد: الوقف يزيل الملك، ويحبس العين عن الدخول في ملك غيره، وتصير ملكاً لله تعالى.\n\nشروط صحة الوقف:\n1. أن يكون على جهة بر لا تنقطع\n2. أن يكون المال مما يمكن الانتفاع به مع بقاء عينه\n3. أن يكون الواقف أهلاً للتبرع\n4. أن يكون الوقف منجزاً غير معلق\n\nأحكام المسجد: إذا بنى على منزله مسجداً وسكن أسفله أو جعله سرداباً ثم مات، فهو ميراث وليس مسجداً. المسجد ما يحرز أصله عن ملك العباد."", ""source"": ""https://shamela.ws/book/5423/2508"", ""category"": ""jurisprudence"", ""tags"": ""المبسوط، السرخسي، الفقه الحنفي، الوقف، أبو حنيفة، أبو يوسف، محمد، ملكية الوقف، شروط الوقف"", ""isActive"": ""1"", ""createdAt"": ""FROM_UNIXTIME(1767919441)"", ""updatedAt"": ""FROM_UNIXTIME(1767919441)""}",281fb3b507a05f02
scripts/clean-import.sql,knowledge_documents,1,فتح القدير لابن الهمام - كتاب الوقف,"[""title"", ""content"", ""source"", ""category"", ""tags"", ""isActive"", ""createdAt"", ""updatedAt""]","{""title"": ""فتح القدير لابن الهمام - كتاب الوقف"", ""content"": ""فتح القدير هو شرح على الهداية، ألفه محمد بن عبد الواحد السيواسي المعروف بابن الهمام الحنفي (ت 861 هـ).\n\nالوقف في مرض الموت:\n- أبو حنيفة: يعتبر من الثلث لأنه تبرع\n- أبو يوسف ومحمد: يعتبر من رأس المال لأنه ليس تمليكاً\n\nخروج الوقف عن الملك: ليس من مقتضيات لفظ \""وقفت داري\"" أو \""حبستها\"" خروجها عن الملك، فيصدق مع كل منهما (البقاء في الملك أو الخروج منه)، فالترجيح بالدليل.\n\nالوقف على الذرية:\n- يجوز الوقف على الذرية والأولاد\n- يجوز الوقف على من سيولد في المستقبل القريب"", ""source"": ""https://shamela.ws/book/21744/2777"", ""category"": ""jurisprudence"", ""tags"": ""فتح القدير، ابن الهمام، الفقه الحنفي، الوقف، مرض الموت، الوقف على الذرية، خروج الوقف عن الملك"", ""isActive"": ""1"", ""createdAt"": ""FROM_UNIXTIME(1767919441)"", ""updatedAt"": ""FROM_UNIXTIME(1767919441)""}",6998c263cb62f8be
scripts/clean-import.sql,knowledge_documents,1,فتاوى الوقف - سليمان الجاسر,"[""title"", ""content"", ""source"", ""category"", ""tags"", ""isActive"", ""createdAt"", ""updatedAt""]","{""title"": ""فتاوى الوقف - سليمان الجاسر"", ""content"": ""كتاب فتاوى الوقف من تأليف سليمان بن جاسر الجاسر، نشره مركز واقف - مدار الوطن للنشر، الطبعة السادسة 1436 هـ.\n\nموضوعات الكتاب:\n- أحكام الوقف المعاصرة\n- فتاوى متعلقة بإدارة الأوقاف\n- أحكام استبدال الوقف\n- أحكام ناظر الوقف\n- أحكام الوقف الذري والوقف الخيري\n\nيتناول الكتاب المسائل الفقهية المعاصرة المتعلقة بالوقف، ويجيب على الأسئلة الشائعة حول إدارة الأوقاف واستثمارها."", ""source"": ""https://khair.ws/library/7239/"", ""category"": ""jurisprudence"", ""tags"": ""فتاوى الوقف، سليمان الجاسر، أحكام معاصرة، استبدال الوقف، ناظر الوقف، الوقف الذري، الوقف الخيري"", ""isActive"": ""1"", ""createdAt"": ""FROM_UNIXTIME(1767919441)"", ""updatedAt"": ""FROM_UNIXTIME(1767919441)""}",57c4b9178d61845b
scripts/clean-import.sql,knowledge_documents,1,مجموع فتاوى ابن تيمية - كتاب الوقف,"[""title"", ""content"", ""source"", ""category"", ""tags"", ""isActive"", ""createdAt"", ""updatedAt""]","{""title"": ""مجموع فتاوى ابن تيمية - كتاب الوقف"", ""content"": ""مجموع فتاوى شيخ الإسلام أحمد بن عبد الحليم بن تيمية (ت 728 هـ)، يحتوي على فتاوى متعلقة بالوقف من المذهب الحنبلي.\n\nاستبدال الوقف:\n- يجوز استبدال الوقف بخير منه إذا كان ذلك أنفع للموقوف عليهم\n- مثال: إذا وقف داراً أو حانوتاً أو بستاناً أو قرية يكون مغلها قليلاً، فيبدلها بما هو أكثر غلة\n\nالوقف على جهة مباحة:\n- الوقف على الأغنياء جائز\n- الوقف على المدارس والمساجد من أفضل الأوقاف\n\nشروط الواقف:\n- يجب العمل بشرط الواقف ما لم يخالف الشرع\n- إذا شرط الواقف ألا ينزل في المدرسة إلا من لم يكن له وظيفة، وجب العمل بشرطه"", ""source"": ""https://www.islamweb.net/ar/library/content/22/4743/"", ""category"": ""jurisprudence"", ""tags"": ""ابن تيمية، فتاوى، الفقه الحنبلي، استبدال الوقف، شروط الواقف، الوقف على المساجد، الوقف على المدارس"", ""isActive"": ""1"", ""createdAt"": ""FROM_UNIXTIME(1767919441)"", ""updatedAt"": ""FROM_UNIXTIME(1767919441)""}",526f0146b8c992de
scripts/clean-import.sql,knowledge_documents,1,تعليمات لجان رعاية المساجد رقم (2) لسنة 2023م,"[""title"", ""content"", ""source"", ""category"", ""tags"", ""isActive"", ""createdAt"", ""updatedAt""]","{""title"": ""تعليمات لجان رعاية المساجد رقم (2) لسنة 2023م"", ""content"": ""تعليمات صادرة عن وزارة الأوقاف والشؤون الدينية الفلسطينية لتنظيم عمل لجان رعاية المساجد.\n\nأهداف التعليمات:\n1. المحافظة على المساجد وقدسيتها ونظافتها\n2. إحياء صلاة الجماعة\n3. تحقيق مبدأ تكافؤ الفرص في منح الإكرامية\n4. حماية المساجد من التعديات\n\nنطاق التطبيق:\n- جميع المساجد في فلسطين\n- لجان رعاية المساجد\n- الأئمة والمؤذنون"", ""source"": ""http://muqtafi.birzeit.edu/pg/getleg.asp?id=18827"", ""category"": ""administrative"", ""tags"": ""تعليمات، لجان رعاية المساجد، وزارة الأوقاف، فلسطين، المساجد، الأئمة، المؤذنون"", ""isActive"": ""1"", ""createdAt"": ""FROM_UNIXTIME(1767919441)"", ""updatedAt"": ""FROM_UNIXTIME(1767919441)""}",c168931f65d2f496
scripts/clean-import.sql,knowledge_documents,1,قرار بقانون رقم (2) لسنة 2023م بشأن تعديل قانون الأوقاف,"[""title"", ""content"", ""source"", ""category"", ""tags"", ""isActive"", ""createdAt"", ""updatedAt""]","{""title"": ""قرار بقانون رقم (2) لسنة 2023م بشأن تعديل قانون الأوقاف"", ""content"": ""قرار بقانون صادر عن السلطة الوطنية الفلسطينية لتعديل قانون الأوقاف والشؤون والمقدسات الإسلامية رقم (26) لسنة 1966م.\n\nالمادة (6) مكرر - المضافة:\n1. تتولى الوزارة جباية الرسوم والأحكار والأعشار الخاصة بالأوقاف الإسلامية\n2. تستوفي الوزارة جميع المستحقات المالية المتعلقة بالأوقاف\n3. تدير الوزارة أموال الأوقاف وفقاً للأحكام الشرعية والقانونية\n\nالهدف: تعزيز صلاحيات وزارة الأوقاف في إدارة الأموال الوقفية وجباية الرسوم."", ""source"": ""http://muqtafi.birzeit.edu/pg/getleg.asp?id=18715"", ""category"": ""administrative"", ""tags"": ""قرار بقانون، تعديل قانون الأوقاف، 2023، جباية الرسوم، الأحكار، الأعشار، وزارة الأوقاف"", ""isActive"": ""1"", ""createdAt"": ""FROM_UNIXTIME(1767919441)"", ""updatedAt"": ""FROM_UNIXTIME(1767919441)""}",7655b317bb71c63c
scripts/clean-import.sql,knowledge_documents,1,مهام وزارة الأوقاف والشؤون الدينية الفلسطينية,"[""title"", ""content"", ""source"", ""category"", ""tags"", ""isActive"", ""createdAt"", ""updatedAt""]","{""title"": ""مهام وزارة الأوقاف والشؤون الدينية الفلسطينية"", ""content"": ""وزارة الأوقاف والشؤون الدينية هي الجهة الحكومية المسؤولة عن إدارة الأوقاف والشؤون الدينية في فلسطين.\n\nالمهام الأساسية:\n1. رعاية الأركان الخمس (الشهادتان، الصلاة، الزكاة، الصوم، الحج)\n2. رعاية الشؤون الدينية والحفاظ على وسطية المنهج\n3. الحفاظ على أملاك الوقف وتنميتها واستثمارها\n4. حفظ الموروث الديني والثقافي والارتقاء بالتعليم الشرعي\n\nالبرامج الرئيسية:\n- برنامج الأركان الخمسة\n- برنامج إدارة الأملاك الوقفية\n- برنامج التعليم الشرعي والمهني والتراث\n- البرنامج الإداري"", ""source"": ""https://www.palestinecabinet.gov.ps/portal/OrgStructure/Details/20"", ""category"": ""administrative"", ""tags"": ""وزارة الأوقاف، فلسطين، الشؤون الدينية، الأركان الخمسة، الأملاك الوقفية، التعليم الشرعي"", ""isActive"": ""1"", ""createdAt"": ""FROM_UNIXTIME(1767919441)"", ""updatedAt"": ""FROM_UNIXTIME(1767919441)""}",a41c7165b3a6c08f
scripts/clean-import.sql,knowledge_documents,1,نظام الوقف الذري في فلسطين,"[""title"", ""content"", ""source"", ""category"", ""tags"", ""isActive"", ""createdAt"", ""updatedAt""]","{""title"": ""نظام الوقف الذري في فلسطين"", ""content"": ""الوقف الذري هو نظام شرعي وقانوني يجعل العقار مالاً موقوفاً، ويُكتَب في صكّ الوقف من يحق لهم الاستفادة من ريعه من أبناء المالك وذريته، وبأيّ شروط.\n\nخصائص الوقف الذري:\n1. الاستمرارية: ينتقل من جيل إلى جيل\n2. الحماية: لا يُباع ولا يُورث\n3. التوزيع: يُوزع ريعه على الذرية حسب شرط الواقف\n4. التسجيل: يُسجل في دائرة الأوقاف بصك رسمي\n\nالإحصائيات في القدس:\n- نسبة الوقف الخيري إلى الذري: ما بين (2:1) أو (4:3)\n- عدد الحجج المقدر: لا يقل عن 1200-1600 حجة وقف"", ""source"": ""https://www.facebook.com/palestinian.vision/posts/1294708359357491/"", ""category"": ""administrative"", ""tags"": ""الوقف الذري، فلسطين، القدس، الذرية، صك الوقف، الحماية القانونية، الاستمرارية"", ""isActive"": ""1"", ""createdAt"": ""FROM_UNIXTIME(1767919441)"", ""updatedAt"": ""FROM_UNIXTIME(1767919441)""}",007415a55ad0735a
scripts/clean-import.sql,knowledge_documents,1,تاريخ إدارة الأوقاف في فلسطين,"[""title"", ""content"", ""source"", ""category"", ""tags"", ""isActive"", ""createdAt"", ""updatedAt""]","{""title"": ""تاريخ إدارة الأوقاف في فلسطين"", ""content"": ""مرت إدارة الأوقاف في فلسطين بعدة مراحل تاريخية:\n\n1. عهد الانتداب البريطاني (1921-1948):\n- إدارة الأوقاف من قبل المجلس الإسلامي الأعلى\n- نظام المجلس الصادر سنة 1921م\n\n2. بعد النكبة (1948-1967):\n- إدارة الأوقاف في الضفة الغربية من قبل الأردن\n- إدارة الأوقاف في غزة من قبل مصر\n\n3. بعد الاحتلال (1967-1994):\n- محاولات إسرائيلية للسيطرة على الأوقاف\n- مقاومة فلسطينية للحفاظ على الأوقاف\n\n4. السلطة الوطنية الفلسطينية (1994-الآن):\n- إنشاء وزارة الأوقاف والشؤون الدينية\n- إصدار قوانين وتعليمات جديدة"", ""source"": ""https://www.tawaf.ps/"", ""category"": ""historical"", ""tags"": ""تاريخ الأوقاف، فلسطين، المجلس الإسلامي الأعلى، الانتداب البريطاني، السلطة الوطنية، وزارة الأوقاف"", ""isActive"": ""1"", ""createdAt"": ""FROM_UNIXTIME(1767919441)"", ""updatedAt"": ""FROM_UNIXTIME(1767919441)""}",39e0f6e5f07b3119
scripts/clean-import.sql,knowledge_documents,1,الوقف على المسجد الأقصى,"[""title"", ""content"", ""source"", ""category"", ""tags"", ""isActive"", ""createdAt"", ""updatedAt""]","{""title"": ""الوقف على المسجد الأقصى"", ""content"": ""يعود أول وقف على المسجد الأقصى إلى عهد الصحابة، فقد بُني المسجد الأقصى بناءً بسيطاً من الخشب في عهد عمر بن الخطاب عقب زيارته للقدس بعد الفتح الإسلامي.\n\nأهم الأوقاف التاريخية:\n1. وقف عمر بن الخطاب: أول وقف على المسجد الأقصى\n2. أوقاف صلاح الدين الأيوبي: بعد تحرير القدس عام 1187م\n3. أوقاف المماليك: في القرنين 13-15 الميلادي\n4. أوقاف العثمانيين: من القرن 16 حتى القرن 20\n\nالأهمية: الوقف على المسجد الأقصى من أقدس الأوقاف الإسلامية، ويشمل المسجد نفسه والعقارات المحيطة به."", ""source"": ""https://ar.wikipedia.org/wiki/الوقف_على_المسجد_الأقصى"", ""category"": ""historical"", ""tags"": ""المسجد الأقصى، القدس، عمر بن الخطاب، صلاح الدين الأيوبي، الأوقاف التاريخية، الفتح الإسلامي"", ""isActive"": ""1"", ""createdAt"": ""FROM_UNIXTIME(1767919441)"", ""updatedAt"": ""FROM_UNIXTIME(1767919441)""}",90d967fd36152cee
scripts/clean-import.sql,knowledge_documents,1,حجة وقف مصطفى آغا (1821م),"[""title"", ""content"", ""source"", ""category"", ""tags"", ""isActive"", ""createdAt"", ""updatedAt""]","{""title"": ""حجة وقف مصطفى آغا (1821م)"", ""content"": ""نسخة طبق الأصل من حجة وقف، مخرجة عن سجلات المحكمة الشرعية في القدس، ومؤرخة في عام 1236 هجري الموافق 1821 ميلادي.\n\nمعلومات الحجة:\n- الواقف: مصطفى آغا\n- التاريخ: 1236 هـ / 1821 م\n- المصدر: سجلات المحكمة الشرعية في القدس\n- النوع: نسخة طبق الأصل\n\nالأهمية:\n- نموذج للحجج الوقفية العثمانية\n- توثيق تاريخي للأوقاف في القدس\n- مصدر قانوني للملكية الوقفية\n\nتعتبر هذه الحجة من الوثائق التاريخية المهمة التي توثق الأوقاف في القدس خلال العصر العثماني."", ""source"": ""https://www.palarchive.org/index.php/Detail/objects/291104/"", ""category"": ""historical"", ""tags"": ""حجة وقف، مصطفى آغا، القدس، 1821، المحكمة الشرعية، العصر العثماني، وثائق تاريخية"", ""isActive"": ""1"", ""createdAt"": ""FROM_UNIXTIME(1767919441)"", ""updatedAt"": ""FROM_UNIXTIME(1767919441)""}",444706c0a3e4282b
scripts/clean-import.sql,knowledge_documents,1,الحجج الوقفية في سجلات محكمة القدس الشرعية (القرن 11 هـ),"[""title"", ""content"", ""source"", ""category"", ""tags"", ""isActive"", ""createdAt"", ""updatedAt""]","{""title"": ""الحجج الوقفية في سجلات محكمة القدس الشرعية (القرن 11 هـ)"", ""content"": ""دراسة فقهية مقاصدية للحجج الوقفية التي تضمنت إنشاء الوقف في سجلات محكمة القدس الشرعية في القرن الحادي عشر الهجري (17 الميلادي).\n\nأهم النتائج:\n1. تنوع الأوقاف: أوقاف خيرية وذرية ومشتركة\n2. الشروط: تنوع شروط الواقفين\n3. الإدارة: أنظمة إدارة الأوقاف في العصر العثماني\n4. التوثيق: أهمية التوثيق الشرعي للأوقاف\n\nالباحث: رياض منير أمين خويص (2022)\n\nالأهمية: توفر هذه الدراسة نظرة شاملة على أنواع الأوقاف وشروطها وإدارتها في القدس خلال القرن 17 الميلادي."", ""source"": ""https://dspace.alquds.edu/items/ab359e3f-ea7c-4992-a657-d96d28fc9907"", ""category"": ""historical"", ""tags"": ""الحجج الوقفية، القدس، القرن 11 هجري، المحكمة الشرعية، العصر العثماني، دراسة فقهية، رياض خويص"", ""isActive"": ""1"", ""createdAt"": ""FROM_UNIXTIME(1767919441)"", ""updatedAt"": ""FROM_UNIXTIME(1767919441)""}",59deb2b59e177d83
scripts/clean-import.sql,knowledge_documents,1,أرشيفات القدس الإسلامية - مصادر لمسألة الوقف,"[""title"", ""content"", ""source"", ""category"", ""tags"", ""isActive"", ""createdAt"", ""updatedAt""]","{""title"": ""أرشيفات القدس الإسلامية - مصادر لمسألة الوقف"", ""content"": ""أرشيفات القدس الإسلامية تحتوي على مصادر أولية حيوية لدراسة الأوقاف في القدس العثمانية.\n\nأهم المصادر:\n1. سجلات المحاكم الشرعية: تحتوي على آلاف الحجج الوقفية\n2. الوثائق العثمانية: سجلات الطابو والدفاتر العثمانية\n3. وثائق المجلس الإسلامي الأعلى: من عهد الانتداب البريطاني\n4. أرشيف وزارة الأوقاف: الوثائق المعاصرة\n\nالأهمية:\n- التوثيق التاريخي: إثبات ملكية الأوقاف\n- الدراسات الأكاديمية: مصدر للباحثين\n- الحماية القانونية: إثبات الحقوق الوقفية\n\nهذه الأرشيفات تشكل مرجعاً أساسياً لأي دراسة تتعلق بالأوقاف في القدس وفلسطين."", ""source"": ""https://www.palestine-studies.org/sites/default/files/hq-articles/9893.pdf"", ""category"": ""historical"", ""tags"": ""أرشيفات القدس، سجلات المحاكم الشرعية، الوثائق العثمانية، المجلس الإسلامي الأعلى، التوثيق التاريخي"", ""isActive"": ""1"", ""createdAt"": ""FROM_UNIXTIME(1767919441)"", ""updatedAt"": ""FROM_UNIXTIME(1767919441)""}",780bff2d725269bd
scripts/clean-import.sql,knowledge_documents,1,أقدم وقف موثق في العالم (القرن 9 الميلادي),"[""title"", ""content"", ""source"", ""category"", ""tags"", ""isActive"", ""createdAt"", ""updatedAt""]","{""title"": ""أقدم وقف موثق في العالم (القرن 9 الميلادي)"", ""content"": ""اكتشاف أثري لنقش على حجر جيري يتضمن وقف قريتين زراعيتين في فلسطين في القرن التاسع الميلادي، مع حيوانات عالية الجودة.\n\nتفاصيل الاكتشاف:\n- المادة: نقش على حجر جيري ناعم\n- المحتوى: وقف قريتين زراعيتين\n- الفترة: القرن التاسع الميلادي\n- المكان: فلسطين\n\nالأهمية:\n- أقدم وقف موثق: من أقدم الأوقاف المكتشفة في العالم\n- التوثيق: نقش على حجر جيري\n- المحتوى: تفاصيل دقيقة عن الوقف\n\nهذا الاكتشاف يؤكد أن نظام الوقف كان راسخاً في فلسطين منذ القرون الأولى للإسلام."", ""source"": ""https://www.haaretz.com/archaeology/2021-12-06/"", ""category"": ""historical"", ""tags"": ""أقدم وقف، القرن التاسع الميلادي، فلسطين، نقش، حجر جيري، اكتشاف أثري، قريتين زراعيتين"", ""isActive"": ""1"", ""createdAt"": ""FROM_UNIXTIME(1767919441)"", ""updatedAt"": ""FROM_UNIXTIME(1767919441)""}",72af86becf91c32e
scripts/clean-import.sql,knowledge_documents,1,إدارة الأوقاف في عهد الانتداب البريطاني,"[""title"", ""content"", ""source"", ""category"", ""tags"", ""isActive"", ""createdAt"", ""updatedAt""]","{""title"": ""إدارة الأوقاف في عهد الانتداب البريطاني"", ""content"": ""في عهد الانتداب البريطاني على فلسطين، كانت الأوقاف الإسلامية تدار من قبل المجلس الإسلامي الأعلى.\n\nالنظام الإداري:\n- المجلس الإسلامي الأعلى: أدار الأوقاف الإسلامية\n- الكنائس المسيحية: أدارت الأوقاف المسيحية\n- السنة: 1937\n\nالتحديات:\n1. السيطرة البريطانية: محاولات السيطرة على الأوقاف\n2. المصادرة: مصادرة بعض الأراضي الوقفية\n3. التوثيق: صعوبات في تسجيل الأوقاف\n\nالأهمية: هذه الفترة شهدت محاولات لتنظيم الأوقاف وفق النظام القانوني البريطاني، مع الحفاظ على الطابع الإسلامي للإدارة."", ""source"": ""https://badil.org/publications/al-majdal/issues/items/409.html"", ""category"": ""historical"", ""tags"": ""الانتداب البريطاني، المجلس الإسلامي الأعلى، فلسطين، 1937، إدارة الأوقاف، التحديات"", ""isActive"": ""1"", ""createdAt"": ""FROM_UNIXTIME(1767919441)"", ""updatedAt"": ""FROM_UNIXTIME(1767919441)""}",f612a5ce1ff843fa
scripts/clean-import.sql,knowledge_documents,1,الإشراف المعاصر على العقارات الوقفية,"[""title"", ""content"", ""source"", ""category"", ""tags"", ""isActive"", ""createdAt"", ""updatedAt""]","{""title"": ""الإشراف المعاصر على العقارات الوقفية"", ""content"": ""تتولى الإدارة العامة للأملاك الوقفية في وزارة الأوقاف والشؤون الدينية الفلسطينية الإشراف على العقارات الوقفية.\n\nالإجراءات الحالية:\n1. تلقي الطلبات: طلبات استئجار الأملاك الوقفية\n2. الأراضي والعقارات: جميع أنواع الأملاك الوقفية\n3. المواطنون والمؤسسات: يمكنهم التقدم بطلبات\n\nالجهة المسؤولة: الإدارة العامة للأملاك الوقفية - وزارة الأوقاف والشؤون الدينية\n\nالهدف: تنظيم استثمار الأملاك الوقفية وضمان استفادة المستحقين منها وفق الأحكام الشرعية والقانونية."", ""source"": ""https://www.palestinecabinet.gov.ps/portal/GovService/Details/129"", ""category"": ""administrative"", ""tags"": ""الإشراف على العقارات، الأملاك الوقفية، وزارة الأوقاف، فلسطين، استئجار، الإدارة العامة"", ""isActive"": ""1"", ""createdAt"": ""FROM_UNIXTIME(1767919441)"", ""updatedAt"": ""FROM_UNIXTIME(1767919441)""}",6364390462e25dcf
scripts/final-import.sql,knowledge_documents,1,قانون الأراضي العثماني - المادة 1: تعريف الأراضي,"[""title"", ""content"", ""source"", ""category"", ""tags"", ""isActive"", ""createdAt"", ""updatedAt""]","{""title"": ""قانون الأراضي العثماني - المادة 1: تعريف الأراضي"", ""content"": ""المادة الأولى: الأراضي على خمسة أقسام:\n\n1. الأراضي المملوكة (الملك): وهي الأراضي التي يملكها الأفراد ملكية تامة بموجب سند رسمي، ويحق لهم التصرف فيها بالبيع والشراء والهبة والوقف والإرث دون قيد أو شرط.\n\n2. الأراضي الأميرية: وهي الأراضي التي تعود رقبتها للدولة، ويكون للأفراد حق التصرف فيها فقط. لا يجوز بيع رقبة الأرض الأميرية، وإنما يباع حق التصرف فقط.\n\n3. الأراضي الموقوفة: وهي الأراضي التي وقفها أصحابها لجهة خيرية أو ذرية، ولا يجوز بيعها أو التصرف فيها إلا وفق شروط الواقف.\n\n4. الأراضي المتروكة: وهي الأراضي المخصصة للمنفعة العامة كالطرق والساحات والمراعي، ولا يجوز تملكها أو التصرف فيها.\n\n5. الأراضي الموات: وهي الأراضي البور التي لم تُعمّر ولم تُزرع، ويجوز إحياؤها بإذن من الدولة."", ""source"": ""قانون الأراضي العثماني 1858"", ""category"": ""law"", ""tags"": ""أراضي، ملكية، أميرية، وقف، متروكة، موات"", ""isActive"": ""1"", ""createdAt"": ""FROM_UNIXTIME(1767919372)"", ""updatedAt"": ""FROM_UNIXTIME(1767919372)""}",f7878a878e6c09b9
scripts/final-import.sql,knowledge_documents,1,قانون الأراضي العثماني - المادة 3: الأراضي الأميرية,"[""title"", ""content"", ""source"", ""category"", ""tags"", ""isActive"", ""createdAt"", ""updatedAt""]","{""title"": ""قانون الأراضي العثماني - المادة 3: الأراضي الأميرية"", ""content"": ""المادة الثالثة: الأراضي الأميرية هي الأراضي التي رقبتها للدولة، وللأفراد حق التصرف فيها فقط.\n\nشروط التصرف في الأراضي الأميرية:\n1. يجب دفع الضرائب المقررة (الميري) سنوياً للدولة\n2. يجب زراعة الأرض وعدم تركها بوراً لمدة تزيد عن ثلاث سنوات\n3. لا يجوز بيع رقبة الأرض، وإنما يباع حق التصرف فقط\n4. يجوز توريث حق التصرف للورثة الشرعيين\n5. يجوز وقف حق التصرف بإذن من الدولة\n\nعقوبة ترك الأرض بوراً:\nإذا ترك صاحب حق التصرف الأرض بوراً لمدة ثلاث سنوات متتالية دون عذر شرعي، يسقط حقه في التصرف، وتعود الأرض للدولة لتمنحها لمن يعمرها."", ""source"": ""قانون الأراضي العثماني 1858"", ""category"": ""law"", ""tags"": ""أراضي أميرية، حق التصرف، ميري، ضرائب"", ""isActive"": ""1"", ""createdAt"": ""FROM_UNIXTIME(1767919372)"", ""updatedAt"": ""FROM_UNIXTIME(1767919372)""}",9a5f986dce18446b
scripts/final-import.sql,knowledge_documents,1,قانون الأراضي العثماني - المادة 12: وقف الأراضي الأميرية,"[""title"", ""content"", ""source"", ""category"", ""tags"", ""isActive"", ""createdAt"", ""updatedAt""]","{""title"": ""قانون الأراضي العثماني - المادة 12: وقف الأراضي الأميرية"", ""content"": ""المادة الثانية عشرة: يجوز وقف حق التصرف في الأراضي الأميرية بإذن من السلطان أو من ينوب عنه.\n\nشروط وقف الأراضي الأميرية:\n1. الحصول على إذن رسمي من الدولة (الإرادة السنية)\n2. تسجيل الوقف في السجلات الرسمية\n3. تحديد جهة الوقف (خيري أو ذري)\n4. تعيين ناظر للوقف\n5. استمرار دفع الضرائب المقررة (الميري) من ريع الوقف\n\nأحكام خاصة:\n- إذا لم يُدفع الميري من ريع الوقف، يحق للدولة المطالبة به من ناظر الوقف\n- لا يجوز بيع الأرض الموقوفة إلا في حالات الاستبدال الشرعي\n- يجوز تأجير الأرض الموقوفة بعقد إجارة طويلة (حكر)"", ""source"": ""قانون الأراضي العثماني 1858"", ""category"": ""law"", ""tags"": ""وقف، أراضي أميرية، إرادة سنية، ناظر وقف"", ""isActive"": ""1"", ""createdAt"": ""FROM_UNIXTIME(1767919372)"", ""updatedAt"": ""FROM_UNIXTIME(1767919372)""}",276f26e489d573b5
scripts/final-import.sql,knowledge_documents,1,مجلة الأحكام العدلية - المادة 1: تعريف الوقف,"[""title"", ""content"", ""source"", ""category"", ""tags"", ""isActive"", ""createdAt"", ""updatedAt""]","{""title"": ""مجلة الأحكام العدلية - المادة 1: تعريف الوقف"", ""content"": ""المادة الأولى: الوقف هو حبس العين عن تمليكها لأحد من العباد، والتصدق بالمنفعة على الفقراء أو على وجه من وجوه الخير.\n\nشرح التعريف:\n- حبس العين: منع بيعها أو هبتها أو توريثها\n- عن تمليكها: لا تصبح ملكاً لأحد بعد الوقف\n- التصدق بالمنفعة: الانتفاع بريع الوقف يكون للجهة الموقوف عليها\n\nأركان الوقف:\n1. الواقف: من يقوم بالوقف\n2. الموقوف: العين التي يتم وقفها\n3. الموقوف عليه: الجهة المستفيدة من الوقف\n4. الصيغة: لفظ الوقف الصريح\n\nشروط الواقف:\n- أن يكون بالغاً عاقلاً\n- أن يكون مالكاً للعين الموقوفة\n- أن يكون مختاراً غير مكره"", ""source"": ""مجلة الأحكام العدلية - كتاب الوقف"", ""category"": ""jurisprudence"", ""tags"": ""وقف، تعريف، أركان، شروط"", ""isActive"": ""1"", ""createdAt"": ""FROM_UNIXTIME(1767919372)"", ""updatedAt"": ""FROM_UNIXTIME(1767919372)""}",bac9465049256c69
scripts/final-import.sql,knowledge_documents,1,مجلة الأحكام العدلية - المادة 5: شروط صحة الوقف,"[""title"", ""content"", ""source"", ""category"", ""tags"", ""isActive"", ""createdAt"", ""updatedAt""]","{""title"": ""مجلة الأحكام العدلية - المادة 5: شروط صحة الوقف"", ""content"": ""المادة الخامسة: يشترط لصحة الوقف:\n\n1. أن يكون الموقوف مالاً متقوماً: أي له قيمة مالية شرعاً\n2. أن يكون معلوماً: محدداً بالوصف أو المشاهدة\n3. أن يكون مملوكاً للواقف: ملكية تامة صحيحة\n4. أن يكون قابلاً للانتفاع مع بقاء عينه: كالعقار والأثاث\n5. أن يكون الوقف مؤبداً: لا يجوز توقيته بمدة معينة\n6. أن تكون الجهة الموقوف عليها معلومة: محددة بوضوح\n7. أن تكون الجهة الموقوف عليها جهة بر: لا تكون معصية\n\nالأموال التي لا يصح وقفها:\n- المنقولات التي تستهلك بالاستعمال (كالطعام)\n- الأموال المغصوبة أو المسروقة\n- الأموال المجهولة أو غير المحددة"", ""source"": ""مجلة الأحكام العدلية - كتاب الوقف"", ""category"": ""jurisprudence"", ""tags"": ""شروط الوقف، صحة الوقف، أحكام"", ""isActive"": ""1"", ""createdAt"": ""FROM_UNIXTIME(1767919372)"", ""updatedAt"": ""FROM_UNIXTIME(1767919372)""}",40283331098122b4
scripts/final-import.sql,knowledge_documents,1,قانون الأوقاف الأردني رقم 23 لسنة 1964 - المادة 1: التعاريف,"[""title"", ""content"", ""source"", ""category"", ""tags"", ""isActive"", ""createdAt"", ""updatedAt""]","{""title"": ""قانون الأوقاف الأردني رقم 23 لسنة 1964 - المادة 1: التعاريف"", ""content"": ""المادة 1: تعاريف\n\nفي هذا القانون، يكون للكلمات والعبارات التالية المعاني المخصصة لها أدناه ما لم تدل القرينة على خلاف ذلك:\n\nالوزارة: وزارة الأوقاف والشؤون والمقدسات الإسلامية\nالوزير: وزير الأوقاف والشؤون والمقدسات الإسلامية\nالوقف: حبس العين عن تمليكها لأحد من العباد والتصدق بالمنفعة على الفقراء أو على وجه من وجوه الخير\nالوقف الخيري: ما وقف على جهة بر عامة كالفقراء والمساجد والمدارس\nالوقف الذري: ما وقف على الذرية والأولاد\nالناظر: من يتولى إدارة الوقف والإشراف عليه\nالمتولي: من يتولى إدارة الوقف الذري\nالريع: الدخل الناتج عن الوقف"", ""source"": ""قانون الأوقاف الأردني رقم 23 لسنة 1964"", ""category"": ""law"", ""tags"": ""قانون أردني، تعاريف، وقف خيري، وقف ذري"", ""isActive"": ""1"", ""createdAt"": ""FROM_UNIXTIME(1767919372)"", ""updatedAt"": ""FROM_UNIXTIME(1767919372)""}",e24f3f93da9798f8
scripts/final-import.sql,knowledge_documents,1,قانون الأوقاف الأردني - المادة 10: إدارة الأوقاف,"[""title"", ""content"", ""source"", ""category"", ""tags"", ""isActive"", ""createdAt"", ""updatedAt""]","{""title"": ""قانون الأوقاف الأردني - المادة 10: إدارة الأوقاف"", ""content"": ""المادة 10: تتولى وزارة الأوقاف إدارة الأوقاف الخيرية والإشراف على الأوقاف الذرية.\n\nصلاحيات الوزارة:\n1. إدارة الأوقاف الخيرية واستثمارها\n2. تعيين النظار والمتولين\n3. الإشراف على صرف ريع الأوقاف\n4. صيانة الأوقاف وعمارتها\n5. استبدال الأوقاف عند الضرورة\n6. رفع الدعاوى القضائية المتعلقة بالأوقاف\n7. قبول الأوقاف الجديدة\n\nواجبات الناظر:\n- المحافظة على الوقف وعمارته\n- استثمار الوقف بالطرق الشرعية\n- صرف الريع على الجهات المستحقة\n- تقديم حساب سنوي للوزارة\n- عدم التصرف في الوقف إلا بإذن من الوزارة"", ""source"": ""قانون الأوقاف الأردني رقم 23 لسنة 1964"", ""category"": ""law"", ""tags"": ""إدارة أوقاف، ناظر، وزارة أوقاف"", ""isActive"": ""1"", ""createdAt"": ""FROM_UNIXTIME(1767919372)"", ""updatedAt"": ""FROM_UNIXTIME(1767919372)""}",8f9551840f512f8d
scripts/final-import.sql,knowledge_documents,1,قانون الأراضي العثماني - المادة 4: الأراضي الموقوفة,"[""title"", ""content"", ""source"", ""category"", ""tags"", ""isActive"", ""createdAt"", ""updatedAt""]","{""title"": ""قانون الأراضي العثماني - المادة 4: الأراضي الموقوفة"", ""content"": ""الأراضي الموقوفة هي الأراضي التي أوقفها أصحابها على جهة بر أو خير. ولا يجوز بيعها أو رهنها أو توريثها، وإنما تبقى على ملك الموقوف عليهم أو الجهة الموقوف عليها."", ""source"": ""قانون الأراضي العثماني (1858)"", ""category"": ""law"", ""tags"": ""قانون الأراضي، الوقف، الأراضي الموقوفة"", ""isActive"": ""1"", ""createdAt"": ""FROM_UNIXTIME(1767919372)"", ""updatedAt"": ""FROM_UNIXTIME(1767919372)""}",5f0e2e227b5eb63c
scripts/final-import.sql,knowledge_documents,1,قانون الأراضي العثماني - المادة 36: حقوق المتولي,"[""title"", ""content"", ""source"", ""category"", ""tags"", ""isActive"", ""createdAt"", ""updatedAt""]","{""title"": ""قانون الأراضي العثماني - المادة 36: حقوق المتولي"", ""content"": ""للمتولي على الوقف حق الإدارة والنظر في شؤونه، وله أن يؤجر الأرض الموقوفة بما يحقق مصلحة الوقف، ولا يجوز له التصرف فيها بالبيع أو الرهن."", ""source"": ""قانون الأراضي العثماني (1858)"", ""category"": ""law"", ""tags"": ""المتولي، إدارة الوقف، حقوق المتولي"", ""isActive"": ""1"", ""createdAt"": ""FROM_UNIXTIME(1767919372)"", ""updatedAt"": ""FROM_UNIXTIME(1767919372)""}",531e9c73d815d25e
scripts/final-import.sql,knowledge_documents,1,مجلة الأحكام العدلية - المادة 2: أركان الوقف,"[""title"", ""content"", ""source"", ""category"", ""tags"", ""isActive"", ""createdAt"", ""updatedAt""]","{""title"": ""مجلة الأحكام العدلية - المادة 2: أركان الوقف"", ""content"": ""أركان الوقف أربعة: الواقف، والموقوف، والموقوف عليه، والصيغة. ولا يصح الوقف إلا باجتماع هذه الأركان الأربعة."", ""source"": ""مجلة الأحكام العدلية"", ""category"": ""reference"", ""tags"": ""أركان الوقف، الواقف، الموقوف عليه"", ""isActive"": ""1"", ""createdAt"": ""FROM_UNIXTIME(1767919372)"", ""updatedAt"": ""FROM_UNIXTIME(1767919372)""}",bc3e6223575021d7
scripts/final-import.sql,knowledge_documents,1,مجلة الأحكام العدلية - المادة 3: شروط الواقف,"[""title"", ""content"", ""source"", ""category"", ""tags"", ""isActive"", ""createdAt"", ""updatedAt""]","{""title"": ""مجلة الأحكام العدلية - المادة 3: شروط الواقف"", ""content"": ""يشترط في الواقف أن يكون حراً مكلفاً مالكاً للموقوف، فلا يصح وقف العبد ولا الصبي ولا المجنون ولا من لا يملك الموقوف."", ""source"": ""مجلة الأحكام العدلية"", ""category"": ""reference"", ""tags"": ""شروط الواقف، الأهلية، الملكية"", ""isActive"": ""1"", ""createdAt"": ""FROM_UNIXTIME(1767919372)"", ""updatedAt"": ""FROM_UNIXTIME(1767919372)""}",682785d4b06056ef
scripts/final-import.sql,knowledge_documents,1,مجلة الأحكام العدلية - المادة 6: استبدال الوقف,"[""title"", ""content"", ""source"", ""category"", ""tags"", ""isActive"", ""createdAt"", ""updatedAt""]","{""title"": ""مجلة الأحكام العدلية - المادة 6: استبدال الوقف"", ""content"": ""لا يجوز استبدال الوقف إلا إذا تعطلت منافعه بالكلية، أو كان في الاستبدال مصلحة ظاهرة للوقف، وبإذن القاضي."", ""source"": ""مجلة الأحكام العدلية"", ""category"": ""reference"", ""tags"": ""استبدال الوقف، المصلحة، القاضي"", ""isActive"": ""1"", ""createdAt"": ""FROM_UNIXTIME(1767919372)"", ""updatedAt"": ""FROM_UNIXTIME(1767919372)""}",c885a3d95557d7d5
scripts/final-import.sql,knowledge_documents,1,قانون الأوقاف الأردني - المادة 2: تعريف الوقف الخيري,"[""title"", ""content"", ""source"", ""category"", ""tags"", ""isActive"", ""createdAt"", ""updatedAt""]","{""title"": ""قانون الأوقاف الأردني - المادة 2: تعريف الوقف الخيري"", ""content"": ""الوقف الخيري هو ما وقف على جهة بر وخير ابتداءً كالمساجد والمدارس والمستشفيات ودور الأيتام."", ""source"": ""قانون الأوقاف الأردني رقم 23 لسنة 1964"", ""category"": ""law"", ""tags"": ""الوقف الخيري، جهات البر، المساجد"", ""isActive"": ""1"", ""createdAt"": ""FROM_UNIXTIME(1767919372)"", ""updatedAt"": ""FROM_UNIXTIME(1767919372)""}",c7aaaabd04527e21
scripts/final-import.sql,knowledge_documents,1,قانون الأوقاف الأردني - المادة 3: الوقف الذري,"[""title"", ""content"", ""source"", ""category"", ""tags"", ""isActive"", ""createdAt"", ""updatedAt""]","{""title"": ""قانون الأوقاف الأردني - المادة 3: الوقف الذري"", ""content"": ""الوقف الذري هو ما وقف على الذرية ابتداءً ثم على جهة بر وخير انتهاءً."", ""source"": ""قانون الأوقاف الأردني رقم 23 لسنة 1964"", ""category"": ""law"", ""tags"": ""الوقف الذري، الذرية، الوقف الأهلي"", ""isActive"": ""1"", ""createdAt"": ""FROM_UNIXTIME(1767919372)"", ""updatedAt"": ""FROM_UNIXTIME(1767919372)""}",dc3e466d2a2a88c6
scripts/final-import.sql,knowledge_documents,1,قانون الأوقاف الأردني - المادة 15: صلاحيات المتولي,"[""title"", ""content"", ""source"", ""category"", ""tags"", ""isActive"", ""createdAt"", ""updatedAt""]","{""title"": ""قانون الأوقاف الأردني - المادة 15: صلاحيات المتولي"", ""content"": ""للمتولي إدارة الوقف وتأجير أعيانه واستثمارها بما يحقق مصلحة الوقف، وله أن يقاضي ويقاضى باسم الوقف."", ""source"": ""قانون الأوقاف الأردني رقم 23 لسنة 1964"", ""category"": ""law"", ""tags"": ""المتولي، الإدارة، التأجير"", ""isActive"": ""1"", ""createdAt"": ""FROM_UNIXTIME(1767919372)"", ""updatedAt"": ""FROM_UNIXTIME(1767919372)""}",7e1c70661eaec4d0
scripts/final-import.sql,knowledge_documents,1,قانون الأوقاف الأردني - المادة 20: الإشراف على الأوقاف,"[""title"", ""content"", ""source"", ""category"", ""tags"", ""isActive"", ""createdAt"", ""updatedAt""]","{""title"": ""قانون الأوقاف الأردني - المادة 20: الإشراف على الأوقاف"", ""content"": ""تشرف وزارة الأوقاف على جميع الأوقاف الخيرية والذرية، ولها حق الرقابة والتفتيش على أعمال المتولين."", ""source"": ""قانون الأوقاف الأردني رقم 23 لسنة 1964"", ""category"": ""law"", ""tags"": ""وزارة الأوقاف، الإشراف، الرقابة"", ""isActive"": ""1"", ""createdAt"": ""FROM_UNIXTIME(1767919372)"", ""updatedAt"": ""FROM_UNIXTIME(1767919372)""}",1f4a35fc045fac5f
scripts/final-import.sql,knowledge_documents,1,قرار بقانون رقم 1 لسنة 2018 - المادة 2: أهداف الوزارة,"[""title"", ""content"", ""source"", ""category"", ""tags"", ""isActive"", ""createdAt"", ""updatedAt""]","{""title"": ""قرار بقانون رقم 1 لسنة 2018 - المادة 2: أهداف الوزارة"", ""content"": ""تهدف وزارة الأوقاف والشؤون الدينية إلى إدارة وتنظيم الأوقاف الإسلامية وحمايتها وتنميتها واستثمارها."", ""source"": ""قرار بقانون رقم (1) لسنة 2018 بشأن الأوقاف الإسلامية"", ""category"": ""law"", ""tags"": ""وزارة الأوقاف، الأهداف، الإدارة"", ""isActive"": ""1"", ""createdAt"": ""FROM_UNIXTIME(1767919372)"", ""updatedAt"": ""FROM_UNIXTIME(1767919372)""}",4c6de51d0b4ba63d
scripts/final-import.sql,knowledge_documents,1,قرار بقانون 2018 - المادة 5: المجلس الأعلى للأوقاف,"[""title"", ""content"", ""source"", ""category"", ""tags"", ""isActive"", ""createdAt"", ""updatedAt""]","{""title"": ""قرار بقانون 2018 - المادة 5: المجلس الأعلى للأوقاف"", ""content"": ""يشكل مجلس أعلى للأوقاف برئاسة الوزير وعضوية ممثلين عن الجهات ذات العلاقة، ويختص بوضع السياسات العامة للأوقاف."", ""source"": ""قرار بقانون رقم (1) لسنة 2018"", ""category"": ""law"", ""tags"": ""المجلس الأعلى، السياسات، الوزير"", ""isActive"": ""1"", ""createdAt"": ""FROM_UNIXTIME(1767919372)"", ""updatedAt"": ""FROM_UNIXTIME(1767919372)""}",6b89ad5e3d5834c5
scripts/final-import.sql,knowledge_documents,1,قرار بقانون 2018 - المادة 10: حماية الأوقاف,"[""title"", ""content"", ""source"", ""category"", ""tags"", ""isActive"", ""createdAt"", ""updatedAt""]","{""title"": ""قرار بقانون 2018 - المادة 10: حماية الأوقاف"", ""content"": ""تتمتع الأوقاف بالحماية القانونية، ولا يجوز الاعتداء عليها أو الاستيلاء عليها أو تغيير معالمها."", ""source"": ""قرار بقانون رقم (1) لسنة 2018"", ""category"": ""law"", ""tags"": ""حماية الأوقاف، الاعتداء، الاستيلاء"", ""isActive"": ""1"", ""createdAt"": ""FROM_UNIXTIME(1767919372)"", ""updatedAt"": ""FROM_UNIXTIME(1767919372)""}",394f46bb509a2633
scripts/final-import.sql,knowledge_documents,1,الفقه الحنفي - تعريف الوقف,"[""title"", ""content"", ""source"", ""category"", ""tags"", ""isActive"", ""createdAt"", ""updatedAt""]","{""title"": ""الفقه الحنفي - تعريف الوقف"", ""content"": ""الوقف في الفقه الحنفي هو حبس العين على ملك الواقف والتصدق بالمنفعة. فالعين تبقى على ملك الواقف، والمنفعة تصرف في الجهة الموقوف عليها."", ""source"": ""الفقه الحنفي - كتاب الوقف"", ""category"": ""jurisprudence"", ""tags"": ""الفقه الحنفي، تعريف الوقف، حبس العين"", ""isActive"": ""1"", ""createdAt"": ""FROM_UNIXTIME(1767919372)"", ""updatedAt"": ""FROM_UNIXTIME(1767919372)""}",664efc54201d85d5
scripts/final-import.sql,knowledge_documents,1,الفقه الحنفي - شروط صحة الوقف,"[""title"", ""content"", ""source"", ""category"", ""tags"", ""isActive"", ""createdAt"", ""updatedAt""]","{""title"": ""الفقه الحنفي - شروط صحة الوقف"", ""content"": ""يشترط لصحة الوقف في المذهب الحنفي: التأبيد، والقربة، وخروج الموقوف عن ملك الواقف حكماً، والقبول من الموقوف عليه إن كان معيناً."", ""source"": ""الفقه الحنفي - كتاب الوقف"", ""category"": ""jurisprudence"", ""tags"": ""شروط الوقف، التأبيد، القربة"", ""isActive"": ""1"", ""createdAt"": ""FROM_UNIXTIME(1767919372)"", ""updatedAt"": ""FROM_UNIXTIME(1767919372)""}",34c72112cdf33c68
scripts/final-import.sql,knowledge_documents,1,الفقه الحنفي - وقف المنقول,"[""title"", ""content"", ""source"", ""category"", ""tags"", ""isActive"", ""createdAt"", ""updatedAt""]","{""title"": ""الفقه الحنفي - وقف المنقول"", ""content"": ""لا يجوز وقف المنقول في المذهب الحنفي إلا ما جرى به العرف والتعامل كالكتب والسلاح، أو ما كان تابعاً لوقف العقار."", ""source"": ""الفقه الحنفي - كتاب الوقف"", ""category"": ""jurisprudence"", ""tags"": ""وقف المنقول، العرف، التعامل"", ""isActive"": ""1"", ""createdAt"": ""FROM_UNIXTIME(1767919372)"", ""updatedAt"": ""FROM_UNIXTIME(1767919372)""}",2124f085e747fb55
scripts/final-import.sql,knowledge_documents,1,الفقه الحنفي - استبدال الوقف,"[""title"", ""content"", ""source"", ""category"", ""tags"", ""isActive"", ""createdAt"", ""updatedAt""]","{""title"": ""الفقه الحنفي - استبدال الوقف"", ""content"": ""لا يجوز استبدال الوقف في المذهب الحنفي إلا إذا تعطلت منافعه بالكلية، وكان في الاستبدال مصلحة ظاهرة، وبإذن القاضي."", ""source"": ""الفقه الحنفي - كتاب الوقف"", ""category"": ""jurisprudence"", ""tags"": ""استبدال الوقف، المصلحة، القاضي"", ""isActive"": ""1"", ""createdAt"": ""FROM_UNIXTIME(1767919372)"", ""updatedAt"": ""FROM_UNIXTIME(1767919372)""}",82333275cb0db11f
scripts/final-import.sql,knowledge_documents,1,أوقاف القدس التاريخية - المسجد الأقصى,"[""title"", ""content"", ""source"", ""category"", ""tags"", ""isActive"", ""createdAt"", ""updatedAt""]","{""title"": ""أوقاف القدس التاريخية - المسجد الأقصى"", ""content"": ""المسجد الأقصى المبارك وقف إسلامي خالص منذ الفتح الإسلامي، ولا يجوز التصرف فيه أو في أي جزء منه."", ""source"": ""دراسات تاريخية عن أوقاف القدس"", ""category"": ""historical"", ""tags"": ""المسجد الأقصى، القدس، الوقف الإسلامي"", ""isActive"": ""1"", ""createdAt"": ""FROM_UNIXTIME(1767919372)"", ""updatedAt"": ""FROM_UNIXTIME(1767919372)""}",b3e77257ca9f65c3
scripts/final-import.sql,knowledge_documents,1,أوقاف القدس - الأوقاف الصلاحية,"[""title"", ""content"", ""source"", ""category"", ""tags"", ""isActive"", ""createdAt"", ""updatedAt""]","{""title"": ""أوقاف القدس - الأوقاف الصلاحية"", ""content"": ""أوقف صلاح الدين الأيوبي العديد من الأراضي والعقارات في القدس لخدمة المسجد الأقصى والفقراء والمساكين."", ""source"": ""تاريخ أوقاف القدس"", ""category"": ""historical"", ""tags"": ""صلاح الدين، الأوقاف الصلاحية، القدس"", ""isActive"": ""1"", ""createdAt"": ""FROM_UNIXTIME(1767919372)"", ""updatedAt"": ""FROM_UNIXTIME(1767919372)""}",666cf144cf3e7599
scripts/final-import.sql,knowledge_documents,1,أوقاف القدس - الزوايا والتكايا,"[""title"", ""content"", ""source"", ""category"", ""tags"", ""isActive"", ""createdAt"", ""updatedAt""]","{""title"": ""أوقاف القدس - الزوايا والتكايا"", ""content"": ""انتشرت الزوايا والتكايا الموقوفة في القدس لخدمة الفقراء والمسافرين وطلاب العلم، وكانت تمول من ريع الأوقاف."", ""source"": ""تاريخ أوقاف القدس"", ""category"": ""historical"", ""tags"": ""الزوايا، التكايا، الأوقاف الخيرية"", ""isActive"": ""1"", ""createdAt"": ""FROM_UNIXTIME(1767919372)"", ""updatedAt"": ""FROM_UNIXTIME(1767919372)""}",d2d284e11799a43a
scripts/final-import.sql,knowledge_documents,1,أوقاف القدس - المدارس الوقفية,"[""title"", ""content"", ""source"", ""category"", ""tags"", ""isActive"", ""createdAt"", ""updatedAt""]","{""title"": ""أوقاف القدس - المدارس الوقفية"", ""content"": ""أنشئت العديد من المدارس الوقفية في القدس لتعليم القرآن والعلوم الشرعية، وكانت تمول من ريع الأوقاف."", ""source"": ""تاريخ التعليم في القدس"", ""category"": ""historical"", ""tags"": ""المدارس الوقفية، التعليم، القدس"", ""isActive"": ""1"", ""createdAt"": ""FROM_UNIXTIME(1767919372)"", ""updatedAt"": ""FROM_UNIXTIME(1767919372)""}",31665797ac2f9ecd
scripts/final-import.sql,knowledge_documents,1,قانون أملاك الغائبين الإسرائيلي 1950 - التعريف,"[""title"", ""content"", ""source"", ""category"", ""tags"", ""isActive"", ""createdAt"", ""updatedAt""]","{""title"": ""قانون أملاك الغائبين الإسرائيلي 1950 - التعريف"", ""content"": ""يعرف القانون الإسرائيلي 'الغائب' بأنه كل من ترك مكان إقامته في فلسطين قبل 1948 أو بعده، وتم الاستيلاء على أملاكه."", ""source"": ""قانون أملاك الغائبين الإسرائيلي (1950)"", ""category"": ""law"", ""tags"": ""أملاك الغائبين، الاستيلاء، فلسطين"", ""isActive"": ""1"", ""createdAt"": ""FROM_UNIXTIME(1767919372)"", ""updatedAt"": ""FROM_UNIXTIME(1767919372)""}",acc3cf68fb5922fc
scripts/final-import.sql,knowledge_documents,1,قانون أملاك الغائبين - الأوقاف,"[""title"", ""content"", ""source"", ""category"", ""tags"", ""isActive"", ""createdAt"", ""updatedAt""]","{""title"": ""قانون أملاك الغائبين - الأوقاف"", ""content"": ""استولت إسرائيل على العديد من الأوقاف الإسلامية بحجة أنها أملاك غائبين، رغم أن الوقف لا يملكه شخص معين."", ""source"": ""قانون أملاك الغائبين الإسرائيلي (1950)"", ""category"": ""law"", ""tags"": ""الأوقاف، الاستيلاء، أملاك الغائبين"", ""isActive"": ""1"", ""createdAt"": ""FROM_UNIXTIME(1767919372)"", ""updatedAt"": ""FROM_UNIXTIME(1767919372)""}",8dac4de9f76b1b8c
scripts/final-import.sql,knowledge_documents,1,الانتداب البريطاني - قانون الأوقاف 1922,"[""title"", ""content"", ""source"", ""category"", ""tags"", ""isActive"", ""createdAt"", ""updatedAt""]","{""title"": ""الانتداب البريطاني - قانون الأوقاف 1922"", ""content"": ""أصدرت سلطات الانتداب البريطاني قانون الأوقاف عام 1922 الذي نظم إدارة الأوقاف وأنشأ المجلس الإسلامي الأعلى."", ""source"": ""قوانين الانتداب البريطاني"", ""category"": ""historical"", ""tags"": ""الانتداب البريطاني، قانون الأوقاف، المجلس الإسلامي"", ""isActive"": ""1"", ""createdAt"": ""FROM_UNIXTIME(1767919372)"", ""updatedAt"": ""FROM_UNIXTIME(1767919372)""}",77b5f516b3b63d40
scripts/final-import.sql,knowledge_documents,1,المجلس الإسلامي الأعلى - الصلاحيات,"[""title"", ""content"", ""source"", ""category"", ""tags"", ""isActive"", ""createdAt"", ""updatedAt""]","{""title"": ""المجلس الإسلامي الأعلى - الصلاحيات"", ""content"": ""كان للمجلس الإسلامي الأعلى صلاحيات واسعة في إدارة الأوقاف والمحاكم الشرعية والشؤون الدينية في فلسطين."", ""source"": ""تاريخ المجلس الإسلامي الأعلى"", ""category"": ""historical"", ""tags"": ""المجلس الإسلامي، الصلاحيات، الإدارة"", ""isActive"": ""1"", ""createdAt"": ""FROM_UNIXTIME(1767919372)"", ""updatedAt"": ""FROM_UNIXTIME(1767919372)""}",d52569e11959a627
scripts/final-import.sql,knowledge_documents,1,الحاج أمين الحسيني - رئيس المجلس الإسلامي,"[""title"", ""content"", ""source"", ""category"", ""tags"", ""isActive"", ""createdAt"", ""updatedAt""]","{""title"": ""الحاج أمين الحسيني - رئيس المجلس الإسلامي"", ""content"": ""ترأس الحاج أمين الحسيني المجلس الإسلامي الأعلى وعمل على تطوير الأوقاف وترميم المسجد الأقصى."", ""source"": ""سيرة الحاج أمين الحسيني"", ""category"": ""historical"", ""tags"": ""الحاج أمين، المجلس الإسلامي، الأقصى"", ""isActive"": ""1"", ""createdAt"": ""FROM_UNIXTIME(1767919372)"", ""updatedAt"": ""FROM_UNIXTIME(1767919372)""}",e5bb053ddd8f81f4
scripts/final-import.sql,knowledge_documents,1,ترميم المسجد الأقصى - الفترة البريطانية,"[""title"", ""content"", ""source"", ""category"", ""tags"", ""isActive"", ""createdAt"", ""updatedAt""]","{""title"": ""ترميم المسجد الأقصى - الفترة البريطانية"", ""content"": ""قام المجلس الإسلامي الأعلى بترميمات واسعة للمسجد الأقصى في الثلاثينيات، ممولة من تبرعات المسلمين وريع الأوقاف."", ""source"": ""تاريخ ترميم الأقصى"", ""category"": ""historical"", ""tags"": ""ترميم الأقصى، المجلس الإسلامي، التبرعات"", ""isActive"": ""1"", ""createdAt"": ""FROM_UNIXTIME(1767919372)"", ""updatedAt"": ""FROM_UNIXTIME(1767919372)""}",fdec5984f0c56f96
scripts/final-import.sql,knowledge_documents,1,الأوقاف في الضفة الغربية - الإدارة الأردنية,"[""title"", ""content"", ""source"", ""category"", ""tags"", ""isActive"", ""createdAt"", ""updatedAt""]","{""title"": ""الأوقاف في الضفة الغربية - الإدارة الأردنية"", ""content"": ""أدارت الأردن الأوقاف في الضفة الغربية من 1948 إلى 1967 وفق قانون الأوقاف الأردني رقم 23 لسنة 1964."", ""source"": ""تاريخ الأوقاف في الضفة الغربية"", ""category"": ""historical"", ""tags"": ""الإدارة الأردنية، الضفة الغربية، الأوقاف"", ""isActive"": ""1"", ""createdAt"": ""FROM_UNIXTIME(1767919372)"", ""updatedAt"": ""FROM_UNIXTIME(1767919372)""}",1f779bb0dcf706e9
scripts/final-import.sql,knowledge_documents,1,الأوقاف بعد 1967 - الاحتلال الإسرائيلي,"[""title"", ""content"", ""source"", ""category"", ""tags"", ""isActive"", ""createdAt"", ""updatedAt""]","{""title"": ""الأوقاف بعد 1967 - الاحتلال الإسرائيلي"", ""content"": ""استولت إسرائيل على العديد من الأوقاف في القدس والضفة الغربية بعد 1967، وفرضت قيوداً على إدارتها."", ""source"": ""الأوقاف تحت الاحتلال"", ""category"": ""historical"", ""tags"": ""الاحتلال، الاستيلاء، القدس"", ""isActive"": ""1"", ""createdAt"": ""FROM_UNIXTIME(1767919372)"", ""updatedAt"": ""FROM_UNIXTIME(1767919372)""}",58921e9daf74a616
scripts/final-import.sql,knowledge_documents,1,حارة المغاربة - الهدم,"[""title"", ""content"", ""source"", ""category"", ""tags"", ""isActive"", ""createdAt"", ""updatedAt""]","{""title"": ""حارة المغاربة - الهدم"", ""content"": ""هدمت إسرائيل حارة المغاربة الوقفية بالكامل عام 1967، وشردت سكانها لإنشاء ساحة البراق."", ""source"": ""تاريخ حارة المغاربة"", ""category"": ""historical"", ""tags"": ""حارة المغاربة، الهدم، الاحتلال"", ""isActive"": ""1"", ""createdAt"": ""FROM_UNIXTIME(1767919372)"", ""updatedAt"": ""FROM_UNIXTIME(1767919372)""}",f0efdc6be35b3fd8
scripts/final-import.sql,knowledge_documents,1,وقف أبو مدين الغوث - القدس,"[""title"", ""content"", ""source"", ""category"", ""tags"", ""isActive"", ""createdAt"", ""updatedAt""]","{""title"": ""وقف أبو مدين الغوث - القدس"", ""content"": ""وقف أبو مدين الغوث من أقدم الأوقاف في القدس، ويشمل عقارات ومساجد ومدارس، وتعرض للاستيلاء الإسرائيلي."", ""source"": ""أوقاف القدس التاريخية"", ""category"": ""historical"", ""tags"": ""أبو مدين، الأوقاف، القدس"", ""isActive"": ""1"", ""createdAt"": ""FROM_UNIXTIME(1767919372)"", ""updatedAt"": ""FROM_UNIXTIME(1767919372)""}",33f6c5cb69e48725
scripts/final-import.sql,knowledge_documents,1,الفقه المالكي - تعريف الوقف,"[""title"", ""content"", ""source"", ""category"", ""tags"", ""isActive"", ""createdAt"", ""updatedAt""]","{""title"": ""الفقه المالكي - تعريف الوقف"", ""content"": ""الوقف في المذهب المالكي هو جعل المنفعة للموقوف عليه ولو في المآل، مع بقاء العين على ملك الواقف أو على حكم ملكه."", ""source"": ""الفقه المالكي - كتاب الوقف"", ""category"": ""jurisprudence"", ""tags"": ""الفقه المالكي، تعريف الوقف، المنفعة"", ""isActive"": ""1"", ""createdAt"": ""FROM_UNIXTIME(1767919372)"", ""updatedAt"": ""FROM_UNIXTIME(1767919372)""}",29fdf5560c5fcffe
scripts/final-import.sql,knowledge_documents,1,الفقه الشافعي - تعريف الوقف,"[""title"", ""content"", ""source"", ""category"", ""tags"", ""isActive"", ""createdAt"", ""updatedAt""]","{""title"": ""الفقه الشافعي - تعريف الوقف"", ""content"": ""الوقف في المذهب الشافعي هو حبس مال يمكن الانتفاع به مع بقاء عينه، بقطع التصرف في رقبته على مصرف مباح موجود."", ""source"": ""الفقه الشافعي - كتاب الوقف"", ""category"": ""jurisprudence"", ""tags"": ""الفقه الشافعي، تعريف الوقف، حبس المال"", ""isActive"": ""1"", ""createdAt"": ""FROM_UNIXTIME(1767919372)"", ""updatedAt"": ""FROM_UNIXTIME(1767919372)""}",9332d1c0e1726d96
scripts/final-import.sql,knowledge_documents,1,الفقه الحنبلي - تعريف الوقف,"[""title"", ""content"", ""source"", ""category"", ""tags"", ""isActive"", ""createdAt"", ""updatedAt""]","{""title"": ""الفقه الحنبلي - تعريف الوقف"", ""content"": ""الوقف في المذهب الحنبلي هو تحبيس الأصل وتسبيل المنفعة، فتحبس العين ويسبل نفعها في سبيل الخير."", ""source"": ""الفقه الحنبلي - كتاب الوقف"", ""category"": ""jurisprudence"", ""tags"": ""الفقه الحنبلي، تعريف الوقف، تحبيس الأصل"", ""isActive"": ""1"", ""createdAt"": ""FROM_UNIXTIME(1767919372)"", ""updatedAt"": ""FROM_UNIXTIME(1767919372)""}",1d259138765b8f0c
scripts/final-import.sql,knowledge_documents,1,شروط الموقوف - الفقه الإسلامي,"[""title"", ""content"", ""source"", ""category"", ""tags"", ""isActive"", ""createdAt"", ""updatedAt""]","{""title"": ""شروط الموقوف - الفقه الإسلامي"", ""content"": ""يشترط في الموقوف أن يكون مالاً متقوماً يمكن الانتفاع به مع بقاء عينه، كالعقار والحيوان والكتب."", ""source"": ""الفقه الإسلامي العام"", ""category"": ""jurisprudence"", ""tags"": ""شروط الموقوف، المال المتقوم، الانتفاع"", ""isActive"": ""1"", ""createdAt"": ""FROM_UNIXTIME(1767919372)"", ""updatedAt"": ""FROM_UNIXTIME(1767919372)""}",cd0e90c7bfb72b0a
scripts/final-import.sql,knowledge_documents,1,الوقف على النفس - الخلاف الفقهي,"[""title"", ""content"", ""source"", ""category"", ""tags"", ""isActive"", ""createdAt"", ""updatedAt""]","{""title"": ""الوقف على النفس - الخلاف الفقهي"", ""content"": ""اختلف الفقهاء في جواز الوقف على النفس، فأجازه الحنفية والحنابلة، ومنعه المالكية والشافعية."", ""source"": ""الفقه المقارن - الوقف"", ""category"": ""jurisprudence"", ""tags"": ""الوقف على النفس، الخلاف الفقهي، المذاهب"", ""isActive"": ""1"", ""createdAt"": ""FROM_UNIXTIME(1767919372)"", ""updatedAt"": ""FROM_UNIXTIME(1767919372)""}",864d5cd4232d341f
scripts/final-import.sql,knowledge_documents,1,نظارة الوقف - الشروط والأحكام,"[""title"", ""content"", ""source"", ""category"", ""tags"", ""isActive"", ""createdAt"", ""updatedAt""]","{""title"": ""نظارة الوقف - الشروط والأحكام"", ""content"": ""للواقف أن يشترط النظارة لنفسه أو لغيره، وللناظر أن يتقاضى أجرة على عمله بقدر المعروف إن لم يشترط الواقف."", ""source"": ""الفقه الإسلامي - أحكام الوقف"", ""category"": ""jurisprudence"", ""tags"": ""نظارة الوقف، الناظر، الأجرة"", ""isActive"": ""1"", ""createdAt"": ""FROM_UNIXTIME(1767919372)"", ""updatedAt"": ""FROM_UNIXTIME(1767919372)""}",b7310a105a04f51a
scripts/final-import.sql,knowledge_documents,1,شرط الواقف - الالتزام به,"[""title"", ""content"", ""source"", ""category"", ""tags"", ""isActive"", ""createdAt"", ""updatedAt""]","{""title"": ""شرط الواقف - الالتزام به"", ""content"": ""شرط الواقف كنص الشارع في اللزوم، فيجب الالتزام بشروط الواقف ما لم تخالف الشرع."", ""source"": ""القواعد الفقهية - الوقف"", ""category"": ""jurisprudence"", ""tags"": ""شرط الواقف، الالتزام، الشرع"", ""isActive"": ""1"", ""createdAt"": ""FROM_UNIXTIME(1767919372)"", ""updatedAt"": ""FROM_UNIXTIME(1767919372)""}",a6226e8adf634029
scripts/final-import.sql,knowledge_documents,1,الوقف المؤقت - حكمه,"[""title"", ""content"", ""source"", ""category"", ""tags"", ""isActive"", ""createdAt"", ""updatedAt""]","{""title"": ""الوقف المؤقت - حكمه"", ""content"": ""اختلف الفقهاء في جواز الوقف المؤقت، فأجازه المالكية ومنعه الجمهور، واشترطوا التأبيد في الوقف."", ""source"": ""الفقه المقارن - الوقف"", ""category"": ""jurisprudence"", ""tags"": ""الوقف المؤقت، التأبيد، الخلاف"", ""isActive"": ""1"", ""createdAt"": ""FROM_UNIXTIME(1767919372)"", ""updatedAt"": ""FROM_UNIXTIME(1767919372)""}",35ddc139f282b53c
scripts/final-import.sql,knowledge_documents,1,الوقف على غير المسلمين - الحكم,"[""title"", ""content"", ""source"", ""category"", ""tags"", ""isActive"", ""createdAt"", ""updatedAt""]","{""title"": ""الوقف على غير المسلمين - الحكم"", ""content"": ""يجوز الوقف على غير المسلمين في أمور البر كالفقراء والمرضى، ولا يجوز على الكنائس والبيع."", ""source"": ""الفقه الإسلامي - أحكام الوقف"", ""category"": ""jurisprudence"", ""tags"": ""الوقف على غير المسلمين، البر، الجواز"", ""isActive"": ""1"", ""createdAt"": ""FROM_UNIXTIME(1767919372)"", ""updatedAt"": ""FROM_UNIXTIME(1767919372)""}",97de16fd246efa24
scripts/final-import.sql,knowledge_documents,1,إحياء الوقف المتعطل - الأحكام,"[""title"", ""content"", ""source"", ""category"", ""tags"", ""isActive"", ""createdAt"", ""updatedAt""]","{""title"": ""إحياء الوقف المتعطل - الأحكام"", ""content"": ""إذا تعطل الوقف وخرب، فللناظر أو القاضي إحياؤه وتعميره من ريع الوقف أو من بيت المال إن لم يكن للوقف ريع."", ""source"": ""الفقه الإسلامي - إدارة الأوقاف"", ""category"": ""jurisprudence"", ""tags"": ""إحياء الوقف، التعمير، الناظر"", ""isActive"": ""1"", ""createdAt"": ""FROM_UNIXTIME(1767919372)"", ""updatedAt"": ""FROM_UNIXTIME(1767919372)""}",e800fb3fd6e32739
scripts/final-import.sql,knowledge_documents,1,الوقف الأهلي - التعريف والأحكام,"[""title"", ""content"", ""source"", ""category"", ""tags"", ""isActive"", ""createdAt"", ""updatedAt""]","{""title"": ""الوقف الأهلي - التعريف والأحكام"", ""content"": ""الوقف الأهلي هو ما وقف على الذرية والأقارب ثم على جهة بر، وله أحكام خاصة في الإدارة والتوزيع."", ""source"": ""الفقه الإسلامي - أنواع الوقف"", ""category"": ""jurisprudence"", ""tags"": ""الوقف الأهلي، الذرية، الأقارب"", ""isActive"": ""1"", ""createdAt"": ""FROM_UNIXTIME(1767919372)"", ""updatedAt"": ""FROM_UNIXTIME(1767919372)""}",4a7d84adc10dd0e0
scripts/final-import.sql,knowledge_documents,1,الوقف المشترك - الأحكام,"[""title"", ""content"", ""source"", ""category"", ""tags"", ""isActive"", ""createdAt"", ""updatedAt""]","{""title"": ""الوقف المشترك - الأحكام"", ""content"": ""يجوز أن يشترك أكثر من واحد في وقف عين واحدة، ولكل منهم نصيبه في الثواب والأجر."", ""source"": ""الفقه الإسلامي - أحكام الوقف"", ""category"": ""jurisprudence"", ""tags"": ""الوقف المشترك، الاشتراك، النصيب"", ""isActive"": ""1"", ""createdAt"": ""FROM_UNIXTIME(1767919372)"", ""updatedAt"": ""FROM_UNIXTIME(1767919372)""}",08c71bdddd5351ed
scripts/final-import.sql,knowledge_documents,1,الوقف على المساجد - الفضل والأحكام,"[""title"", ""content"", ""source"", ""category"", ""tags"", ""isActive"", ""createdAt"", ""updatedAt""]","{""title"": ""الوقف على المساجد - الفضل والأحكام"", ""content"": ""الوقف على المساجد من أفضل أنواع الوقف، ويشمل بناء المساجد والإنفاق على صيانتها وخدمتها."", ""source"": ""الفقه الإسلامي - فضائل الوقف"", ""category"": ""jurisprudence"", ""tags"": ""الوقف على المساجد، الفضل، البناء"", ""isActive"": ""1"", ""createdAt"": ""FROM_UNIXTIME(1767919372)"", ""updatedAt"": ""FROM_UNIXTIME(1767919372)""}",1dc0aa5feb84902f
scripts/final-import.sql,knowledge_documents,1,قانون الأوقاف والشؤون الدينية رقم (26) لسنة 1966م وتعديلاته,"[""title"", ""content"", ""source"", ""category"", ""tags"", ""isActive"", ""createdAt"", ""updatedAt""]","{""title"": ""قانون الأوقاف والشؤون الدينية رقم (26) لسنة 1966م وتعديلاته"", ""content"": ""قانون الأوقاف والشؤون الدينية رقم (26) لسنة 1966م هو القانون الأساسي الذي ينظم شؤون الأوقاف في فلسطين. صدر في عهد المملكة الأردنية الهاشمية ولا يزال ساري المفعول مع تعديلات حتى عام 2023.\n\nأهم التعريفات:\n- الأوقاف والشؤون الدينية: الأموال المنقولة أو غير المنقولة الموقوفة على جهة بر لا تنقطع ابتداء أو انتهاء، والمساجد وملحقاتها والمقامات ودور التكايا والزوايا والمقابر الإسلامية.\n\nأهداف الوزارة:\n1. المحافظة على المساجد وأموال الأوقاف وصيانتها وتنميتها وإدارة شؤونها\n2. العناية بتطوير المسجد ليؤدي رسالته في مجالات التربية الإسلامية\n3. إذكاء روح التضحية والجهاد والثبات في الأمة\n4. تنمية الأخلاق الإسلامية وتمكينها في حياة المسلمين\n5. دعم النشاط الإسلامي العام والتعليم الديني\n6. نشر الثقافة الإسلامية والمحافظة على التراث الإسلامي\n\nالشخصية القانونية: للوزارة شخصية معنوية واستقلال مالي وإداري."", ""source"": ""https://mjr.ogb.gov.ps/MergedLegislations/ViewText/165/"", ""category"": ""law"", ""tags"": ""قانون الأوقاف، فلسطين، الأردن، الشؤون الدينية، المساجد، الوقف الخيري، التشريعات الإسلامية، وزارة الأوقاف"", ""isActive"": ""1"", ""createdAt"": ""FROM_UNIXTIME(1767919372)"", ""updatedAt"": ""FROM_UNIXTIME(1767919372)""}",6f4f5a77c76fcf3b
scripts/final-import.sql,knowledge_documents,1,قانون الأراضي العثماني 1858,"[""title"", ""content"", ""source"", ""category"", ""tags"", ""isActive"", ""createdAt"", ""updatedAt""]","{""title"": ""قانون الأراضي العثماني 1858"", ""content"": ""قانون الأراضي العثماني الصادر عام 1858 (1274 هجري) هو القانون الأساسي الذي ينظم ملكية الأراضي في فلسطين. لا يزال ساري النفاذ في الضفة الغربية وغزة.\n\nتقسيم الأراضي (المادة 1):\n1. الأراضي المملوكة: المحلات الحاصل التصرف بها على وجه الملكية\n2. الأراضي الأميرية: الأراضي التابعة لبيت المال\n3. الأراضي الموقوفة: الأراضي الموقوفة وفقاً للشرع\n4. الأراضي المتروكة: المخصصة لعموم الناس أو أهالي القرى\n5. الأراضي الموات: الأراضي الخالية البعيدة عن العمران\n\nالأراضي الموقوفة (المادة 4):\nالقسم الأول: الأراضي التي كانت من الأراضي المملوكة صحيحاً وأوقفت وفقاً للشرع الشريف. رقبتها وجميع حقوق التصرف بها عائدة إلى جانب الوقف.\n\nالقسم الثاني: الأراضي المفرزة من الأراضي الأميرية التي أوقفها السلاطين أو آخرون بالإذن السلطاني. وقفيتها عبارة عن تخصيص منافعها لجهة ما، ورقبتها تعود إلى بيت المال.\n\nالطابو: هو الرسم الذي يعطى في مقابلة حق التصرف في الأراضي الأميرية."", ""source"": ""https://maqam.najah.edu/legislation/169/"", ""category"": ""law"", ""tags"": ""قانون الأراضي العثماني، الأراضي الموقوفة، الطابو، الأراضي الأميرية، فلسطين، التشريعات العثمانية، الملكية العقارية"", ""isActive"": ""1"", ""createdAt"": ""FROM_UNIXTIME(1767919372)"", ""updatedAt"": ""FROM_UNIXTIME(1767919372)""}",995af03f12aa715b
scripts/final-import.sql,knowledge_documents,1,مجلة الأحكام العدلية - كتاب الوقف,"[""title"", ""content"", ""source"", ""category"", ""tags"", ""isActive"", ""createdAt"", ""updatedAt""]","{""title"": ""مجلة الأحكام العدلية - كتاب الوقف"", ""content"": ""مجلة الأحكام العدلية هي القانون المدني العثماني المستمد من الفقه الحنفي، صدرت عام 1876م (1293 هـ). تحتوي على أحكام الوقف المستمدة من المذهب الحنفي.\n\nتعريف العقار (المادة 1270): ما لا يمكن نقله من محل إلى آخر؛ كالدور والأراضي.\n\nالولاية على الوقف (المادة 974): الولاية الخاصة أقوى من الولاية العامة، فولاية المتولي على الوقف أولى من ولاية القاضي عليه.\n\nأحكام الوقف:\n- الوقف يجوز على جهة بر لا تنقطع\n- العقار يجوز وقفه بالإجماع\n- المنقول يجوز وقفه عند أبي يوسف ومحمد خلافاً لأبي حنيفة\n- من شرط الموقوف التأبيد، والعقار مؤبد"", ""source"": ""https://dorar.net/feqhia/6119/"", ""category"": ""law"", ""tags"": ""مجلة الأحكام العدلية، الفقه الحنفي، الوقف، العقار، المتولي، الولاية، القانون العثماني"", ""isActive"": ""1"", ""createdAt"": ""FROM_UNIXTIME(1767919372)"", ""updatedAt"": ""FROM_UNIXTIME(1767919372)""}",8e9beb991e21e795
scripts/final-import.sql,knowledge_documents,1,المبسوط للسرخسي - كتاب الوقف,"[""title"", ""content"", ""source"", ""category"", ""tags"", ""isActive"", ""createdAt"", ""updatedAt""]","{""title"": ""المبسوط للسرخسي - كتاب الوقف"", ""content"": ""المبسوط هو أحد أهم كتب الفقه الحنفي، ألفه محمد بن أحمد بن أبي سهل شمس الأئمة السرخسي (ت 483 هـ).\n\nتعريف الوقف: لغة: الحبس. وشرعاً: حبس المملوك عن التصرف فيه وتسبيل منفعته.\n\nاختلاف الأئمة في ملكية الوقف:\n- أبو حنيفة: الوقف لا يزيل الملك عن الواقف، ويبقى على ملكه، لكن يمتنع عن التصرف فيه.\n- أبو يوسف ومحمد: الوقف يزيل الملك، ويحبس العين عن الدخول في ملك غيره، وتصير ملكاً لله تعالى.\n\nشروط صحة الوقف:\n1. أن يكون على جهة بر لا تنقطع\n2. أن يكون المال مما يمكن الانتفاع به مع بقاء عينه\n3. أن يكون الواقف أهلاً للتبرع\n4. أن يكون الوقف منجزاً غير معلق\n\nأحكام المسجد: إذا بنى على منزله مسجداً وسكن أسفله أو جعله سرداباً ثم مات، فهو ميراث وليس مسجداً. المسجد ما يحرز أصله عن ملك العباد."", ""source"": ""https://shamela.ws/book/5423/2508"", ""category"": ""jurisprudence"", ""tags"": ""المبسوط، السرخسي، الفقه الحنفي، الوقف، أبو حنيفة، أبو يوسف، محمد، ملكية الوقف، شروط الوقف"", ""isActive"": ""1"", ""createdAt"": ""FROM_UNIXTIME(1767919372)"", ""updatedAt"": ""FROM_UNIXTIME(1767919372)""}",dd826b31d9b30cc3
scripts/final-import.sql,knowledge_documents,1,فتح القدير لابن الهمام - كتاب الوقف,"[""title"", ""content"", ""source"", ""category"", ""tags"", ""isActive"", ""createdAt"", ""updatedAt""]","{""title"": ""فتح القدير لابن الهمام - كتاب الوقف"", ""content"": ""فتح القدير هو شرح على الهداية، ألفه محمد بن عبد الواحد السيواسي المعروف بابن الهمام الحنفي (ت 861 هـ).\n\nالوقف في مرض الموت:\n- أبو حنيفة: يعتبر من الثلث لأنه تبرع\n- أبو يوسف ومحمد: يعتبر من رأس المال لأنه ليس تمليكاً\n\nخروج الوقف عن الملك: ليس من مقتضيات لفظ \""وقفت داري\"" أو \""حبستها\"" خروجها عن الملك، فيصدق مع كل منهما (البقاء في الملك أو الخروج منه)، فالترجيح بالدليل.\n\nالوقف على الذرية:\n- يجوز الوقف على الذرية والأولاد\n- يجوز الوقف على من سيولد في المستقبل القريب"", ""source"": ""https://shamela.ws/book/21744/2777"", ""category"": ""jurisprudence"", ""tags"": ""فتح القدير، ابن الهمام، الفقه الحنفي، الوقف، مرض الموت، الوقف على الذرية، خروج الوقف عن الملك"", ""isActive"": ""1"", ""createdAt"": ""FROM_UNIXTIME(1767919372)"", ""updatedAt"": ""FROM_UNIXTIME(1767919372)""}",4ab15c2ea55473b6
scripts/final-import.sql,knowledge_documents,1,فتاوى الوقف - سليمان الجاسر,"[""title"", ""content"", ""source"", ""category"", ""tags"", ""isActive"", ""createdAt"", ""updatedAt""]","{""title"": ""فتاوى الوقف - سليمان الجاسر"", ""content"": ""كتاب فتاوى الوقف من تأليف سليمان بن جاسر الجاسر، نشره مركز واقف - مدار الوطن للنشر، الطبعة السادسة 1436 هـ.\n\nموضوعات الكتاب:\n- أحكام الوقف المعاصرة\n- فتاوى متعلقة بإدارة الأوقاف\n- أحكام استبدال الوقف\n- أحكام ناظر الوقف\n- أحكام الوقف الذري والوقف الخيري\n\nيتناول الكتاب المسائل الفقهية المعاصرة المتعلقة بالوقف، ويجيب على الأسئلة الشائعة حول إدارة الأوقاف واستثمارها."", ""source"": ""https://khair.ws/library/7239/"", ""category"": ""jurisprudence"", ""tags"": ""فتاوى الوقف، سليمان الجاسر، أحكام معاصرة، استبدال الوقف، ناظر الوقف، الوقف الذري، الوقف الخيري"", ""isActive"": ""1"", ""createdAt"": ""FROM_UNIXTIME(1767919372)"", ""updatedAt"": ""FROM_UNIXTIME(1767919372)""}",99bfdcd9ffbeb682
scripts/final-import.sql,knowledge_documents,1,مجموع فتاوى ابن تيمية - كتاب الوقف,"[""title"", ""content"", ""source"", ""category"", ""tags"", ""isActive"", ""createdAt"", ""updatedAt""]","{""title"": ""مجموع فتاوى ابن تيمية - كتاب الوقف"", ""content"": ""مجموع فتاوى شيخ الإسلام أحمد بن عبد الحليم بن تيمية (ت 728 هـ)، يحتوي على فتاوى متعلقة بالوقف من المذهب الحنبلي.\n\nاستبدال الوقف:\n- يجوز استبدال الوقف بخير منه إذا كان ذلك أنفع للموقوف عليهم\n- مثال: إذا وقف داراً أو حانوتاً أو بستاناً أو قرية يكون مغلها قليلاً، فيبدلها بما هو أكثر غلة\n\nالوقف على جهة مباحة:\n- الوقف على الأغنياء جائز\n- الوقف على المدارس والمساجد من أفضل الأوقاف\n\nشروط الواقف:\n- يجب العمل بشرط الواقف ما لم يخالف الشرع\n- إذا شرط الواقف ألا ينزل في المدرسة إلا من لم يكن له وظيفة، وجب العمل بشرطه"", ""source"": ""https://www.islamweb.net/ar/library/content/22/4743/"", ""category"": ""jurisprudence"", ""tags"": ""ابن تيمية، فتاوى، الفقه الحنبلي، استبدال الوقف، شروط الواقف، الوقف على المساجد، الوقف على المدارس"", ""isActive"": ""1"", ""createdAt"": ""FROM_UNIXTIME(1767919372)"", ""updatedAt"": ""FROM_UNIXTIME(1767919372)""}",2fb03118e81a01b2
scripts/final-import.sql,knowledge_documents,1,تعليمات لجان رعاية المساجد رقم (2) لسنة 2023م,"[""title"", ""content"", ""source"", ""category"", ""tags"", ""isActive"", ""createdAt"", ""updatedAt""]","{""title"": ""تعليمات لجان رعاية المساجد رقم (2) لسنة 2023م"", ""content"": ""تعليمات صادرة عن وزارة الأوقاف والشؤون الدينية الفلسطينية لتنظيم عمل لجان رعاية المساجد.\n\nأهداف التعليمات:\n1. المحافظة على المساجد وقدسيتها ونظافتها\n2. إحياء صلاة الجماعة\n3. تحقيق مبدأ تكافؤ الفرص في منح الإكرامية\n4. حماية المساجد من التعديات\n\nنطاق التطبيق:\n- جميع المساجد في فلسطين\n- لجان رعاية المساجد\n- الأئمة والمؤذنون"", ""source"": ""http://muqtafi.birzeit.edu/pg/getleg.asp?id=18827"", ""category"": ""administrative"", ""tags"": ""تعليمات، لجان رعاية المساجد، وزارة الأوقاف، فلسطين، المساجد، الأئمة، المؤذنون"", ""isActive"": ""1"", ""createdAt"": ""FROM_UNIXTIME(1767919372)"", ""updatedAt"": ""FROM_UNIXTIME(1767919372)""}",0f2c48e616218a98
scripts/final-import.sql,knowledge_documents,1,قرار بقانون رقم (2) لسنة 2023م بشأن تعديل قانون الأوقاف,"[""title"", ""content"", ""source"", ""category"", ""tags"", ""isActive"", ""createdAt"", ""updatedAt""]","{""title"": ""قرار بقانون رقم (2) لسنة 2023م بشأن تعديل قانون الأوقاف"", ""content"": ""قرار بقانون صادر عن السلطة الوطنية الفلسطينية لتعديل قانون الأوقاف والشؤون والمقدسات الإسلامية رقم (26) لسنة 1966م.\n\nالمادة (6) مكرر - المضافة:\n1. تتولى الوزارة جباية الرسوم والأحكار والأعشار الخاصة بالأوقاف الإسلامية\n2. تستوفي الوزارة جميع المستحقات المالية المتعلقة بالأوقاف\n3. تدير الوزارة أموال الأوقاف وفقاً للأحكام الشرعية والقانونية\n\nالهدف: تعزيز صلاحيات وزارة الأوقاف في إدارة الأموال الوقفية وجباية الرسوم."", ""source"": ""http://muqtafi.birzeit.edu/pg/getleg.asp?id=18715"", ""category"": ""administrative"", ""tags"": ""قرار بقانون، تعديل قانون الأوقاف، 2023، جباية الرسوم، الأحكار، الأعشار، وزارة الأوقاف"", ""isActive"": ""1"", ""createdAt"": ""FROM_UNIXTIME(1767919372)"", ""updatedAt"": ""FROM_UNIXTIME(1767919372)""}",1b57cb0c82e25a5a
scripts/final-import.sql,knowledge_documents,1,مهام وزارة الأوقاف والشؤون الدينية الفلسطينية,"[""title"", ""content"", ""source"", ""category"", ""tags"", ""isActive"", ""createdAt"", ""updatedAt""]","{""title"": ""مهام وزارة الأوقاف والشؤون الدينية الفلسطينية"", ""content"": ""وزارة الأوقاف والشؤون الدينية هي الجهة الحكومية المسؤولة عن إدارة الأوقاف والشؤون الدينية في فلسطين.\n\nالمهام الأساسية:\n1. رعاية الأركان الخمس (الشهادتان، الصلاة، الزكاة، الصوم، الحج)\n2. رعاية الشؤون الدينية والحفاظ على وسطية المنهج\n3. الحفاظ على أملاك الوقف وتنميتها واستثمارها\n4. حفظ الموروث الديني والثقافي والارتقاء بالتعليم الشرعي\n\nالبرامج الرئيسية:\n- برنامج الأركان الخمسة\n- برنامج إدارة الأملاك الوقفية\n- برنامج التعليم الشرعي والمهني والتراث\n- البرنامج الإداري"", ""source"": ""https://www.palestinecabinet.gov.ps/portal/OrgStructure/Details/20"", ""category"": ""administrative"", ""tags"": ""وزارة الأوقاف، فلسطين، الشؤون الدينية، الأركان الخمسة، الأملاك الوقفية، التعليم الشرعي"", ""isActive"": ""1"", ""createdAt"": ""FROM_UNIXTIME(1767919372)"", ""updatedAt"": ""FROM_UNIXTIME(1767919372)""}",c1836e4fe9ee0bfc
scripts/final-import.sql,knowledge_documents,1,نظام الوقف الذري في فلسطين,"[""title"", ""content"", ""source"", ""category"", ""tags"", ""isActive"", ""createdAt"", ""updatedAt""]","{""title"": ""نظام الوقف الذري في فلسطين"", ""content"": ""الوقف الذري هو نظام شرعي وقانوني يجعل العقار مالاً موقوفاً، ويُكتَب في صكّ الوقف من يحق لهم الاستفادة من ريعه من أبناء المالك وذريته، وبأيّ شروط.\n\nخصائص الوقف الذري:\n1. الاستمرارية: ينتقل من جيل إلى جيل\n2. الحماية: لا يُباع ولا يُورث\n3. التوزيع: يُوزع ريعه على الذرية حسب شرط الواقف\n4. التسجيل: يُسجل في دائرة الأوقاف بصك رسمي\n\nالإحصائيات في القدس:\n- نسبة الوقف الخيري إلى الذري: ما بين (2:1) أو (4:3)\n- عدد الحجج المقدر: لا يقل عن 1200-1600 حجة وقف"", ""source"": ""https://www.facebook.com/palestinian.vision/posts/1294708359357491/"", ""category"": ""administrative"", ""tags"": ""الوقف الذري، فلسطين، القدس، الذرية، صك الوقف، الحماية القانونية، الاستمرارية"", ""isActive"": ""1"", ""createdAt"": ""FROM_UNIXTIME(1767919372)"", ""updatedAt"": ""FROM_UNIXTIME(1767919372)""}",a3eb47b1ca468f6c
scripts/final-import.sql,knowledge_documents,1,تاريخ إدارة الأوقاف في فلسطين,"[""title"", ""content"", ""source"", ""category"", ""tags"", ""isActive"", ""createdAt"", ""updatedAt""]","{""title"": ""تاريخ إدارة الأوقاف في فلسطين"", ""content"": ""مرت إدارة الأوقاف في فلسطين بعدة مراحل تاريخية:\n\n1. عهد الانتداب البريطاني (1921-1948):\n- إدارة الأوقاف من قبل المجلس الإسلامي الأعلى\n- نظام المجلس الصادر سنة 1921م\n\n2. بعد النكبة (1948-1967):\n- إدارة الأوقاف في الضفة الغربية من قبل الأردن\n- إدارة الأوقاف في غزة من قبل مصر\n\n3. بعد الاحتلال (1967-1994):\n- محاولات إسرائيلية للسيطرة على الأوقاف\n- مقاومة فلسطينية للحفاظ على الأوقاف\n\n4. السلطة الوطنية الفلسطينية (1994-الآن):\n- إنشاء وزارة الأوقاف والشؤون الدينية\n- إصدار قوانين وتعليمات جديدة"", ""source"": ""https://www.tawaf.ps/"", ""category"": ""historical"", ""tags"": ""تاريخ الأوقاف، فلسطين، المجلس الإسلامي الأعلى، الانتداب البريطاني، السلطة الوطنية، وزارة الأوقاف"", ""isActive"": ""1"", ""createdAt"": ""FROM_UNIXTIME(1767919372)"", ""updatedAt"": ""FROM_UNIXTIME(1767919372)""}",760a858813005ee5
scripts/final-import.sql,knowledge_documents,1,الوقف على المسجد الأقصى,"[""title"", ""content"", ""source"", ""category"", ""tags"", ""isActive"", ""createdAt"", ""updatedAt""]","{""title"": ""الوقف على المسجد الأقصى"", ""content"": ""يعود أول وقف على المسجد الأقصى إلى عهد الصحابة، فقد بُني المسجد الأقصى بناءً بسيطاً من الخشب في عهد عمر بن الخطاب عقب زيارته للقدس بعد الفتح الإسلامي.\n\nأهم الأوقاف التاريخية:\n1. وقف عمر بن الخطاب: أول وقف على المسجد الأقصى\n2. أوقاف صلاح الدين الأيوبي: بعد تحرير القدس عام 1187م\n3. أوقاف المماليك: في القرنين 13-15 الميلادي\n4. أوقاف العثمانيين: من القرن 16 حتى القرن 20\n\nالأهمية: الوقف على المسجد الأقصى من أقدس الأوقاف الإسلامية، ويشمل المسجد نفسه والعقارات المحيطة به."", ""source"": ""https://ar.wikipedia.org/wiki/الوقف_على_المسجد_الأقصى"", ""category"": ""historical"", ""tags"": ""المسجد الأقصى، القدس، عمر بن الخطاب، صلاح الدين الأيوبي، الأوقاف التاريخية، الفتح الإسلامي"", ""isActive"": ""1"", ""createdAt"": ""FROM_UNIXTIME(1767919372)"", ""updatedAt"": ""FROM_UNIXTIME(1767919372)""}",de369f6ac4c74738
scripts/final-import.sql,knowledge_documents,1,حجة وقف مصطفى آغا (1821م),"[""title"", ""content"", ""source"", ""category"", ""tags"", ""isActive"", ""createdAt"", ""updatedAt""]","{""title"": ""حجة وقف مصطفى آغا (1821م)"", ""content"": ""نسخة طبق الأصل من حجة وقف، مخرجة عن سجلات المحكمة الشرعية في القدس، ومؤرخة في عام 1236 هجري الموافق 1821 ميلادي.\n\nمعلومات الحجة:\n- الواقف: مصطفى آغا\n- التاريخ: 1236 هـ / 1821 م\n- المصدر: سجلات المحكمة الشرعية في القدس\n- النوع: نسخة طبق الأصل\n\nالأهمية:\n- نموذج للحجج الوقفية العثمانية\n- توثيق تاريخي للأوقاف في القدس\n- مصدر قانوني للملكية الوقفية\n\nتعتبر هذه الحجة من الوثائق التاريخية المهمة التي توثق الأوقاف في القدس خلال العصر العثماني."", ""source"": ""https://www.palarchive.org/index.php/Detail/objects/291104/"", ""category"": ""historical"", ""tags"": ""حجة وقف، مصطفى آغا، القدس، 1821، المحكمة الشرعية، العصر العثماني، وثائق تاريخية"", ""isActive"": ""1"", ""createdAt"": ""FROM_UNIXTIME(1767919372)"", ""updatedAt"": ""FROM_UNIXTIME(1767919372)""}",577a991ad277286f
scripts/final-import.sql,knowledge_documents,1,الحجج الوقفية في سجلات محكمة القدس الشرعية (القرن 11 هـ),"[""title"", ""content"", ""source"", ""category"", ""tags"", ""isActive"", ""createdAt"", ""updatedAt""]","{""title"": ""الحجج الوقفية في سجلات محكمة القدس الشرعية (القرن 11 هـ)"", ""content"": ""دراسة فقهية مقاصدية للحجج الوقفية التي تضمنت إنشاء الوقف في سجلات محكمة القدس الشرعية في القرن الحادي عشر الهجري (17 الميلادي).\n\nأهم النتائج:\n1. تنوع الأوقاف: أوقاف خيرية وذرية ومشتركة\n2. الشروط: تنوع شروط الواقفين\n3. الإدارة: أنظمة إدارة الأوقاف في العصر العثماني\n4. التوثيق: أهمية التوثيق الشرعي للأوقاف\n\nالباحث: رياض منير أمين خويص (2022)\n\nالأهمية: توفر هذه الدراسة نظرة شاملة على أنواع الأوقاف وشروطها وإدارتها في القدس خلال القرن 17 الميلادي."", ""source"": ""https://dspace.alquds.edu/items/ab359e3f-ea7c-4992-a657-d96d28fc9907"", ""category"": ""historical"", ""tags"": ""الحجج الوقفية، القدس، القرن 11 هجري، المحكمة الشرعية، العصر العثماني، دراسة فقهية، رياض خويص"", ""isActive"": ""1"", ""createdAt"": ""FROM_UNIXTIME(1767919372)"", ""updatedAt"": ""FROM_UNIXTIME(1767919372)""}",54d18e12c9c67c1b
scripts/final-import.sql,knowledge_documents,1,أرشيفات القدس الإسلامية - مصادر لمسألة الوقف,"[""title"", ""content"", ""source"", ""category"", ""tags"", ""isActive"", ""createdAt"", ""updatedAt""]","{""title"": ""أرشيفات القدس الإسلامية - مصادر لمسألة الوقف"", ""content"": ""أرشيفات القدس الإسلامية تحتوي على مصادر أولية حيوية لدراسة الأوقاف في القدس العثمانية.\n\nأهم المصادر:\n1. سجلات المحاكم الشرعية: تحتوي على آلاف الحجج الوقفية\n2. الوثائق العثمانية: سجلات الطابو والدفاتر العثمانية\n3. وثائق المجلس الإسلامي الأعلى: من عهد الانتداب البريطاني\n4. أرشيف وزارة الأوقاف: الوثائق المعاصرة\n\nالأهمية:\n- التوثيق التاريخي: إثبات ملكية الأوقاف\n- الدراسات الأكاديمية: مصدر للباحثين\n- الحماية القانونية: إثبات الحقوق الوقفية\n\nهذه الأرشيفات تشكل مرجعاً أساسياً لأي دراسة تتعلق بالأوقاف في القدس وفلسطين."", ""source"": ""https://www.palestine-studies.org/sites/default/files/hq-articles/9893.pdf"", ""category"": ""historical"", ""tags"": ""أرشيفات القدس، سجلات المحاكم الشرعية، الوثائق العثمانية، المجلس الإسلامي الأعلى، التوثيق التاريخي"", ""isActive"": ""1"", ""createdAt"": ""FROM_UNIXTIME(1767919372)"", ""updatedAt"": ""FROM_UNIXTIME(1767919372)""}",50f43cad14001d55
scripts/final-import.sql,knowledge_documents,1,أقدم وقف موثق في العالم (القرن 9 الميلادي),"[""title"", ""content"", ""source"", ""category"", ""tags"", ""isActive"", ""createdAt"", ""updatedAt""]","{""title"": ""أقدم وقف موثق في العالم (القرن 9 الميلادي)"", ""content"": ""اكتشاف أثري لنقش على حجر جيري يتضمن وقف قريتين زراعيتين في فلسطين في القرن التاسع الميلادي، مع حيوانات عالية الجودة.\n\nتفاصيل الاكتشاف:\n- المادة: نقش على حجر جيري ناعم\n- المحتوى: وقف قريتين زراعيتين\n- الفترة: القرن التاسع الميلادي\n- المكان: فلسطين\n\nالأهمية:\n- أقدم وقف موثق: من أقدم الأوقاف المكتشفة في العالم\n- التوثيق: نقش على حجر جيري\n- المحتوى: تفاصيل دقيقة عن الوقف\n\nهذا الاكتشاف يؤكد أن نظام الوقف كان راسخاً في فلسطين منذ القرون الأولى للإسلام."", ""source"": ""https://www.haaretz.com/archaeology/2021-12-06/"", ""category"": ""historical"", ""tags"": ""أقدم وقف، القرن التاسع الميلادي، فلسطين، نقش، حجر جيري، اكتشاف أثري، قريتين زراعيتين"", ""isActive"": ""1"", ""createdAt"": ""FROM_UNIXTIME(1767919372)"", ""updatedAt"": ""FROM_UNIXTIME(1767919372)""}",adf5bf008ffb1712
scripts/final-import.sql,knowledge_documents,1,إدارة الأوقاف في عهد الانتداب البريطاني,"[""title"", ""content"", ""source"", ""category"", ""tags"", ""isActive"", ""createdAt"", ""updatedAt""]","{""title"": ""إدارة الأوقاف في عهد الانتداب البريطاني"", ""content"": ""في عهد الانتداب البريطاني على فلسطين، كانت الأوقاف الإسلامية تدار من قبل المجلس الإسلامي الأعلى.\n\nالنظام الإداري:\n- المجلس الإسلامي الأعلى: أدار الأوقاف الإسلامية\n- الكنائس المسيحية: أدارت الأوقاف المسيحية\n- السنة: 1937\n\nالتحديات:\n1. السيطرة البريطانية: محاولات السيطرة على الأوقاف\n2. المصادرة: مصادرة بعض الأراضي الوقفية\n3. التوثيق: صعوبات في تسجيل الأوقاف\n\nالأهمية: هذه الفترة شهدت محاولات لتنظيم الأوقاف وفق النظام القانوني البريطاني، مع الحفاظ على الطابع الإسلامي للإدارة."", ""source"": ""https://badil.org/publications/al-majdal/issues/items/409.html"", ""category"": ""historical"", ""tags"": ""الانتداب البريطاني، المجلس الإسلامي الأعلى، فلسطين، 1937، إدارة الأوقاف، التحديات"", ""isActive"": ""1"", ""createdAt"": ""FROM_UNIXTIME(1767919372)"", ""updatedAt"": ""FROM_UNIXTIME(1767919372)""}",99ca41e3ca15269c
scripts/final-import.sql,knowledge_documents,1,الإشراف المعاصر على العقارات الوقفية,"[""title"", ""content"", ""source"", ""category"", ""tags"", ""isActive"", ""createdAt"", ""updatedAt""]","{""title"": ""الإشراف المعاصر على العقارات الوقفية"", ""content"": ""تتولى الإدارة العامة للأملاك الوقفية في وزارة الأوقاف والشؤون الدينية الفلسطينية الإشراف على العقارات الوقفية.\n\nالإجراءات الحالية:\n1. تلقي الطلبات: طلبات استئجار الأملاك الوقفية\n2. الأراضي والعقارات: جميع أنواع الأملاك الوقفية\n3. المواطنون والمؤسسات: يمكنهم التقدم بطلبات\n\nالجهة المسؤولة: الإدارة العامة للأملاك الوقفية - وزارة الأوقاف والشؤون الدينية\n\nالهدف: تنظيم استثمار الأملاك الوقفية وضمان استفادة المستحقين منها وفق الأحكام الشرعية والقانونية."", ""source"": ""https://www.palestinecabinet.gov.ps/portal/GovService/Details/129"", ""category"": ""administrative"", ""tags"": ""الإشراف على العقارات، الأملاك الوقفية، وزارة الأوقاف، فلسطين، استئجار، الإدارة العامة"", ""isActive"": ""1"", ""createdAt"": ""FROM_UNIXTIME(1767919372)"", ""updatedAt"": ""FROM_UNIXTIME(1767919372)""}",7b25d12886494653
scripts/stmt_01.sql,knowledge_documents,1,قانون الأراضي العثماني - المادة 1: تعريف الأراضي,"[""title"", ""content"", ""source"", ""category"", ""tags"", ""isActive"", ""createdAt"", ""updatedAt""]","{""title"": ""قانون الأراضي العثماني - المادة 1: تعريف الأراضي"", ""content"": ""المادة الأولى: الأراضي على خمسة أقسام:\n\n1. الأراضي المملوكة (الملك): وهي الأراضي التي يملكها الأفراد ملكية تامة بموجب سند رسمي، ويحق لهم التصرف فيها بالبيع والشراء والهبة والوقف والإرث دون قيد أو شرط.\n\n2. الأراضي الأميرية: وهي الأراضي التي تعود رقبتها للدولة، ويكون للأفراد حق التصرف فيها فقط. لا يجوز بيع رقبة الأرض الأميرية، وإنما يباع حق التصرف فقط.\n\n3. الأراضي الموقوفة: وهي الأراضي التي وقفها أصحابها لجهة خيرية أو ذرية، ولا يجوز بيعها أو التصرف فيها إلا وفق شروط الواقف.\n\n4. الأراضي المتروكة: وهي الأراضي المخصصة للمنفعة العامة كالطرق والساحات والمراعي، ولا يجوز تملكها أو التصرف فيها.\n\n5. الأراضي الموات: وهي الأراضي البور التي لم تُعمّر ولم تُزرع، ويجوز إحياؤها بإذن من الدولة."", ""source"": ""قانون الأراضي العثماني 1858"", ""category"": ""law"", ""tags"": ""أراضي، ملكية، أميرية، وقف، متروكة، موات"", ""isActive"": ""1"", ""createdAt"": ""FROM_UNIXTIME(1767919441)"", ""updatedAt"": ""FROM_UNIXTIME(1767919441)""}",15c98e68d8761098
scripts/stmt_02.sql,knowledge_documents,1,قانون الأراضي العثماني - المادة 3: الأراضي الأميرية,"[""title"", ""content"", ""source"", ""category"", ""tags"", ""isActive"", ""createdAt"", ""updatedAt""]","{""title"": ""قانون الأراضي العثماني - المادة 3: الأراضي الأميرية"", ""content"": ""المادة الثالثة: الأراضي الأميرية هي الأراضي التي رقبتها للدولة، وللأفراد حق التصرف فيها فقط.\n\nشروط التصرف في الأراضي الأميرية:\n1. يجب دفع الضرائب المقررة (الميري) سنوياً للدولة\n2. يجب زراعة الأرض وعدم تركها بوراً لمدة تزيد عن ثلاث سنوات\n3. لا يجوز بيع رقبة الأرض، وإنما يباع حق التصرف فقط\n4. يجوز توريث حق التصرف للورثة الشرعيين\n5. يجوز وقف حق التصرف بإذن من الدولة\n\nعقوبة ترك الأرض بوراً:\nإذا ترك صاحب حق التصرف الأرض بوراً لمدة ثلاث سنوات متتالية دون عذر شرعي، يسقط حقه في التصرف، وتعود الأرض للدولة لتمنحها لمن يعمرها."", ""source"": ""قانون الأراضي العثماني 1858"", ""category"": ""law"", ""tags"": ""أراضي أميرية، حق التصرف، ميري، ضرائب"", ""isActive"": ""1"", ""createdAt"": ""FROM_UNIXTIME(1767919441)"", ""updatedAt"": ""FROM_UNIXTIME(1767919441)""}",3b77558a1ac06056
scripts/stmt_03.sql,knowledge_documents,1,قانون الأراضي العثماني - المادة 12: وقف الأراضي الأميرية,"[""title"", ""content"", ""source"", ""category"", ""tags"", ""isActive"", ""createdAt"", ""updatedAt""]","{""title"": ""قانون الأراضي العثماني - المادة 12: وقف الأراضي الأميرية"", ""content"": ""المادة الثانية عشرة: يجوز وقف حق التصرف في الأراضي الأميرية بإذن من السلطان أو من ينوب عنه.\n\nشروط وقف الأراضي الأميرية:\n1. الحصول على إذن رسمي من الدولة (الإرادة السنية)\n2. تسجيل الوقف في السجلات الرسمية\n3. تحديد جهة الوقف (خيري أو ذري)\n4. تعيين ناظر للوقف\n5. استمرار دفع الضرائب المقررة (الميري) من ريع الوقف\n\nأحكام خاصة:\n- إذا لم يُدفع الميري من ريع الوقف، يحق للدولة المطالبة به من ناظر الوقف\n- لا يجوز بيع الأرض الموقوفة إلا في حالات الاستبدال الشرعي\n- يجوز تأجير الأرض الموقوفة بعقد إجارة طويلة (حكر)"", ""source"": ""قانون الأراضي العثماني 1858"", ""category"": ""law"", ""tags"": ""وقف، أراضي أميرية، إرادة سنية، ناظر وقف"", ""isActive"": ""1"", ""createdAt"": ""FROM_UNIXTIME(1767919441)"", ""updatedAt"": ""FROM_UNIXTIME(1767919441)""}",a1aafc3dad605524
scripts/stmt_04.sql,knowledge_documents,1,مجلة الأحكام العدلية - المادة 1: تعريف الوقف,"[""title"", ""content"", ""source"", ""category"", ""tags"", ""isActive"", ""createdAt"", ""updatedAt""]","{""title"": ""مجلة الأحكام العدلية - المادة 1: تعريف الوقف"", ""content"": ""المادة الأولى: الوقف هو حبس العين عن تمليكها لأحد من العباد، والتصدق بالمنفعة على الفقراء أو على وجه من وجوه الخير.\n\nشرح التعريف:\n- حبس العين: منع بيعها أو هبتها أو توريثها\n- عن تمليكها: لا تصبح ملكاً لأحد بعد الوقف\n- التصدق بالمنفعة: الانتفاع بريع الوقف يكون للجهة الموقوف عليها\n\nأركان الوقف:\n1. الواقف: من يقوم بالوقف\n2. الموقوف: العين التي يتم وقفها\n3. الموقوف عليه: الجهة المستفيدة من الوقف\n4. الصيغة: لفظ الوقف الصريح\n\nشروط الواقف:\n- أن يكون بالغاً عاقلاً\n- أن يكون مالكاً للعين الموقوفة\n- أن يكون مختاراً غير مكره"", ""source"": ""مجلة الأحكام العدلية - كتاب الوقف"", ""category"": ""jurisprudence"", ""tags"": ""وقف، تعريف، أركان، شروط"", ""isActive"": ""1"", ""createdAt"": ""FROM_UNIXTIME(1767919441)"", ""updatedAt"": ""FROM_UNIXTIME(1767919441)""}",12b71bb6efc984bd
scripts/stmt_05.sql,knowledge_documents,1,مجلة الأحكام العدلية - المادة 5: شروط صحة الوقف,"[""title"", ""content"", ""source"", ""category"", ""tags"", ""isActive"", ""createdAt"", ""updatedAt""]","{""title"": ""مجلة الأحكام العدلية - المادة 5: شروط صحة الوقف"", ""content"": ""المادة الخامسة: يشترط لصحة الوقف:\n\n1. أن يكون الموقوف مالاً متقوماً: أي له قيمة مالية شرعاً\n2. أن يكون معلوماً: محدداً بالوصف أو المشاهدة\n3. أن يكون مملوكاً للواقف: ملكية تامة صحيحة\n4. أن يكون قابلاً للانتفاع مع بقاء عينه: كالعقار والأثاث\n5. أن يكون الوقف مؤبداً: لا يجوز توقيته بمدة معينة\n6. أن تكون الجهة الموقوف عليها معلومة: محددة بوضوح\n7. أن تكون الجهة الموقوف عليها جهة بر: لا تكون معصية\n\nالأموال التي لا يصح وقفها:\n- المنقولات التي تستهلك بالاستعمال (كالطعام)\n- الأموال المغصوبة أو المسروقة\n- الأموال المجهولة أو غير المحددة"", ""source"": ""مجلة الأحكام العدلية - كتاب الوقف"", ""category"": ""jurisprudence"", ""tags"": ""شروط الوقف، صحة الوقف، أحكام"", ""isActive"": ""1"", ""createdAt"": ""FROM_UNIXTIME(1767919441)"", ""updatedAt"": ""FROM_UNIXTIME(1767919441)""}",1f8ced3ded3c5f62
scripts/stmt_06.sql,knowledge_documents,1,قانون الأوقاف الأردني رقم 23 لسنة 1964 - المادة 1: التعاريف,"[""title"", ""content"", ""source"", ""category"", ""tags"", ""isActive"", ""createdAt"", ""updatedAt""]","{""title"": ""قانون الأوقاف الأردني رقم 23 لسنة 1964 - المادة 1: التعاريف"", ""content"": ""المادة 1: تعاريف\n\nفي هذا القانون، يكون للكلمات والعبارات التالية المعاني المخصصة لها أدناه ما لم تدل القرينة على خلاف ذلك:\n\nالوزارة: وزارة الأوقاف والشؤون والمقدسات الإسلامية\nالوزير: وزير الأوقاف والشؤون والمقدسات الإسلامية\nالوقف: حبس العين عن تمليكها لأحد من العباد والتصدق بالمنفعة على الفقراء أو على وجه من وجوه الخير\nالوقف الخيري: ما وقف على جهة بر عامة كالفقراء والمساجد والمدارس\nالوقف الذري: ما وقف على الذرية والأولاد\nالناظر: من يتولى إدارة الوقف والإشراف عليه\nالمتولي: من يتولى إدارة الوقف الذري\nالريع: الدخل الناتج عن الوقف"", ""source"": ""قانون الأوقاف الأردني رقم 23 لسنة 1964"", ""category"": ""law"", ""tags"": ""قانون أردني، تعاريف، وقف خيري، وقف ذري"", ""isActive"": ""1"", ""createdAt"": ""FROM_UNIXTIME(1767919441)"", ""updatedAt"": ""FROM_UNIXTIME(1767919441)""}",34c80bcfa2e4a677
scripts/stmt_07.sql,knowledge_documents,1,قانون الأوقاف الأردني - المادة 10: إدارة الأوقاف,"[""title"", ""content"", ""source"", ""category"", ""tags"", ""isActive"", ""createdAt"", ""updatedAt""]","{""title"": ""قانون الأوقاف الأردني - المادة 10: إدارة الأوقاف"", ""content"": ""المادة 10: تتولى وزارة الأوقاف إدارة الأوقاف الخيرية والإشراف على الأوقاف الذرية.\n\nصلاحيات الوزارة:\n1. إدارة الأوقاف الخيرية واستثمارها\n2. تعيين النظار والمتولين\n3. الإشراف على صرف ريع الأوقاف\n4. صيانة الأوقاف وعمارتها\n5. استبدال الأوقاف عند الضرورة\n6. رفع الدعاوى القضائية المتعلقة بالأوقاف\n7. قبول الأوقاف الجديدة\n\nواجبات الناظر:\n- المحافظة على الوقف وعمارته\n- استثمار الوقف بالطرق الشرعية\n- صرف الريع على الجهات المستحقة\n- تقديم حساب سنوي للوزارة\n- عدم التصرف في الوقف إلا بإذن من الوزارة"", ""source"": ""قانون الأوقاف الأردني رقم 23 لسنة 1964"", ""category"": ""law"", ""tags"": ""إدارة أوقاف، ناظر، وزارة أوقاف"", ""isActive"": ""1"", ""createdAt"": ""FROM_UNIXTIME(1767919441)"", ""updatedAt"": ""FROM_UNIXTIME(1767919441)""}",e8931f418877f3d6
scripts/stmt_08.sql,knowledge_documents,1,قانون الأراضي العثماني - المادة 4: الأراضي الموقوفة,"[""title"", ""content"", ""source"", ""category"", ""tags"", ""isActive"", ""createdAt"", ""updatedAt""]","{""title"": ""قانون الأراضي العثماني - المادة 4: الأراضي الموقوفة"", ""content"": ""الأراضي الموقوفة هي الأراضي التي أوقفها أصحابها على جهة بر أو خير. ولا يجوز بيعها أو رهنها أو توريثها، وإنما تبقى على ملك الموقوف عليهم أو الجهة الموقوف عليها."", ""source"": ""قانون الأراضي العثماني (1858)"", ""category"": ""law"", ""tags"": ""قانون الأراضي، الوقف، الأراضي الموقوفة"", ""isActive"": ""1"", ""createdAt"": ""FROM_UNIXTIME(1767919441)"", ""updatedAt"": ""FROM_UNIXTIME(1767919441)""}",a1a37ab898060df3
scripts/stmt_09.sql,knowledge_documents,1,قانون الأراضي العثماني - المادة 36: حقوق المتولي,"[""title"", ""content"", ""source"", ""category"", ""tags"", ""isActive"", ""createdAt"", ""updatedAt""]","{""title"": ""قانون الأراضي العثماني - المادة 36: حقوق المتولي"", ""content"": ""للمتولي على الوقف حق الإدارة والنظر في شؤونه، وله أن يؤجر الأرض الموقوفة بما يحقق مصلحة الوقف، ولا يجوز له التصرف فيها بالبيع أو الرهن."", ""source"": ""قانون الأراضي العثماني (1858)"", ""category"": ""law"", ""tags"": ""المتولي، إدارة الوقف، حقوق المتولي"", ""isActive"": ""1"", ""createdAt"": ""FROM_UNIXTIME(1767919441)"", ""updatedAt"": ""FROM_UNIXTIME(1767919441)""}",b30882db86c60f94
scripts/stmt_10.sql,knowledge_documents,1,مجلة الأحكام العدلية - المادة 2: أركان الوقف,"[""title"", ""content"", ""source"", ""category"", ""tags"", ""isActive"", ""createdAt"", ""updatedAt""]","{""title"": ""مجلة الأحكام العدلية - المادة 2: أركان الوقف"", ""content"": ""أركان الوقف أربعة: الواقف، والموقوف، والموقوف عليه، والصيغة. ولا يصح الوقف إلا باجتماع هذه الأركان الأربعة."", ""source"": ""مجلة الأحكام العدلية"", ""category"": ""reference"", ""tags"": ""أركان الوقف، الواقف، الموقوف عليه"", ""isActive"": ""1"", ""createdAt"": ""FROM_UNIXTIME(1767919441)"", ""updatedAt"": ""FROM_UNIXTIME(1767919441)""}",399ab9e0d1cd6505
scripts/stmt_11.sql,knowledge_documents,1,مجلة الأحكام العدلية - المادة 3: شروط الواقف,"[""title"", ""content"", ""source"", ""category"", ""tags"", ""isActive"", ""createdAt"", ""updatedAt""]","{""title"": ""مجلة الأحكام العدلية - المادة 3: شروط الواقف"", ""content"": ""يشترط في الواقف أن يكون حراً مكلفاً مالكاً للموقوف، فلا يصح وقف العبد ولا الصبي ولا المجنون ولا من لا يملك الموقوف."", ""source"": ""مجلة الأحكام العدلية"", ""category"": ""reference"", ""tags"": ""شروط الواقف، الأهلية، الملكية"", ""isActive"": ""1"", ""createdAt"": ""FROM_UNIXTIME(1767919441)"", ""updatedAt"": ""FROM_UNIXTIME(1767919441)""}",e4df25446b47e973
scripts/stmt_12.sql,knowledge_documents,1,مجلة الأحكام العدلية - المادة 6: استبدال الوقف,"[""title"", ""content"", ""source"", ""category"", ""tags"", ""isActive"", ""createdAt"", ""updatedAt""]","{""title"": ""مجلة الأحكام العدلية - المادة 6: استبدال الوقف"", ""content"": ""لا يجوز استبدال الوقف إلا إذا تعطلت منافعه بالكلية، أو كان في الاستبدال مصلحة ظاهرة للوقف، وبإذن القاضي."", ""source"": ""مجلة الأحكام العدلية"", ""category"": ""reference"", ""tags"": ""استبدال الوقف، المصلحة، القاضي"", ""isActive"": ""1"", ""createdAt"": ""FROM_UNIXTIME(1767919441)"", ""updatedAt"": ""FROM_UNIXTIME(1767919441)""}",71ebef38e0caba92
scripts/stmt_13.sql,knowledge_documents,1,قانون الأوقاف الأردني - المادة 2: تعريف الوقف الخيري,"[""title"", ""content"", ""source"", ""category"", ""tags"", ""isActive"", ""createdAt"", ""updatedAt""]","{""title"": ""قانون الأوقاف الأردني - المادة 2: تعريف الوقف الخيري"", ""content"": ""الوقف الخيري هو ما وقف على جهة بر وخير ابتداءً كالمساجد والمدارس والمستشفيات ودور الأيتام."", ""source"": ""قانون الأوقاف الأردني رقم 23 لسنة 1964"", ""category"": ""law"", ""tags"": ""الوقف الخيري، جهات البر، المساجد"", ""isActive"": ""1"", ""createdAt"": ""FROM_UNIXTIME(1767919441)"", ""updatedAt"": ""FROM_UNIXTIME(1767919441)""}",546ca374f95fdce8
scripts/stmt_14.sql,knowledge_documents,1,قانون الأوقاف الأردني - المادة 3: الوقف الذري,"[""title"", ""content"", ""source"", ""category"", ""tags"", ""isActive"", ""createdAt"", ""updatedAt""]","{""title"": ""قانون الأوقاف الأردني - المادة 3: الوقف الذري"", ""content"": ""الوقف الذري هو ما وقف على الذرية ابتداءً ثم على جهة بر وخير انتهاءً."", ""source"": ""قانون الأوقاف الأردني رقم 23 لسنة 1964"", ""category"": ""law"", ""tags"": ""الوقف الذري، الذرية، الوقف الأهلي"", ""isActive"": ""1"", ""createdAt"": ""FROM_UNIXTIME(1767919441)"", ""updatedAt"": ""FROM_UNIXTIME(1767919441)""}",3a517b4f278c06ef
scripts/stmt_15.sql,knowledge_documents,1,قانون الأوقاف الأردني - المادة 15: صلاحيات المتولي,"[""title"", ""content"", ""source"", ""category"", ""tags"", ""isActive"", ""createdAt"", ""updatedAt""]","{""title"": ""قانون الأوقاف الأردني - المادة 15: صلاحيات المتولي"", ""content"": ""للمتولي إدارة الوقف وتأجير أعيانه واستثمارها بما يحقق مصلحة الوقف، وله أن يقاضي ويقاضى باسم الوقف."", ""source"": ""قانون الأوقاف الأردني رقم 23 لسنة 1964"", ""category"": ""law"", ""tags"": ""المتولي، الإدارة، التأجير"", ""isActive"": ""1"", ""createdAt"": ""FROM_UNIXTIME(1767919441)"", ""updatedAt"": ""FROM_UNIXTIME(1767919441)""}",0779823df1c1c8cb
scripts/stmt_16.sql,knowledge_documents,1,قانون الأوقاف الأردني - المادة 20: الإشراف على الأوقاف,"[""title"", ""content"", ""source"", ""category"", ""tags"", ""isActive"", ""createdAt"", ""updatedAt""]","{""title"": ""قانون الأوقاف الأردني - المادة 20: الإشراف على الأوقاف"", ""content"": ""تشرف وزارة الأوقاف على جميع الأوقاف الخيرية والذرية، ولها حق الرقابة والتفتيش على أعمال المتولين."", ""source"": ""قانون الأوقاف الأردني رقم 23 لسنة 1964"", ""category"": ""law"", ""tags"": ""وزارة الأوقاف، الإشراف، الرقابة"", ""isActive"": ""1"", ""createdAt"": ""FROM_UNIXTIME(1767919441)"", ""updatedAt"": ""FROM_UNIXTIME(1767919441)""}",75e5cd53ff7e7fd3
scripts/stmt_17.sql,knowledge_documents,1,قرار بقانون رقم 1 لسنة 2018 - المادة 2: أهداف الوزارة,"[""title"", ""content"", ""source"", ""category"", ""tags"", ""isActive"", ""createdAt"", ""updatedAt""]","{""title"": ""قرار بقانون رقم 1 لسنة 2018 - المادة 2: أهداف الوزارة"", ""content"": ""تهدف وزارة الأوقاف والشؤون الدينية إلى إدارة وتنظيم الأوقاف الإسلامية وحمايتها وتنميتها واستثمارها."", ""source"": ""قرار بقانون رقم (1) لسنة 2018 بشأن الأوقاف الإسلامية"", ""category"": ""law"", ""tags"": ""وزارة الأوقاف، الأهداف، الإدارة"", ""isActive"": ""1"", ""createdAt"": ""FROM_UNIXTIME(1767919441)"", ""updatedAt"": ""FROM_UNIXTIME(1767919441)""}",f7d5395377393d85
scripts/stmt_18.sql,knowledge_documents,1,قرار بقانون 2018 - المادة 5: المجلس الأعلى للأوقاف,"[""title"", ""content"", ""source"", ""category"", ""tags"", ""isActive"", ""createdAt"", ""updatedAt""]","{""title"": ""قرار بقانون 2018 - المادة 5: المجلس الأعلى للأوقاف"", ""content"": ""يشكل مجلس أعلى للأوقاف برئاسة الوزير وعضوية ممثلين عن الجهات ذات العلاقة، ويختص بوضع السياسات العامة للأوقاف."", ""source"": ""قرار بقانون رقم (1) لسنة 2018"", ""category"": ""law"", ""tags"": ""المجلس الأعلى، السياسات، الوزير"", ""isActive"": ""1"", ""createdAt"": ""FROM_UNIXTIME(1767919441)"", ""updatedAt"": ""FROM_UNIXTIME(1767919441)""}",748028cde4f5b792
scripts/stmt_19.sql,knowledge_documents,1,قرار بقانون 2018 - المادة 10: حماية الأوقاف,"[""title"", ""content"", ""source"", ""category"", ""tags"", ""isActive"", ""createdAt"", ""updatedAt""]","{""title"": ""قرار بقانون 2018 - المادة 10: حماية الأوقاف"", ""content"": ""تتمتع الأوقاف بالحماية القانونية، ولا يجوز الاعتداء عليها أو الاستيلاء عليها أو تغيير معالمها."", ""source"": ""قرار بقانون رقم (1) لسنة 2018"", ""category"": ""law"", ""tags"": ""حماية الأوقاف، الاعتداء، الاستيلاء"", ""isActive"": ""1"", ""createdAt"": ""FROM_UNIXTIME(1767919441)"", ""updatedAt"": ""FROM_UNIXTIME(1767919441)""}",8ca6d559ca87711c
scripts/stmt_20.sql,knowledge_documents,1,الفقه الحنفي - تعريف الوقف,"[""title"", ""content"", ""source"", ""category"", ""tags"", ""isActive"", ""createdAt"", ""updatedAt""]","{""title"": ""الفقه الحنفي - تعريف الوقف"", ""content"": ""الوقف في الفقه الحنفي هو حبس العين على ملك الواقف والتصدق بالمنفعة. فالعين تبقى على ملك الواقف، والمنفعة تصرف في الجهة الموقوف عليها."", ""source"": ""الفقه الحنفي - كتاب الوقف"", ""category"": ""jurisprudence"", ""tags"": ""الفقه الحنفي، تعريف الوقف، حبس العين"", ""isActive"": ""1"", ""createdAt"": ""FROM_UNIXTIME(1767919441)"", ""updatedAt"": ""FROM_UNIXTIME(1767919441)""}",75eac2ebdb6eec8a
scripts/stmt_21.sql,knowledge_documents,1,الفقه الحنفي - شروط صحة الوقف,"[""title"", ""content"", ""source"", ""category"", ""tags"", ""isActive"", ""createdAt"", ""updatedAt""]","{""title"": ""الفقه الحنفي - شروط صحة الوقف"", ""content"": ""يشترط لصحة الوقف في المذهب الحنفي: التأبيد، والقربة، وخروج الموقوف عن ملك الواقف حكماً، والقبول من الموقوف عليه إن كان معيناً."", ""source"": ""الفقه الحنفي - كتاب الوقف"", ""category"": ""jurisprudence"", ""tags"": ""شروط الوقف، التأبيد، القربة"", ""isActive"": ""1"", ""createdAt"": ""FROM_UNIXTIME(1767919441)"", ""updatedAt"": ""FROM_UNIXTIME(1767919441)""}",5d90054eef4699c7
scripts/stmt_22.sql,knowledge_documents,1,الفقه الحنفي - وقف المنقول,"[""title"", ""content"", ""source"", ""category"", ""tags"", ""isActive"", ""createdAt"", ""updatedAt""]","{""title"": ""الفقه الحنفي - وقف المنقول"", ""content"": ""لا يجوز وقف المنقول في المذهب الحنفي إلا ما جرى به العرف والتعامل كالكتب والسلاح، أو ما كان تابعاً لوقف العقار."", ""source"": ""الفقه الحنفي - كتاب الوقف"", ""category"": ""jurisprudence"", ""tags"": ""وقف المنقول، العرف، التعامل"", ""isActive"": ""1"", ""createdAt"": ""FROM_UNIXTIME(1767919441)"", ""updatedAt"": ""FROM_UNIXTIME(1767919441)""}",18ac2795b1487441
scripts/stmt_23.sql,knowledge_documents,1,الفقه الحنفي - استبدال الوقف,"[""title"", ""content"", ""source"", ""category"", ""tags"", ""isActive"", ""createdAt"", ""updatedAt""]","{""title"": ""الفقه الحنفي - استبدال الوقف"", ""content"": ""لا يجوز استبدال الوقف في المذهب الحنفي إلا إذا تعطلت منافعه بالكلية، وكان في الاستبدال مصلحة ظاهرة، وبإذن القاضي."", ""source"": ""الفقه الحنفي - كتاب الوقف"", ""category"": ""jurisprudence"", ""tags"": ""استبدال الوقف، المصلحة، القاضي"", ""isActive"": ""1"", ""createdAt"": ""FROM_UNIXTIME(1767919441)"", ""updatedAt"": ""FROM_UNIXTIME(1767919441)""}",8ace7cf69d109f5c
scripts/stmt_24.sql,knowledge_documents,1,أوقاف القدس التاريخية - المسجد الأقصى,"[""title"", ""content"", ""source"", ""category"", ""tags"", ""isActive"", ""createdAt"", ""updatedAt""]","{""title"": ""أوقاف القدس التاريخية - المسجد الأقصى"", ""content"": ""المسجد الأقصى المبارك وقف إسلامي خالص منذ الفتح الإسلامي، ولا يجوز التصرف فيه أو في أي جزء منه."", ""source"": ""دراسات تاريخية عن أوقاف القدس"", ""category"": ""historical"", ""tags"": ""المسجد الأقصى، القدس، الوقف الإسلامي"", ""isActive"": ""1"", ""createdAt"": ""FROM_UNIXTIME(1767919441)"", ""updatedAt"": ""FROM_UNIXTIME(1767919441)""}",5ae7fce9319e7e9b
scripts/stmt_25.sql,knowledge_documents,1,أوقاف القدس - الأوقاف الصلاحية,"[""title"", ""content"", ""source"", ""category"", ""tags"", ""isActive"", ""createdAt"", ""updatedAt""]","{""title"": ""أوقاف القدس - الأوقاف الصلاحية"", ""content"": ""أوقف صلاح الدين الأيوبي العديد من الأراضي والعقارات في القدس لخدمة المسجد الأقصى والفقراء والمساكين."", ""source"": ""تاريخ أوقاف القدس"", ""category"": ""historical"", ""tags"": ""صلاح الدين، الأوقاف الصلاحية، القدس"", ""isActive"": ""1"", ""createdAt"": ""FROM_UNIXTIME(1767919441)"", ""updatedAt"": ""FROM_UNIXTIME(1767919441)""}",c88d0dc3955508b4
scripts/stmt_26.sql,knowledge_documents,1,أوقاف القدس - الزوايا والتكايا,"[""title"", ""content"", ""source"", ""category"", ""tags"", ""isActive"", ""createdAt"", ""updatedAt""]","{""title"": ""أوقاف القدس - الزوايا والتكايا"", ""content"": ""انتشرت الزوايا والتكايا الموقوفة في القدس لخدمة الفقراء والمسافرين وطلاب العلم، وكانت تمول من ريع الأوقاف."", ""source"": ""تاريخ أوقاف القدس"", ""category"": ""historical"", ""tags"": ""الزوايا، التكايا، الأوقاف الخيرية"", ""isActive"": ""1"", ""createdAt"": ""FROM_UNIXTIME(1767919441)"", ""updatedAt"": ""FROM_UNIXTIME(1767919441)""}",8cf4c2b9e0859b91
scripts/stmt_27.sql,knowledge_documents,1,أوقاف القدس - المدارس الوقفية,"[""title"", ""content"", ""source"", ""category"", ""tags"", ""isActive"", ""createdAt"", ""updatedAt""]","{""title"": ""أوقاف القدس - المدارس الوقفية"", ""content"": ""أنشئت العديد من المدارس الوقفية في القدس لتعليم القرآن والعلوم الشرعية، وكانت تمول من ريع الأوقاف."", ""source"": ""تاريخ التعليم في القدس"", ""category"": ""historical"", ""tags"": ""المدارس الوقفية، التعليم، القدس"", ""isActive"": ""1"", ""createdAt"": ""FROM_UNIXTIME(1767919441)"", ""updatedAt"": ""FROM_UNIXTIME(1767919441)""}",b12876f5b90a78cb
scripts/stmt_28.sql,knowledge_documents,1,قانون أملاك الغائبين الإسرائيلي 1950 - التعريف,"[""title"", ""content"", ""source"", ""category"", ""tags"", ""isActive"", ""createdAt"", ""updatedAt""]","{""title"": ""قانون أملاك الغائبين الإسرائيلي 1950 - التعريف"", ""content"": ""يعرف القانون الإسرائيلي 'الغائب' بأنه كل من ترك مكان إقامته في فلسطين قبل 1948 أو بعده، وتم الاستيلاء على أملاكه."", ""source"": ""قانون أملاك الغائبين الإسرائيلي (1950)"", ""category"": ""law"", ""tags"": ""أملاك الغائبين، الاستيلاء، فلسطين"", ""isActive"": ""1"", ""createdAt"": ""FROM_UNIXTIME(1767919441)"", ""updatedAt"": ""FROM_UNIXTIME(1767919441)""}",c725a485353caaea
scripts/stmt_29.sql,knowledge_documents,1,قانون أملاك الغائبين - الأوقاف,"[""title"", ""content"", ""source"", ""category"", ""tags"", ""isActive"", ""createdAt"", ""updatedAt""]","{""title"": ""قانون أملاك الغائبين - الأوقاف"", ""content"": ""استولت إسرائيل على العديد من الأوقاف الإسلامية بحجة أنها أملاك غائبين، رغم أن الوقف لا يملكه شخص معين."", ""source"": ""قانون أملاك الغائبين الإسرائيلي (1950)"", ""category"": ""law"", ""tags"": ""الأوقاف، الاستيلاء، أملاك الغائبين"", ""isActive"": ""1"", ""createdAt"": ""FROM_UNIXTIME(1767919441)"", ""updatedAt"": ""FROM_UNIXTIME(1767919441)""}",e80d01142cbbfd84
scripts/stmt_30.sql,knowledge_documents,1,الانتداب البريطاني - قانون الأوقاف 1922,"[""title"", ""content"", ""source"", ""category"", ""tags"", ""isActive"", ""createdAt"", ""updatedAt""]","{""title"": ""الانتداب البريطاني - قانون الأوقاف 1922"", ""content"": ""أصدرت سلطات الانتداب البريطاني قانون الأوقاف عام 1922 الذي نظم إدارة الأوقاف وأنشأ المجلس الإسلامي الأعلى."", ""source"": ""قوانين الانتداب البريطاني"", ""category"": ""historical"", ""tags"": ""الانتداب البريطاني، قانون الأوقاف، المجلس الإسلامي"", ""isActive"": ""1"", ""createdAt"": ""FROM_UNIXTIME(1767919441)"", ""updatedAt"": ""FROM_UNIXTIME(1767919441)""}",068305e5ea0e52a1
scripts/stmt_31.sql,knowledge_documents,1,المجلس الإسلامي الأعلى - الصلاحيات,"[""title"", ""content"", ""source"", ""category"", ""tags"", ""isActive"", ""createdAt"", ""updatedAt""]","{""title"": ""المجلس الإسلامي الأعلى - الصلاحيات"", ""content"": ""كان للمجلس الإسلامي الأعلى صلاحيات واسعة في إدارة الأوقاف والمحاكم الشرعية والشؤون الدينية في فلسطين."", ""source"": ""تاريخ المجلس الإسلامي الأعلى"", ""category"": ""historical"", ""tags"": ""المجلس الإسلامي، الصلاحيات، الإدارة"", ""isActive"": ""1"", ""createdAt"": ""FROM_UNIXTIME(1767919441)"", ""updatedAt"": ""FROM_UNIXTIME(1767919441)""}",80e5fc7ba6e378bb
scripts/stmt_32.sql,knowledge_documents,1,الحاج أمين الحسيني - رئيس المجلس الإسلامي,"[""title"", ""content"", ""source"", ""category"", ""tags"", ""isActive"", ""createdAt"", ""updatedAt""]","{""title"": ""الحاج أمين الحسيني - رئيس المجلس الإسلامي"", ""content"": ""ترأس الحاج أمين الحسيني المجلس الإسلامي الأعلى وعمل على تطوير الأوقاف وترميم المسجد الأقصى."", ""source"": ""سيرة الحاج أمين الحسيني"", ""category"": ""historical"", ""tags"": ""الحاج أمين، المجلس الإسلامي، الأقصى"", ""isActive"": ""1"", ""createdAt"": ""FROM_UNIXTIME(1767919441)"", ""updatedAt"": ""FROM_UNIXTIME(1767919441)""}",8f3ed8fdf74535fb
scripts/stmt_33.sql,knowledge_documents,1,ترميم المسجد الأقصى - الفترة البريطانية,"[""title"", ""content"", ""source"", ""category"", ""tags"", ""isActive"", ""createdAt"", ""updatedAt""]","{""title"": ""ترميم المسجد الأقصى - الفترة البريطانية"", ""content"": ""قام المجلس الإسلامي الأعلى بترميمات واسعة للمسجد الأقصى في الثلاثينيات، ممولة من تبرعات المسلمين وريع الأوقاف."", ""source"": ""تاريخ ترميم الأقصى"", ""category"": ""historical"", ""tags"": ""ترميم الأقصى، المجلس الإسلامي، التبرعات"", ""isActive"": ""1"", ""createdAt"": ""FROM_UNIXTIME(1767919441)"", ""updatedAt"": ""FROM_UNIXTIME(1767919441)""}",b8b1a64e8caa7f57
scripts/stmt_34.sql,knowledge_documents,1,الأوقاف في الضفة الغربية - الإدارة الأردنية,"[""title"", ""content"", ""source"", ""category"", ""tags"", ""isActive"", ""createdAt"", ""updatedAt""]","{""title"": ""الأوقاف في الضفة الغربية - الإدارة الأردنية"", ""content"": ""أدارت الأردن الأوقاف في الضفة الغربية من 1948 إلى 1967 وفق قانون الأوقاف الأردني رقم 23 لسنة 1964."", ""source"": ""تاريخ الأوقاف في الضفة الغربية"", ""category"": ""historical"", ""tags"": ""الإدارة الأردنية، الضفة الغربية، الأوقاف"", ""isActive"": ""1"", ""createdAt"": ""FROM_UNIXTIME(1767919441)"", ""updatedAt"": ""FROM_UNIXTIME(1767919441)""}",c1c0f703736640fd
scripts/stmt_35.sql,knowledge_documents,1,الأوقاف بعد 1967 - الاحتلال الإسرائيلي,"[""title"", ""content"", ""source"", ""category"", ""tags"", ""isActive"", ""createdAt"", ""updatedAt""]","{""title"": ""الأوقاف بعد 1967 - الاحتلال الإسرائيلي"", ""content"": ""استولت إسرائيل على العديد من الأوقاف في القدس والضفة الغربية بعد 1967، وفرضت قيوداً على إدارتها."", ""source"": ""الأوقاف تحت الاحتلال"", ""category"": ""historical"", ""tags"": ""الاحتلال، الاستيلاء، القدس"", ""isActive"": ""1"", ""createdAt"": ""FROM_UNIXTIME(1767919441)"", ""updatedAt"": ""FROM_UNIXTIME(1767919441)""}",14b7c6a2b64c9938
scripts/stmt_36.sql,knowledge_documents,1,حارة المغاربة - الهدم,"[""title"", ""content"", ""source"", ""category"", ""tags"", ""isActive"", ""createdAt"", ""updatedAt""]","{""title"": ""حارة المغاربة - الهدم"", ""content"": ""هدمت إسرائيل حارة المغاربة الوقفية بالكامل عام 1967، وشردت سكانها لإنشاء ساحة البراق."", ""source"": ""تاريخ حارة المغاربة"", ""category"": ""historical"", ""tags"": ""حارة المغاربة، الهدم، الاحتلال"", ""isActive"": ""1"", ""createdAt"": ""FROM_UNIXTIME(1767919441)"", ""updatedAt"": ""FROM_UNIXTIME(1767919441)""}",a2035120e22297c1
scripts/stmt_37.sql,knowledge_documents,1,وقف أبو مدين الغوث - القدس,"[""title"", ""content"", ""source"", ""category"", ""tags"", ""isActive"", ""createdAt"", ""updatedAt""]","{""title"": ""وقف أبو مدين الغوث - القدس"", ""content"": ""وقف أبو مدين الغوث من أقدم الأوقاف في القدس، ويشمل عقارات ومساجد ومدارس، وتعرض للاستيلاء الإسرائيلي."", ""source"": ""أوقاف القدس التاريخية"", ""category"": ""historical"", ""tags"": ""أبو مدين، الأوقاف، القدس"", ""isActive"": ""1"", ""createdAt"": ""FROM_UNIXTIME(1767919441)"", ""updatedAt"": ""FROM_UNIXTIME(1767919441)""}",22e941552bc76416
scripts/stmt_38.sql,knowledge_documents,1,الفقه المالكي - تعريف الوقف,"[""title"", ""content"", ""source"", ""category"", ""tags"", ""isActive"", ""createdAt"", ""updatedAt""]","{""title"": ""الفقه المالكي - تعريف الوقف"", ""content"": ""الوقف في المذهب المالكي هو جعل المنفعة للموقوف عليه ولو في المآل، مع بقاء العين على ملك الواقف أو على حكم ملكه."", ""source"": ""الفقه المالكي - كتاب الوقف"", ""category"": ""jurisprudence"", ""tags"": ""الفقه المالكي، تعريف الوقف، المنفعة"", ""isActive"": ""1"", ""createdAt"": ""FROM_UNIXTIME(1767919441)"", ""updatedAt"": ""FROM_UNIXTIME(1767919441)""}",650a6a4cd2a65bce
scripts/stmt_39.sql,knowledge_documents,1,الفقه الشافعي - تعريف الوقف,"[""title"", ""content"", ""source"", ""category"", ""tags"", ""isActive"", ""createdAt"", ""updatedAt""]","{""title"": ""الفقه الشافعي - تعريف الوقف"", ""content"": ""الوقف في المذهب الشافعي هو حبس مال يمكن الانتفاع به مع بقاء عينه، بقطع التصرف في رقبته على مصرف مباح موجود."", ""source"": ""الفقه الشافعي - كتاب الوقف"", ""category"": ""jurisprudence"", ""tags"": ""الفقه الشافعي، تعريف الوقف، حبس المال"", ""isActive"": ""1"", ""createdAt"": ""FROM_UNIXTIME(1767919441)"", ""updatedAt"": ""FROM_UNIXTIME(1767919441)""}",8fc51348f4fa1541
scripts/stmt_40.sql,knowledge_documents,1,الفقه الحنبلي - تعريف الوقف,"[""title"", ""content"", ""source"", ""category"", ""tags"", ""isActive"", ""createdAt"", ""updatedAt""]","{""title"": ""الفقه الحنبلي - تعريف الوقف"", ""content"": ""الوقف في المذهب الحنبلي هو تحبيس الأصل وتسبيل المنفعة، فتحبس العين ويسبل نفعها في سبيل الخير."", ""source"": ""الفقه الحنبلي - كتاب الوقف"", ""category"": ""jurisprudence"", ""tags"": ""الفقه الحنبلي، تعريف الوقف، تحبيس الأصل"", ""isActive"": ""1"", ""createdAt"": ""FROM_UNIXTIME(1767919441)"", ""updatedAt"": ""FROM_UNIXTIME(1767919441)""}",1ff95ea82e616362
scripts/stmt_41.sql,knowledge_documents,1,شروط الموقوف - الفقه الإسلامي,"[""title"", ""content"", ""source"", ""category"", ""tags"", ""isActive"", ""createdAt"", ""updatedAt""]","{""title"": ""شروط الموقوف - الفقه الإسلامي"", ""content"": ""يشترط في الموقوف أن يكون مالاً متقوماً يمكن الانتفاع به مع بقاء عينه، كالعقار والحيوان والكتب."", ""source"": ""الفقه الإسلامي العام"", ""category"": ""jurisprudence"", ""tags"": ""شروط الموقوف، المال المتقوم، الانتفاع"", ""isActive"": ""1"", ""createdAt"": ""FROM_UNIXTIME(1767919441)"", ""updatedAt"": ""FROM_UNIXTIME(1767919441)""}",ac287b9f53e63c19
scripts/stmt_42.sql,knowledge_documents,1,الوقف على النفس - الخلاف الفقهي,"[""title"", ""content"", ""source"", ""category"", ""tags"", ""isActive"", ""createdAt"", ""updatedAt""]","{""title"": ""الوقف على النفس - الخلاف الفقهي"", ""content"": ""اختلف الفقهاء في جواز الوقف على النفس، فأجازه الحنفية والحنابلة، ومنعه المالكية والشافعية."", ""source"": ""الفقه المقارن - الوقف"", ""category"": ""jurisprudence"", ""tags"": ""الوقف على النفس، الخلاف الفقهي، المذاهب"", ""isActive"": ""1"", ""createdAt"": ""FROM_UNIXTIME(1767919441)"", ""updatedAt"": ""FROM_UNIXTIME(1767919441)""}",f3585856c1841562
scripts/stmt_43.sql,knowledge_documents,1,نظارة الوقف - الشروط والأحكام,"[""title"", ""content"", ""source"", ""category"", ""tags"", ""isActive"", ""createdAt"", ""updatedAt""]","{""title"": ""نظارة الوقف - الشروط والأحكام"", ""content"": ""للواقف أن يشترط النظارة لنفسه أو لغيره، وللناظر أن يتقاضى أجرة على عمله بقدر المعروف إن لم يشترط الواقف."", ""source"": ""الفقه الإسلامي - أحكام الوقف"", ""category"": ""jurisprudence"", ""tags"": ""نظارة الوقف، الناظر، الأجرة"", ""isActive"": ""1"", ""createdAt"": ""FROM_UNIXTIME(1767919441)"", ""updatedAt"": ""FROM_UNIXTIME(1767919441)""}",e5259fdd3b488b91
scripts/stmt_44.sql,knowledge_documents,1,شرط الواقف - الالتزام به,"[""title"", ""content"", ""source"", ""category"", ""tags"", ""isActive"", ""createdAt"", ""updatedAt""]","{""title"": ""شرط الواقف - الالتزام به"", ""content"": ""شرط الواقف كنص الشارع في اللزوم، فيجب الالتزام بشروط الواقف ما لم تخالف الشرع."", ""source"": ""القواعد الفقهية - الوقف"", ""category"": ""jurisprudence"", ""tags"": ""شرط الواقف، الالتزام، الشرع"", ""isActive"": ""1"", ""createdAt"": ""FROM_UNIXTIME(1767919441)"", ""updatedAt"": ""FROM_UNIXTIME(1767919441)""}",d14f102fe2f0baf8
scripts/stmt_45.sql,knowledge_documents,1,الوقف المؤقت - حكمه,"[""title"", ""content"", ""source"", ""category"", ""tags"", ""isActive"", ""createdAt"", ""updatedAt""]","{""title"": ""الوقف المؤقت - حكمه"", ""content"": ""اختلف الفقهاء في جواز الوقف المؤقت، فأجازه المالكية ومنعه الجمهور، واشترطوا التأبيد في الوقف."", ""source"": ""الفقه المقارن - الوقف"", ""category"": ""jurisprudence"", ""tags"": ""الوقف المؤقت، التأبيد، الخلاف"", ""isActive"": ""1"", ""createdAt"": ""FROM_UNIXTIME(1767919441)"", ""updatedAt"": ""FROM_UNIXTIME(1767919441)""}",4046703dfe5b2355
scripts/stmt_46.sql,knowledge_documents,1,الوقف على غير المسلمين - الحكم,"[""title"", ""content"", ""source"", ""category"", ""tags"", ""isActive"", ""createdAt"", ""updatedAt""]","{""title"": ""الوقف على غير المسلمين - الحكم"", ""content"": ""يجوز الوقف على غير المسلمين في أمور البر كالفقراء والمرضى، ولا يجوز على الكنائس والبيع."", ""source"": ""الفقه الإسلامي - أحكام الوقف"", ""category"": ""jurisprudence"", ""tags"": ""الوقف على غير المسلمين، البر، الجواز"", ""isActive"": ""1"", ""createdAt"": ""FROM_UNIXTIME(1767919441)"", ""updatedAt"": ""FROM_UNIXTIME(1767919441)""}",529544fbe8f6d95e
scripts/stmt_47.sql,knowledge_documents,1,إحياء الوقف المتعطل - الأحكام,"[""title"", ""content"", ""source"", ""category"", ""tags"", ""isActive"", ""createdAt"", ""updatedAt""]","{""title"": ""إحياء الوقف المتعطل - الأحكام"", ""content"": ""إذا تعطل الوقف وخرب، فللناظر أو القاضي إحياؤه وتعميره من ريع الوقف أو من بيت المال إن لم يكن للوقف ريع."", ""source"": ""الفقه الإسلامي - إدارة الأوقاف"", ""category"": ""jurisprudence"", ""tags"": ""إحياء الوقف، التعمير، الناظر"", ""isActive"": ""1"", ""createdAt"": ""FROM_UNIXTIME(1767919441)"", ""updatedAt"": ""FROM_UNIXTIME(1767919441)""}",1088dd93a1358809
scripts/stmt_48.sql,knowledge_documents,1,الوقف الأهلي - التعريف والأحكام,"[""title"", ""content"", ""source"", ""category"", ""tags"", ""isActive"", ""createdAt"", ""updatedAt""]","{""title"": ""الوقف الأهلي - التعريف والأحكام"", ""content"": ""الوقف الأهلي هو ما وقف على الذرية والأقارب ثم على جهة بر، وله أحكام خاصة في الإدارة والتوزيع."", ""source"": ""الفقه الإسلامي - أنواع الوقف"", ""category"": ""jurisprudence"", ""tags"": ""الوقف الأهلي، الذرية، الأقارب"", ""isActive"": ""1"", ""createdAt"": ""FROM_UNIXTIME(1767919441)"", ""updatedAt"": ""FROM_UNIXTIME(1767919441)""}",7475f0f3ba84b747
scripts/stmt_49.sql,knowledge_documents,1,الوقف المشترك - الأحكام,"[""title"", ""content"", ""source"", ""category"", ""tags"", ""isActive"", ""createdAt"", ""updatedAt""]","{""title"": ""الوقف المشترك - الأحكام"", ""content"": ""يجوز أن يشترك أكثر من واحد في وقف عين واحدة، ولكل منهم نصيبه في الثواب والأجر."", ""source"": ""الفقه الإسلامي - أحكام الوقف"", ""category"": ""jurisprudence"", ""tags"": ""الوقف المشترك، الاشتراك، النصيب"", ""isActive"": ""1"", ""createdAt"": ""FROM_UNIXTIME(1767919441)"", ""updatedAt"": ""FROM_UNIXTIME(1767919441)""}",0eaf3818b22d21dc
scripts/stmt_50.sql,knowledge_documents,1,الوقف على المساجد - الفضل والأحكام,"[""title"", ""content"", ""source"", ""category"", ""tags"", ""isActive"", ""createdAt"", ""updatedAt""]","{""title"": ""الوقف على المساجد - الفضل والأحكام"", ""content"": ""الوقف على المساجد من أفضل أنواع الوقف، ويشمل بناء المساجد والإنفاق على صيانتها وخدمتها."", ""source"": ""الفقه الإسلامي - فضائل الوقف"", ""category"": ""jurisprudence"", ""tags"": ""الوقف على المساجد، الفضل، البناء"", ""isActive"": ""1"", ""createdAt"": ""FROM_UNIXTIME(1767919441)"", ""updatedAt"": ""FROM_UNIXTIME(1767919441)""}",8662dad614e79dee
scripts/stmt_51.sql,knowledge_documents,1,قانون الأوقاف والشؤون الدينية رقم (26) لسنة 1966م وتعديلاته,"[""title"", ""content"", ""source"", ""category"", ""tags"", ""isActive"", ""createdAt"", ""updatedAt""]","{""title"": ""قانون الأوقاف والشؤون الدينية رقم (26) لسنة 1966م وتعديلاته"", ""content"": ""قانون الأوقاف والشؤون الدينية رقم (26) لسنة 1966م هو القانون الأساسي الذي ينظم شؤون الأوقاف في فلسطين. صدر في عهد المملكة الأردنية الهاشمية ولا يزال ساري المفعول مع تعديلات حتى عام 2023.\n\nأهم التعريفات:\n- الأوقاف والشؤون الدينية: الأموال المنقولة أو غير المنقولة الموقوفة على جهة بر لا تنقطع ابتداء أو انتهاء، والمساجد وملحقاتها والمقامات ودور التكايا والزوايا والمقابر الإسلامية.\n\nأهداف الوزارة:\n1. المحافظة على المساجد وأموال الأوقاف وصيانتها وتنميتها وإدارة شؤونها\n2. العناية بتطوير المسجد ليؤدي رسالته في مجالات التربية الإسلامية\n3. إذكاء روح التضحية والجهاد والثبات في الأمة\n4. تنمية الأخلاق الإسلامية وتمكينها في حياة المسلمين\n5. دعم النشاط الإسلامي العام والتعليم الديني\n6. نشر الثقافة الإسلامية والمحافظة على التراث الإسلامي\n\nالشخصية القانونية: للوزارة شخصية معنوية واستقلال مالي وإداري."", ""source"": ""https://mjr.ogb.gov.ps/MergedLegislations/ViewText/165/"", ""category"": ""law"", ""tags"": ""قانون الأوقاف، فلسطين، الأردن، الشؤون الدينية، المساجد، الوقف الخيري، التشريعات الإسلامية، وزارة الأوقاف"", ""isActive"": ""1"", ""createdAt"": ""FROM_UNIXTIME(1767919441)"", ""updatedAt"": ""FROM_UNIXTIME(1767919441)""}",86e4d6e4b01f46e2
scripts/stmt_52.sql,knowledge_documents,1,قانون الأراضي العثماني 1858,"[""title"", ""content"", ""source"", ""category"", ""tags"", ""isActive"", ""createdAt"", ""updatedAt""]","{""title"": ""قانون الأراضي العثماني 1858"", ""content"": ""قانون الأراضي العثماني الصادر عام 1858 (1274 هجري) هو القانون الأساسي الذي ينظم ملكية الأراضي في فلسطين. لا يزال ساري النفاذ في الضفة الغربية وغزة.\n\nتقسيم الأراضي (المادة 1):\n1. الأراضي المملوكة: المحلات الحاصل التصرف بها على وجه الملكية\n2. الأراضي الأميرية: الأراضي التابعة لبيت المال\n3. الأراضي الموقوفة: الأراضي الموقوفة وفقاً للشرع\n4. الأراضي المتروكة: المخصصة لعموم الناس أو أهالي القرى\n5. الأراضي الموات: الأراضي الخالية البعيدة عن العمران\n\nالأراضي الموقوفة (المادة 4):\nالقسم الأول: الأراضي التي كانت من الأراضي المملوكة صحيحاً وأوقفت وفقاً للشرع الشريف. رقبتها وجميع حقوق التصرف بها عائدة إلى جانب الوقف.\n\nالقسم الثاني: الأراضي المفرزة من الأراضي الأميرية التي أوقفها السلاطين أو آخرون بالإذن السلطاني. وقفيتها عبارة عن تخصيص منافعها لجهة ما، ورقبتها تعود إلى بيت المال.\n\nالطابو: هو الرسم الذي يعطى في مقابلة حق التصرف في الأراضي الأميرية."", ""source"": ""https://maqam.najah.edu/legislation/169/"", ""category"": ""law"", ""tags"": ""قانون الأراضي العثماني، الأراضي الموقوفة، الطابو، الأراضي الأميرية، فلسطين، التشريعات العثمانية، الملكية العقارية"", ""isActive"": ""1"", ""createdAt"": ""FROM_UNIXTIME(1767919441)"", ""updatedAt"": ""FROM_UNIXTIME(1767919441)""}",e63994c89b076747
scripts/stmt_53.sql,knowledge_documents,1,مجلة الأحكام العدلية - كتاب الوقف,"[""title"", ""content"", ""source"", ""category"", ""tags"", ""isActive"", ""createdAt"", ""updatedAt""]","{""title"": ""مجلة الأحكام العدلية - كتاب الوقف"", ""content"": ""مجلة الأحكام العدلية هي القانون المدني العثماني المستمد من الفقه الحنفي، صدرت عام 1876م (1293 هـ). تحتوي على أحكام الوقف المستمدة من المذهب الحنفي.\n\nتعريف العقار (المادة 1270): ما لا يمكن نقله من محل إلى آخر؛ كالدور والأراضي.\n\nالولاية على الوقف (المادة 974): الولاية الخاصة أقوى من الولاية العامة، فولاية المتولي على الوقف أولى من ولاية القاضي عليه.\n\nأحكام الوقف:\n- الوقف يجوز على جهة بر لا تنقطع\n- العقار يجوز وقفه بالإجماع\n- المنقول يجوز وقفه عند أبي يوسف ومحمد خلافاً لأبي حنيفة\n- من شرط الموقوف التأبيد، والعقار مؤبد"", ""source"": ""https://dorar.net/feqhia/6119/"", ""category"": ""law"", ""tags"": ""مجلة الأحكام العدلية، الفقه الحنفي، الوقف، العقار، المتولي، الولاية، القانون العثماني"", ""isActive"": ""1"", ""createdAt"": ""FROM_UNIXTIME(1767919441)"", ""updatedAt"": ""FROM_UNIXTIME(1767919441)""}",c957aa60bee0679c
scripts/stmt_54.sql,knowledge_documents,1,المبسوط للسرخسي - كتاب الوقف,"[""title"", ""content"", ""source"", ""category"", ""tags"", ""isActive"", ""createdAt"", ""updatedAt""]","{""title"": ""المبسوط للسرخسي - كتاب الوقف"", ""content"": ""المبسوط هو أحد أهم كتب الفقه الحنفي، ألفه محمد بن أحمد بن أبي سهل شمس الأئمة السرخسي (ت 483 هـ).\n\nتعريف الوقف: لغة: الحبس. وشرعاً: حبس المملوك عن التصرف فيه وتسبيل منفعته.\n\nاختلاف الأئمة في ملكية الوقف:\n- أبو حنيفة: الوقف لا يزيل الملك عن الواقف، ويبقى على ملكه، لكن يمتنع عن التصرف فيه.\n- أبو يوسف ومحمد: الوقف يزيل الملك، ويحبس العين عن الدخول في ملك غيره، وتصير ملكاً لله تعالى.\n\nشروط صحة الوقف:\n1. أن يكون على جهة بر لا تنقطع\n2. أن يكون المال مما يمكن الانتفاع به مع بقاء عينه\n3. أن يكون الواقف أهلاً للتبرع\n4. أن يكون الوقف منجزاً غير معلق\n\nأحكام المسجد: إذا بنى على منزله مسجداً وسكن أسفله أو جعله سرداباً ثم مات، فهو ميراث وليس مسجداً. المسجد ما يحرز أصله عن ملك العباد."", ""source"": ""https://shamela.ws/book/5423/2508"", ""category"": ""jurisprudence"", ""tags"": ""المبسوط، السرخسي، الفقه الحنفي، الوقف، أبو حنيفة، أبو يوسف، محمد، ملكية الوقف، شروط الوقف"", ""isActive"": ""1"", ""createdAt"": ""FROM_UNIXTIME(1767919441)"", ""updatedAt"": ""FROM_UNIXTIME(1767919441)""}",281fb3b507a05f02
scripts/stmt_55.sql,knowledge_documents,1,فتح القدير لابن الهمام - كتاب الوقف,"[""title"", ""content"", ""source"", ""category"", ""tags"", ""isActive"", ""createdAt"", ""updatedAt""]","{""title"": ""فتح القدير لابن الهمام - كتاب الوقف"", ""content"": ""فتح القدير هو شرح على الهداية، ألفه محمد بن عبد الواحد السيواسي المعروف بابن الهمام الحنفي (ت 861 هـ).\n\nالوقف في مرض الموت:\n- أبو حنيفة: يعتبر من الثلث لأنه تبرع\n- أبو يوسف ومحمد: يعتبر من رأس المال لأنه ليس تمليكاً\n\nخروج الوقف عن الملك: ليس من مقتضيات لفظ \""وقفت داري\"" أو \""حبستها\"" خروجها عن الملك، فيصدق مع كل منهما (البقاء في الملك أو الخروج منه)، فالترجيح بالدليل.\n\nالوقف على الذرية:\n- يجوز الوقف على الذرية والأولاد\n- يجوز الوقف على من سيولد في المستقبل القريب"", ""source"": ""https://shamela.ws/book/21744/2777"", ""category"": ""jurisprudence"", ""tags"": ""فتح القدير، ابن الهمام، الفقه الحنفي، الوقف، مرض الموت، الوقف على الذرية، خروج الوقف عن الملك"", ""isActive"": ""1"", ""createdAt"": ""FROM_UNIXTIME(1767919441)"", ""updatedAt"": ""FROM_UNIXTIME(1767919441)""}",6998c263cb62f8be
scripts/stmt_56.sql,knowledge_documents,1,فتاوى الوقف - سليمان الجاسر,"[""title"", ""content"", ""source"", ""category"", ""tags"", ""isActive"", ""createdAt"", ""updatedAt""]","{""title"": ""فتاوى الوقف - سليمان الجاسر"", ""content"": ""كتاب فتاوى الوقف من تأليف سليمان بن جاسر الجاسر، نشره مركز واقف - مدار الوطن للنشر، الطبعة السادسة 1436 هـ.\n\nموضوعات الكتاب:\n- أحكام الوقف المعاصرة\n- فتاوى متعلقة بإدارة الأوقاف\n- أحكام استبدال الوقف\n- أحكام ناظر الوقف\n- أحكام الوقف الذري والوقف الخيري\n\nيتناول الكتاب المسائل الفقهية المعاصرة المتعلقة بالوقف، ويجيب على الأسئلة الشائعة حول إدارة الأوقاف واستثمارها."", ""source"": ""https://khair.ws/library/7239/"", ""category"": ""jurisprudence"", ""tags"": ""فتاوى الوقف، سليمان الجاسر، أحكام معاصرة، استبدال الوقف، ناظر الوقف، الوقف الذري، الوقف الخيري"", ""isActive"": ""1"", ""createdAt"": ""FROM_UNIXTIME(1767919441)"", ""updatedAt"": ""FROM_UNIXTIME(1767919441)""}",57c4b9178d61845b
scripts/stmt_57.sql,knowledge_documents,1,مجموع فتاوى ابن تيمية - كتاب الوقف,"[""title"", ""content"", ""source"", ""category"", ""tags"", ""isActive"", ""createdAt"", ""updatedAt""]","{""title"": ""مجموع فتاوى ابن تيمية - كتاب الوقف"", ""content"": ""مجموع فتاوى شيخ الإسلام أحمد بن عبد الحليم بن تيمية (ت 728 هـ)، يحتوي على فتاوى متعلقة بالوقف من المذهب الحنبلي.\n\nاستبدال الوقف:\n- يجوز استبدال الوقف بخير منه إذا كان ذلك أنفع للموقوف عليهم\n- مثال: إذا وقف داراً أو حانوتاً أو بستاناً أو قرية يكون مغلها قليلاً، فيبدلها بما هو أكثر غلة\n\nالوقف على جهة مباحة:\n- الوقف على الأغنياء جائز\n- الوقف على المدارس والمساجد من أفضل الأوقاف\n\nشروط الواقف:\n- يجب العمل بشرط الواقف ما لم يخالف الشرع\n- إذا شرط الواقف ألا ينزل في المدرسة إلا من لم يكن له وظيفة، وجب العمل بشرطه"", ""source"": ""https://www.islamweb.net/ar/library/content/22/4743/"", ""category"": ""jurisprudence"", ""tags"": ""ابن تيمية، فتاوى، الفقه الحنبلي، استبدال الوقف، شروط الواقف، الوقف على المساجد، الوقف على المدارس"", ""isActive"": ""1"", ""createdAt"": ""FROM_UNIXTIME(1767919441)"", ""updatedAt"": ""FROM_UNIXTIME(1767919441)""}",526f0146b8c992de
scripts/stmt_58.sql,knowledge_documents,1,تعليمات لجان رعاية المساجد رقم (2) لسنة 2023م,"[""title"", ""content"", ""source"", ""category"", ""tags"", ""isActive"", ""createdAt"", ""updatedAt""]","{""title"": ""تعليمات لجان رعاية المساجد رقم (2) لسنة 2023م"", ""content"": ""تعليمات صادرة عن وزارة الأوقاف والشؤون الدينية الفلسطينية لتنظيم عمل لجان رعاية المساجد.\n\nأهداف التعليمات:\n1. المحافظة على المساجد وقدسيتها ونظافتها\n2. إحياء صلاة الجماعة\n3. تحقيق مبدأ تكافؤ الفرص في منح الإكرامية\n4. حماية المساجد من التعديات\n\nنطاق التطبيق:\n- جميع المساجد في فلسطين\n- لجان رعاية المساجد\n- الأئمة والمؤذنون"", ""source"": ""http://muqtafi.birzeit.edu/pg/getleg.asp?id=18827"", ""category"": ""administrative"", ""tags"": ""تعليمات، لجان رعاية المساجد، وزارة الأوقاف، فلسطين، المساجد، الأئمة، المؤذنون"", ""isActive"": ""1"", ""createdAt"": ""FROM_UNIXTIME(1767919441)"", ""updatedAt"": ""FROM_UNIXTIME(1767919441)""}",c168931f65d2f496
scripts/stmt_59.sql,knowledge_documents,1,قرار بقانون رقم (2) لسنة 2023م بشأن تعديل قانون الأوقاف,"[""title"", ""content"", ""source"", ""category"", ""tags"", ""isActive"", ""createdAt"", ""updatedAt""]","{""title"": ""قرار بقانون رقم (2) لسنة 2023م بشأن تعديل قانون الأوقاف"", ""content"": ""قرار بقانون صادر عن السلطة الوطنية الفلسطينية لتعديل قانون الأوقاف والشؤون والمقدسات الإسلامية رقم (26) لسنة 1966م.\n\nالمادة (6) مكرر - المضافة:\n1. تتولى الوزارة جباية الرسوم والأحكار والأعشار الخاصة بالأوقاف الإسلامية\n2. تستوفي الوزارة جميع المستحقات المالية المتعلقة بالأوقاف\n3. تدير الوزارة أموال الأوقاف وفقاً للأحكام الشرعية والقانونية\n\nالهدف: تعزيز صلاحيات وزارة الأوقاف في إدارة الأموال الوقفية وجباية الرسوم."", ""source"": ""http://muqtafi.birzeit.edu/pg/getleg.asp?id=18715"", ""category"": ""administrative"", ""tags"": ""قرار بقانون، تعديل قانون الأوقاف، 2023، جباية الرسوم، الأحكار، الأعشار، وزارة الأوقاف"", ""isActive"": ""1"", ""createdAt"": ""FROM_UNIXTIME(1767919441)"", ""updatedAt"": ""FROM_UNIXTIME(1767919441)""}",7655b317bb71c63c
scripts/stmt_60.sql,knowledge_documents,1,مهام وزارة الأوقاف والشؤون الدينية الفلسطينية,"[""title"", ""content"", ""source"", ""category"", ""tags"", ""isActive"", ""createdAt"", ""updatedAt""]","{""title"": ""مهام وزارة الأوقاف والشؤون الدينية الفلسطينية"", ""content"": ""وزارة الأوقاف والشؤون الدينية هي الجهة الحكومية المسؤولة عن إدارة الأوقاف والشؤون الدينية في فلسطين.\n\nالمهام الأساسية:\n1. رعاية الأركان الخمس (الشهادتان، الصلاة، الزكاة، الصوم، الحج)\n2. رعاية الشؤون الدينية والحفاظ على وسطية المنهج\n3. الحفاظ على أملاك الوقف وتنميتها واستثمارها\n4. حفظ الموروث الديني والثقافي والارتقاء بالتعليم الشرعي\n\nالبرامج الرئيسية:\n- برنامج الأركان الخمسة\n- برنامج إدارة الأملاك الوقفية\n- برنامج التعليم الشرعي والمهني والتراث\n- البرنامج الإداري"", ""source"": ""https://www.palestinecabinet.gov.ps/portal/OrgStructure/Details/20"", ""category"": ""administrative"", ""tags"": ""وزارة الأوقاف، فلسطين، الشؤون الدينية، الأركان الخمسة، الأملاك الوقفية، التعليم الشرعي"", ""isActive"": ""1"", ""createdAt"": ""FROM_UNIXTIME(1767919441)"", ""updatedAt"": ""FROM_UNIXTIME(1767919441)""}",a41c7165b3a6c08f
scripts/stmt_61.sql,knowledge_documents,1,نظام الوقف الذري في فلسطين,"[""title"", ""content"", ""source"", ""category"", ""tags"", ""isActive"", ""createdAt"", ""updatedAt""]","{""title"": ""نظام الوقف الذري في فلسطين"", ""content"": ""الوقف الذري هو نظام شرعي وقانوني يجعل العقار مالاً موقوفاً، ويُكتَب في صكّ الوقف من يحق لهم الاستفادة من ريعه من أبناء المالك وذريته، وبأيّ شروط.\n\nخصائص الوقف الذري:\n1. الاستمرارية: ينتقل من جيل إلى جيل\n2. الحماية: لا يُباع ولا يُورث\n3. التوزيع: يُوزع ريعه على الذرية حسب شرط الواقف\n4. التسجيل: يُسجل في دائرة الأوقاف بصك رسمي\n\nالإحصائيات في القدس:\n- نسبة الوقف الخيري إلى الذري: ما بين (2:1) أو (4:3)\n- عدد الحجج المقدر: لا يقل عن 1200-1600 حجة وقف"", ""source"": ""https://www.facebook.com/palestinian.vision/posts/1294708359357491/"", ""category"": ""administrative"", ""tags"": ""الوقف الذري، فلسطين، القدس، الذرية، صك الوقف، الحماية القانونية، الاستمرارية"", ""isActive"": ""1"", ""createdAt"": ""FROM_UNIXTIME(1767919441)"", ""updatedAt"": ""FROM_UNIXTIME(1767919441)""}",007415a55ad0735a
scripts/stmt_62.sql,knowledge_documents,1,تاريخ إدارة الأوقاف في فلسطين,"[""title"", ""content"", ""source"", ""category"", ""tags"", ""isActive"", ""createdAt"", ""updatedAt""]","{""title"": ""تاريخ إدارة الأوقاف في فلسطين"", ""content"": ""مرت إدارة الأوقاف في فلسطين بعدة مراحل تاريخية:\n\n1. عهد الانتداب البريطاني (1921-1948):\n- إدارة الأوقاف من قبل المجلس الإسلامي الأعلى\n- نظام المجلس الصادر سنة 1921م\n\n2. بعد النكبة (1948-1967):\n- إدارة الأوقاف في الضفة الغربية من قبل الأردن\n- إدارة الأوقاف في غزة من قبل مصر\n\n3. بعد الاحتلال (1967-1994):\n- محاولات إسرائيلية للسيطرة على الأوقاف\n- مقاومة فلسطينية للحفاظ على الأوقاف\n\n4. السلطة الوطنية الفلسطينية (1994-الآن):\n- إنشاء وزارة الأوقاف والشؤون الدينية\n- إصدار قوانين وتعليمات جديدة"", ""source"": ""https://www.tawaf.ps/"", ""category"": ""historical"", ""tags"": ""تاريخ الأوقاف، فلسطين، المجلس الإسلامي الأعلى، الانتداب البريطاني، السلطة الوطنية، وزارة الأوقاف"", ""isActive"": ""1"", ""createdAt"": ""FROM_UNIXTIME(1767919441)"", ""updatedAt"": ""FROM_UNIXTIME(1767919441)""}",39e0f6e5f07b3119
scripts/stmt_63.sql,knowledge_documents,1,الوقف على المسجد الأقصى,"[""title"", ""content"", ""source"", ""category"", ""tags"", ""isActive"", ""createdAt"", ""updatedAt""]","{""title"": ""الوقف على المسجد الأقصى"", ""content"": ""يعود أول وقف على المسجد الأقصى إلى عهد الصحابة، فقد بُني المسجد الأقصى بناءً بسيطاً من الخشب في عهد عمر بن الخطاب عقب زيارته للقدس بعد الفتح الإسلامي.\n\nأهم الأوقاف التاريخية:\n1. وقف عمر بن الخطاب: أول وقف على المسجد الأقصى\n2. أوقاف صلاح الدين الأيوبي: بعد تحرير القدس عام 1187م\n3. أوقاف المماليك: في القرنين 13-15 الميلادي\n4. أوقاف العثمانيين: من القرن 16 حتى القرن 20\n\nالأهمية: الوقف على المسجد الأقصى من أقدس الأوقاف الإسلامية، ويشمل المسجد نفسه والعقارات المحيطة به."", ""source"": ""https://ar.wikipedia.org/wiki/الوقف_على_المسجد_الأقصى"", ""category"": ""historical"", ""tags"": ""المسجد الأقصى، القدس، عمر بن الخطاب، صلاح الدين الأيوبي، الأوقاف التاريخية، الفتح الإسلامي"", ""isActive"": ""1"", ""createdAt"": ""FROM_UNIXTIME(1767919441)"", ""updatedAt"": ""FROM_UNIXTIME(1767919441)""}",90d967fd36152cee
scripts/stmt_64.sql,knowledge_documents,1,حجة وقف مصطفى آغا (1821م),"[""title"", ""content"", ""source"", ""category"", ""tags"", ""isActive"", ""createdAt"", ""updatedAt""]","{""title"": ""حجة وقف مصطفى آغا (1821م)"", ""content"": ""نسخة طبق الأصل من حجة وقف، مخرجة عن سجلات المحكمة الشرعية في القدس، ومؤرخة في عام 1236 هجري الموافق 1821 ميلادي.\n\nمعلومات الحجة:\n- الواقف: مصطفى آغا\n- التاريخ: 1236 هـ / 1821 م\n- المصدر: سجلات المحكمة الشرعية في القدس\n- النوع: نسخة طبق الأصل\n\nالأهمية:\n- نموذج للحجج الوقفية العثمانية\n- توثيق تاريخي للأوقاف في القدس\n- مصدر قانوني للملكية الوقفية\n\nتعتبر هذه الحجة من الوثائق التاريخية المهمة التي توثق الأوقاف في القدس خلال العصر العثماني."", ""source"": ""https://www.palarchive.org/index.php/Detail/objects/291104/"", ""category"": ""historical"", ""tags"": ""حجة وقف، مصطفى آغا، القدس، 1821، المحكمة الشرعية، العصر العثماني، وثائق تاريخية"", ""isActive"": ""1"", ""createdAt"": ""FROM_UNIXTIME(1767919441)"", ""updatedAt"": ""FROM_UNIXTIME(1767919441)""}",444706c0a3e4282b
scripts/stmt_65.sql,knowledge_documents,1,الحجج الوقفية في سجلات محكمة القدس الشرعية (القرن 11 هـ),"[""title"", ""content"", ""source"", ""category"", ""tags"", ""isActive"", ""createdAt"", ""updatedAt""]","{""title"": ""الحجج الوقفية في سجلات محكمة القدس الشرعية (القرن 11 هـ)"", ""content"": ""دراسة فقهية مقاصدية للحجج الوقفية التي تضمنت إنشاء الوقف في سجلات محكمة القدس الشرعية في القرن الحادي عشر الهجري (17 الميلادي).\n\nأهم النتائج:\n1. تنوع الأوقاف: أوقاف خيرية وذرية ومشتركة\n2. الشروط: تنوع شروط الواقفين\n3. الإدارة: أنظمة إدارة الأوقاف في العصر العثماني\n4. التوثيق: أهمية التوثيق الشرعي للأوقاف\n\nالباحث: رياض منير أمين خويص (2022)\n\nالأهمية: توفر هذه الدراسة نظرة شاملة على أنواع الأوقاف وشروطها وإدارتها في القدس خلال القرن 17 الميلادي."", ""source"": ""https://dspace.alquds.edu/items/ab359e3f-ea7c-4992-a657-d96d28fc9907"", ""category"": ""historical"", ""tags"": ""الحجج الوقفية، القدس، القرن 11 هجري، المحكمة الشرعية، العصر العثماني، دراسة فقهية، رياض خويص"", ""isActive"": ""1"", ""createdAt"": ""FROM_UNIXTIME(1767919441)"", ""updatedAt"": ""FROM_UNIXTIME(1767919441)""}",59deb2b59e177d83
scripts/stmt_66.sql,knowledge_documents,1,أرشيفات القدس الإسلامية - مصادر لمسألة الوقف,"[""title"", ""content"", ""source"", ""category"", ""tags"", ""isActive"", ""createdAt"", ""updatedAt""]","{""title"": ""أرشيفات القدس الإسلامية - مصادر لمسألة الوقف"", ""content"": ""أرشيفات القدس الإسلامية تحتوي على مصادر أولية حيوية لدراسة الأوقاف في القدس العثمانية.\n\nأهم المصادر:\n1. سجلات المحاكم الشرعية: تحتوي على آلاف الحجج الوقفية\n2. الوثائق العثمانية: سجلات الطابو والدفاتر العثمانية\n3. وثائق المجلس الإسلامي الأعلى: من عهد الانتداب البريطاني\n4. أرشيف وزارة الأوقاف: الوثائق المعاصرة\n\nالأهمية:\n- التوثيق التاريخي: إثبات ملكية الأوقاف\n- الدراسات الأكاديمية: مصدر للباحثين\n- الحماية القانونية: إثبات الحقوق الوقفية\n\nهذه الأرشيفات تشكل مرجعاً أساسياً لأي دراسة تتعلق بالأوقاف في القدس وفلسطين."", ""source"": ""https://www.palestine-studies.org/sites/default/files/hq-articles/9893.pdf"", ""category"": ""historical"", ""tags"": ""أرشيفات القدس، سجلات المحاكم الشرعية، الوثائق العثمانية، المجلس الإسلامي الأعلى، التوثيق التاريخي"", ""isActive"": ""1"", ""createdAt"": ""FROM_UNIXTIME(1767919441)"", ""updatedAt"": ""FROM_UNIXTIME(1767919441)""}",780bff2d725269bd
scripts/stmt_67.sql,knowledge_documents,1,أقدم وقف موثق في العالم (القرن 9 الميلادي),"[""title"", ""content"", ""source"", ""category"", ""tags"", ""isActive"", ""createdAt"", ""updatedAt""]","{""title"": ""أقدم وقف موثق في العالم (القرن 9 الميلادي)"", ""content"": ""اكتشاف أثري لنقش على حجر جيري يتضمن وقف قريتين زراعيتين في فلسطين في القرن التاسع الميلادي، مع حيوانات عالية الجودة.\n\nتفاصيل الاكتشاف:\n- المادة: نقش على حجر جيري ناعم\n- المحتوى: وقف قريتين زراعيتين\n- الفترة: القرن التاسع الميلادي\n- المكان: فلسطين\n\nالأهمية:\n- أقدم وقف موثق: من أقدم الأوقاف المكتشفة في العالم\n- التوثيق: نقش على حجر جيري\n- المحتوى: تفاصيل دقيقة عن الوقف\n\nهذا الاكتشاف يؤكد أن نظام الوقف كان راسخاً في فلسطين منذ القرون الأولى للإسلام."", ""source"": ""https://www.haaretz.com/archaeology/2021-12-06/"", ""category"": ""historical"", ""tags"": ""أقدم وقف، القرن التاسع الميلادي، فلسطين، نقش، حجر جيري، اكتشاف أثري، قريتين زراعيتين"", ""isActive"": ""1"", ""createdAt"": ""FROM_UNIXTIME(1767919441)"", ""updatedAt"": ""FROM_UNIXTIME(1767919441)""}",72af86becf91c32e
scripts/stmt_68.sql,knowledge_documents,1,إدارة الأوقاف في عهد الانتداب البريطاني,"[""title"", ""content"", ""source"", ""category"", ""tags"", ""isActive"", ""createdAt"", ""updatedAt""]","{""title"": ""إدارة الأوقاف في عهد الانتداب البريطاني"", ""content"": ""في عهد الانتداب البريطاني على فلسطين، كانت الأوقاف الإسلامية تدار من قبل المجلس الإسلامي الأعلى.\n\nالنظام الإداري:\n- المجلس الإسلامي الأعلى: أدار الأوقاف الإسلامية\n- الكنائس المسيحية: أدارت الأوقاف المسيحية\n- السنة: 1937\n\nالتحديات:\n1. السيطرة البريطانية: محاولات السيطرة على الأوقاف\n2. المصادرة: مصادرة بعض الأراضي الوقفية\n3. التوثيق: صعوبات في تسجيل الأوقاف\n\nالأهمية: هذه الفترة شهدت محاولات لتنظيم الأوقاف وفق النظام القانوني البريطاني، مع الحفاظ على الطابع الإسلامي للإدارة."", ""source"": ""https://badil.org/publications/al-majdal/issues/items/409.html"", ""category"": ""historical"", ""tags"": ""الانتداب البريطاني، المجلس الإسلامي الأعلى، فلسطين، 1937، إدارة الأوقاف، التحديات"", ""isActive"": ""1"", ""createdAt"": ""FROM_UNIXTIME(1767919441)"", ""updatedAt"": ""FROM_UNIXTIME(1767919441)""}",f612a5ce1ff843fa
scripts/stmt_69.sql,knowledge_documents,1,الإشراف المعاصر على العقارات الوقفية,"[""title"", ""content"", ""source"", ""category"", ""tags"", ""isActive"", ""createdAt"", ""updatedAt""]","{""title"": ""الإشراف المعاصر على العقارات الوقفية"", ""content"": ""تتولى الإدارة العامة للأملاك الوقفية في وزارة الأوقاف والشؤون الدينية الفلسطينية الإشراف على العقارات الوقفية.\n\nالإجراءات الحالية:\n1. تلقي الطلبات: طلبات استئجار الأملاك الوقفية\n2. الأراضي والعقارات: جميع أنواع الأملاك الوقفية\n3. المواطنون والمؤسسات: يمكنهم التقدم بطلبات\n\nالجهة المسؤولة: الإدارة العامة للأملاك الوقفية - وزارة الأوقاف والشؤون الدينية\n\nالهدف: تنظيم استثمار الأملاك الوقفية وضمان استفادة المستحقين منها وفق الأحكام الشرعية والقانونية."", ""source"": ""https://www.palestinecabinet.gov.ps/portal/GovService/Details/129"", ""category"": ""administrative"", ""tags"": ""الإشراف على العقارات، الأملاك الوقفية، وزارة الأوقاف، فلسطين، استئجار، الإدارة العامة"", ""isActive"": ""1"", ""createdAt"": ""FROM_UNIXTIME(1767919441)"", ""updatedAt"": ""FROM_UNIXTIME(1767919441)""}",6364390462e25dcf
scripts/batches/batch_01.sql,knowledge_documents,1,قانون الأراضي العثماني - المادة 1: تعريف الأراضي,"[""title"", ""content"", ""source"", ""category"", ""tags"", ""isActive"", ""createdAt"", ""updatedAt""]","{""title"": ""قانون الأراضي العثماني - المادة 1: تعريف الأراضي"", ""content"": ""المادة الأولى: الأراضي على خمسة أقسام:\n\n1. الأراضي المملوكة (الملك): وهي الأراضي التي يملكها الأفراد ملكية تامة بموجب سند رسمي، ويحق لهم التصرف فيها بالبيع والشراء والهبة والوقف والإرث دون قيد أو شرط.\n\n2. الأراضي الأميرية: وهي الأراضي التي تعود رقبتها للدولة، ويكون للأفراد حق التصرف فيها فقط. لا يجوز بيع رقبة الأرض الأميرية، وإنما يباع حق التصرف فقط.\n\n3. الأراضي الموقوفة: وهي الأراضي التي وقفها أصحابها لجهة خيرية أو ذرية، ولا يجوز بيعها أو التصرف فيها إلا وفق شروط الواقف.\n\n4. الأراضي المتروكة: وهي الأراضي المخصصة للمنفعة العامة كالطرق والساحات والمراعي، ولا يجوز تملكها أو التصرف فيها.\n\n5. الأراضي الموات: وهي الأراضي البور التي لم تُعمّر ولم تُزرع، ويجوز إحياؤها بإذن من الدولة."", ""source"": ""قانون الأراضي العثماني 1858"", ""category"": ""law"", ""tags"": ""أراضي، ملكية، أميرية، وقف، متروكة، موات"", ""isActive"": ""1"", ""createdAt"": ""FROM_UNIXTIME(1767919573)"", ""updatedAt"": ""FROM_UNIXTIME(1767919573)""}",5ca982de7ed9bed5
scripts/batches/batch_01.sql,knowledge_documents,2,قانون الأراضي العثماني - المادة 3: الأراضي الأميرية,"[""title"", ""content"", ""source"", ""category"", ""tags"", ""isActive"", ""createdAt"", ""updatedAt""]","{""title"": ""قانون الأراضي العثماني - المادة 3: الأراضي الأميرية"", ""content"": ""المادة الثالثة: الأراضي الأميرية هي الأراضي التي رقبتها للدولة، وللأفراد حق التصرف فيها فقط.\n\nشروط التصرف في الأراضي الأميرية:\n1. يجب دفع الضرائب المقررة (الميري) سنوياً للدولة\n2. يجب زراعة الأرض وعدم تركها بوراً لمدة تزيد عن ثلاث سنوات\n3. لا يجوز بيع رقبة الأرض، وإنما يباع حق التصرف فقط\n4. يجوز توريث حق التصرف للورثة الشرعيين\n5. يجوز وقف حق التصرف بإذن من الدولة\n\nعقوبة ترك الأرض بوراً:\nإذا ترك صاحب حق التصرف الأرض بوراً لمدة ثلاث سنوات متتالية دون عذر شرعي، يسقط حقه في التصرف، وتعود الأرض للدولة لتمنحها لمن يعمرها."", ""source"": ""قانون الأراضي العثماني 1858"", ""category"": ""law"", ""tags"": ""أراضي أميرية، حق التصرف، ميري، ضرائب"", ""isActive"": ""1"", ""createdAt"": ""FROM_UNIXTIME(1767919573)"", ""updatedAt"": ""FROM_UNIXTIME(1767919573)""}",98ad6fd282e0a9f0
scripts/batches/batch_01.sql,knowledge_documents,3,قانون الأراضي العثماني - المادة 12: وقف الأراضي الأميرية,"[""title"", ""content"", ""source"", ""category"", ""tags"", ""isActive"", ""createdAt"", ""updatedAt""]","{""title"": ""قانون الأراضي العثماني - المادة 12: وقف الأراضي الأميرية"", ""content"": ""المادة الثانية عشرة: يجوز وقف حق التصرف في الأراضي الأميرية بإذن من السلطان أو من ينوب عنه.\n\nشروط وقف الأراضي الأميرية:\n1. الحصول على إذن رسمي من الدولة (الإرادة السنية)\n2. تسجيل الوقف في السجلات الرسمية\n3. تحديد جهة الوقف (خيري أو ذري)\n4. تعيين ناظر للوقف\n5. استمرار دفع الضرائب المقررة (الميري) من ريع الوقف\n\nأحكام خاصة:\n- إذا لم يُدفع الميري من ريع الوقف، يحق للدولة المطالبة به من ناظر الوقف\n- لا يجوز بيع الأرض الموقوفة إلا في حالات الاستبدال الشرعي\n- يجوز تأجير الأرض الموقوفة بعقد إجارة طويلة (حكر)"", ""source"": ""قانون الأراضي العثماني 1858"", ""category"": ""law"", ""tags"": ""وقف، أراضي أميرية، إرادة سنية، ناظر وقف"", ""isActive"": ""1"", ""createdAt"": ""FROM_UNIXTIME(1767919573)"", ""updatedAt"": ""FROM_UNIXTIME(1767919573)""}",ec0d36e980ecec5f
scripts/batches/batch_01.sql,knowledge_documents,4,مجلة الأحكام العدلية - المادة 1: تعريف الوقف,"[""title"", ""content"", ""source"", ""category"", ""tags"", ""isActive"", ""createdAt"", ""updatedAt""]","{""title"": ""مجلة الأحكام العدلية - المادة 1: تعريف الوقف"", ""content"": ""المادة الأولى: الوقف هو حبس العين عن تمليكها لأحد من العباد، والتصدق بالمنفعة على الفقراء أو على وجه من وجوه الخير.\n\nشرح التعريف:\n- حبس العين: منع بيعها أو هبتها أو توريثها\n- عن تمليكها: لا تصبح ملكاً لأحد بعد الوقف\n- التصدق بالمنفعة: الانتفاع بريع الوقف يكون للجهة الموقوف عليها\n\nأركان الوقف:\n1. الواقف: من يقوم بالوقف\n2. الموقوف: العين التي يتم وقفها\n3. الموقوف عليه: الجهة المستفيدة من الوقف\n4. الصيغة: لفظ الوقف الصريح\n\nشروط الواقف:\n- أن يكون بالغاً عاقلاً\n- أن يكون مالكاً للعين الموقوفة\n- أن يكون مختاراً غير مكره"", ""source"": ""مجلة الأحكام العدلية - كتاب الوقف"", ""category"": ""jurisprudence"", ""tags"": ""وقف، تعريف، أركان، شروط"", ""isActive"": ""1"", ""createdAt"": ""FROM_UNIXTIME(1767919573)"", ""updatedAt"": ""FROM_UNIXTIME(1767919573)""}",a6a23851fa013e18
scripts/batches/batch_01.sql,knowledge_documents,5,مجلة الأحكام العدلية - المادة 5: شروط صحة الوقف,"[""title"", ""content"", ""source"", ""category"", ""tags"", ""isActive"", ""createdAt"", ""updatedAt""]","{""title"": ""مجلة الأحكام العدلية - المادة 5: شروط صحة الوقف"", ""content"": ""المادة الخامسة: يشترط لصحة الوقف:\n\n1. أن يكون الموقوف مالاً متقوماً: أي له قيمة مالية شرعاً\n2. أن يكون معلوماً: محدداً بالوصف أو المشاهدة\n3. أن يكون مملوكاً للواقف: ملكية تامة صحيحة\n4. أن يكون قابلاً للانتفاع مع بقاء عينه: كالعقار والأثاث\n5. أن يكون الوقف مؤبداً: لا يجوز توقيته بمدة معينة\n6. أن تكون الجهة الموقوف عليها معلومة: محددة بوضوح\n7. أن تكون الجهة الموقوف عليها جهة بر: لا تكون معصية\n\nالأموال التي لا يصح وقفها:\n- المنقولات التي تستهلك بالاستعمال (كالطعام)\n- الأموال المغصوبة أو المسروقة\n- الأموال المجهولة أو غير المحددة"", ""source"": ""مجلة الأحكام العدلية - كتاب الوقف"", ""category"": ""jurisprudence"", ""tags"": ""شروط الوقف، صحة الوقف، أحكام"", ""isActive"": ""1"", ""createdAt"": ""FROM_UNIXTIME(1767919573)"", ""updatedAt"": ""FROM_UNIXTIME(1767919573)""}",ff63dc86caed47f8
scripts/batches/batch_01.sql,knowledge_documents,6,قانون الأوقاف الأردني رقم 23 لسنة 1964 - المادة 1: التعاريف,"[""title"", ""content"", ""source"", ""category"", ""tags"", ""isActive"", ""createdAt"", ""updatedAt""]","{""title"": ""قانون الأوقاف الأردني رقم 23 لسنة 1964 - المادة 1: التعاريف"", ""content"": ""المادة 1: تعاريف\n\nفي هذا القانون، يكون للكلمات والعبارات التالية المعاني المخصصة لها أدناه ما لم تدل القرينة على خلاف ذلك:\n\nالوزارة: وزارة الأوقاف والشؤون والمقدسات الإسلامية\nالوزير: وزير الأوقاف والشؤون والمقدسات الإسلامية\nالوقف: حبس العين عن تمليكها لأحد من العباد والتصدق بالمنفعة على الفقراء أو على وجه من وجوه الخير\nالوقف الخيري: ما وقف على جهة بر عامة كالفقراء والمساجد والمدارس\nالوقف الذري: ما وقف على الذرية والأولاد\nالناظر: من يتولى إدارة الوقف والإشراف عليه\nالمتولي: من يتولى إدارة الوقف الذري\nالريع: الدخل الناتج عن الوقف"", ""source"": ""قانون الأوقاف الأردني رقم 23 لسنة 1964"", ""category"": ""law"", ""tags"": ""قانون أردني، تعاريف، وقف خيري، وقف ذري"", ""isActive"": ""1"", ""createdAt"": ""FROM_UNIXTIME(1767919573)"", ""updatedAt"": ""FROM_UNIXTIME(1767919573)""}",671af1b6e5c937fd
scripts/batches/batch_01.sql,knowledge_documents,7,قانون الأوقاف الأردني - المادة 10: إدارة الأوقاف,"[""title"", ""content"", ""source"", ""category"", ""tags"", ""isActive"", ""createdAt"", ""updatedAt""]","{""title"": ""قانون الأوقاف الأردني - المادة 10: إدارة الأوقاف"", ""content"": ""المادة 10: تتولى وزارة الأوقاف إدارة الأوقاف الخيرية والإشراف على الأوقاف الذرية.\n\nصلاحيات الوزارة:\n1. إدارة الأوقاف الخيرية واستثمارها\n2. تعيين النظار والمتولين\n3. الإشراف على صرف ريع الأوقاف\n4. صيانة الأوقاف وعمارتها\n5. استبدال الأوقاف عند الضرورة\n6. رفع الدعاوى القضائية المتعلقة بالأوقاف\n7. قبول الأوقاف الجديدة\n\nواجبات الناظر:\n- المحافظة على الوقف وعمارته\n- استثمار الوقف بالطرق الشرعية\n- صرف الريع على الجهات المستحقة\n- تقديم حساب سنوي للوزارة\n- عدم التصرف في الوقف إلا بإذن من الوزارة"", ""source"": ""قانون الأوقاف الأردني رقم 23 لسنة 1964"", ""category"": ""law"", ""tags"": ""إدارة أوقاف، ناظر، وزارة أوقاف"", ""isActive"": ""1"", ""createdAt"": ""FROM_UNIXTIME(1767919573)"", ""updatedAt"": ""FROM_UNIXTIME(1767919573)""}",b10ca39aa871cf09
scripts/batches/batch_01.sql,knowledge_documents,8,قانون الأراضي العثماني - المادة 4: الأراضي الموقوفة,"[""title"", ""content"", ""source"", ""category"", ""tags"", ""isActive"", ""createdAt"", ""updatedAt""]","{""title"": ""قانون الأراضي العثماني - المادة 4: الأراضي الموقوفة"", ""content"": ""الأراضي الموقوفة هي الأراضي التي أوقفها أصحابها على جهة بر أو خير. ولا يجوز بيعها أو رهنها أو توريثها، وإنما تبقى على ملك الموقوف عليهم أو الجهة الموقوف عليها."", ""source"": ""قانون الأراضي العثماني (1858)"", ""category"": ""law"", ""tags"": ""قانون الأراضي، الوقف، الأراضي الموقوفة"", ""isActive"": ""1"", ""createdAt"": ""FROM_UNIXTIME(1767919573)"", ""updatedAt"": ""FROM_UNIXTIME(1767919573)""}",b81abf059830d0a0
scripts/batches/batch_01.sql,knowledge_documents,9,قانون الأراضي العثماني - المادة 36: حقوق المتولي,"[""title"", ""content"", ""source"", ""category"", ""tags"", ""isActive"", ""createdAt"", ""updatedAt""]","{""title"": ""قانون الأراضي العثماني - المادة 36: حقوق المتولي"", ""content"": ""للمتولي على الوقف حق الإدارة والنظر في شؤونه، وله أن يؤجر الأرض الموقوفة بما يحقق مصلحة الوقف، ولا يجوز له التصرف فيها بالبيع أو الرهن."", ""source"": ""قانون الأراضي العثماني (1858)"", ""category"": ""law"", ""tags"": ""المتولي، إدارة الوقف، حقوق المتولي"", ""isActive"": ""1"", ""createdAt"": ""FROM_UNIXTIME(1767919573)"", ""updatedAt"": ""FROM_UNIXTIME(1767919573)""}",7763d4d8c6d843bb
scripts/batches/batch_01.sql,knowledge_documents,10,مجلة الأحكام العدلية - المادة 2: أركان الوقف,"[""title"", ""content"", ""source"", ""category"", ""tags"", ""isActive"", ""createdAt"", ""updatedAt""]","{""title"": ""مجلة الأحكام العدلية - المادة 2: أركان الوقف"", ""content"": ""أركان الوقف أربعة: الواقف، والموقوف، والموقوف عليه، والصيغة. ولا يصح الوقف إلا باجتماع هذه الأركان الأربعة."", ""source"": ""مجلة الأحكام العدلية"", ""category"": ""reference"", ""tags"": ""أركان الوقف، الواقف، الموقوف عليه"", ""isActive"": ""1"", ""createdAt"": ""FROM_UNIXTIME(1767919573)"", ""updatedAt"": ""FROM_UNIXTIME(1767919573)""}",6797ff0a9beb0c3d
scripts/batches/batch_02.sql,knowledge_documents,1,مجلة الأحكام العدلية - المادة 3: شروط الواقف,"[""title"", ""content"", ""source"", ""category"", ""tags"", ""isActive"", ""createdAt"", ""updatedAt""]","{""title"": ""مجلة الأحكام العدلية - المادة 3: شروط الواقف"", ""content"": ""يشترط في الواقف أن يكون حراً مكلفاً مالكاً للموقوف، فلا يصح وقف العبد ولا الصبي ولا المجنون ولا من لا يملك الموقوف."", ""source"": ""مجلة الأحكام العدلية"", ""category"": ""reference"", ""tags"": ""شروط الواقف، الأهلية، الملكية"", ""isActive"": ""1"", ""createdAt"": ""FROM_UNIXTIME(1767919573)"", ""updatedAt"": ""FROM_UNIXTIME(1767919573)""}",fca9e59de139228f
scripts/batches/batch_02.sql,knowledge_documents,2,مجلة الأحكام العدلية - المادة 6: استبدال الوقف,"[""title"", ""content"", ""source"", ""category"", ""tags"", ""isActive"", ""createdAt"", ""updatedAt""]","{""title"": ""مجلة الأحكام العدلية - المادة 6: استبدال الوقف"", ""content"": ""لا يجوز استبدال الوقف إلا إذا تعطلت منافعه بالكلية، أو كان في الاستبدال مصلحة ظاهرة للوقف، وبإذن القاضي."", ""source"": ""مجلة الأحكام العدلية"", ""category"": ""reference"", ""tags"": ""استبدال الوقف، المصلحة، القاضي"", ""isActive"": ""1"", ""createdAt"": ""FROM_UNIXTIME(1767919573)"", ""updatedAt"": ""FROM_UNIXTIME(1767919573)""}",493d7b46aca17b0e
scripts/batches/batch_02.sql,knowledge_documents,3,قانون الأوقاف الأردني - المادة 2: تعريف الوقف الخيري,"[""title"", ""content"", ""source"", ""category"", ""tags"", ""isActive"", ""createdAt"", ""updatedAt""]","{""title"": ""قانون الأوقاف الأردني - المادة 2: تعريف الوقف الخيري"", ""content"": ""الوقف الخيري هو ما وقف على جهة بر وخير ابتداءً كالمساجد والمدارس والمستشفيات ودور الأيتام."", ""source"": ""قانون الأوقاف الأردني رقم 23 لسنة 1964"", ""category"": ""law"", ""tags"": ""الوقف الخيري، جهات البر، المساجد"", ""isActive"": ""1"", ""createdAt"": ""FROM_UNIXTIME(1767919573)"", ""updatedAt"": ""FROM_UNIXTIME(1767919573)""}",0c345fe607f576ca
scripts/batches/batch_02.sql,knowledge_documents,4,قانون الأوقاف الأردني - المادة 3: الوقف الذري,"[""title"", ""content"", ""source"", ""category"", ""tags"", ""isActive"", ""createdAt"", ""updatedAt""]","{""title"": ""قانون الأوقاف الأردني - المادة 3: الوقف الذري"", ""content"": ""الوقف الذري هو ما وقف على الذرية ابتداءً ثم على جهة بر وخير انتهاءً."", ""source"": ""قانون الأوقاف الأردني رقم 23 لسنة 1964"", ""category"": ""law"", ""tags"": ""الوقف الذري، الذرية، الوقف الأهلي"", ""isActive"": ""1"", ""createdAt"": ""FROM_UNIXTIME(1767919573)"", ""updatedAt"": ""FROM_UNIXTIME(1767919573)""}",543506fb22e01416
scripts/batches/batch_02.sql,knowledge_documents,5,قانون الأوقاف الأردني - المادة 15: صلاحيات المتولي,"[""title"", ""content"", ""source"", ""category"", ""tags"", ""isActive"", ""createdAt"", ""updatedAt""]","{""title"": ""قانون الأوقاف الأردني - المادة 15: صلاحيات المتولي"", ""content"": ""للمتولي إدارة الوقف وتأجير أعيانه واستثمارها بما يحقق مصلحة الوقف، وله أن يقاضي ويقاضى باسم الوقف."", ""source"": ""قانون الأوقاف الأردني رقم 23 لسنة 1964"", ""category"": ""law"", ""tags"": ""المتولي، الإدارة، التأجير"", ""isActive"": ""1"", ""createdAt"": ""FROM_UNIXTIME(1767919573)"", ""updatedAt"": ""FROM_UNIXTIME(1767919573)""}",ca7b4b16317cfde4
scripts/batches/batch_02.sql,knowledge_documents,6,قانون الأوقاف الأردني - المادة 20: الإشراف على الأوقاف,"[""title"", ""content"", ""source"", ""category"", ""tags"", ""isActive"", ""createdAt"", ""updatedAt""]","{""title"": ""قانون الأوقاف الأردني - المادة 20: الإشراف على الأوقاف"", ""content"": ""تشرف وزارة الأوقاف على جميع الأوقاف الخيرية والذرية، ولها حق الرقابة والتفتيش على أعمال المتولين."", ""source"": ""قانون الأوقاف الأردني رقم 23 لسنة 1964"", ""category"": ""law"", ""tags"": ""وزارة الأوقاف، الإشراف، الرقابة"", ""isActive"": ""1"", ""createdAt"": ""FROM_UNIXTIME(1767919573)"", ""updatedAt"": ""FROM_UNIXTIME(1767919573)""}",4c21ce3e5001d5af
scripts/batches/batch_02.sql,knowledge_documents,7,قرار بقانون رقم 1 لسنة 2018 - المادة 2: أهداف الوزارة,"[""title"", ""content"", ""source"", ""category"", ""tags"", ""isActive"", ""createdAt"", ""updatedAt""]","{""title"": ""قرار بقانون رقم 1 لسنة 2018 - المادة 2: أهداف الوزارة"", ""content"": ""تهدف وزارة الأوقاف والشؤون الدينية إلى إدارة وتنظيم الأوقاف الإسلامية وحمايتها وتنميتها واستثمارها."", ""source"": ""قرار بقانون رقم (1) لسنة 2018 بشأن الأوقاف الإسلامية"", ""category"": ""law"", ""tags"": ""وزارة الأوقاف، الأهداف، الإدارة"", ""isActive"": ""1"", ""createdAt"": ""FROM_UNIXTIME(1767919573)"", ""updatedAt"": ""FROM_UNIXTIME(1767919573)""}",4afba16d4f4d7456
scripts/batches/batch_02.sql,knowledge_documents,8,قرار بقانون 2018 - المادة 5: المجلس الأعلى للأوقاف,"[""title"", ""content"", ""source"", ""category"", ""tags"", ""isActive"", ""createdAt"", ""updatedAt""]","{""title"": ""قرار بقانون 2018 - المادة 5: المجلس الأعلى للأوقاف"", ""content"": ""يشكل مجلس أعلى للأوقاف برئاسة الوزير وعضوية ممثلين عن الجهات ذات العلاقة، ويختص بوضع السياسات العامة للأوقاف."", ""source"": ""قرار بقانون رقم (1) لسنة 2018"", ""category"": ""law"", ""tags"": ""المجلس الأعلى، السياسات، الوزير"", ""isActive"": ""1"", ""createdAt"": ""FROM_UNIXTIME(1767919573)"", ""updatedAt"": ""FROM_UNIXTIME(1767919573)""}",6a4d9e56e39676ae
scripts/batches/batch_02.sql,knowledge_documents,9,قرار بقانون 2018 - المادة 10: حماية الأوقاف,"[""title"", ""content"", ""source"", ""category"", ""tags"", ""isActive"", ""createdAt"", ""updatedAt""]","{""title"": ""قرار بقانون 2018 - المادة 10: حماية الأوقاف"", ""content"": ""تتمتع الأوقاف بالحماية القانونية، ولا يجوز الاعتداء عليها أو الاستيلاء عليها أو تغيير معالمها."", ""source"": ""قرار بقانون رقم (1) لسنة 2018"", ""category"": ""law"", ""tags"": ""حماية الأوقاف، الاعتداء، الاستيلاء"", ""isActive"": ""1"", ""createdAt"": ""FROM_UNIXTIME(1767919573)"", ""updatedAt"": ""FROM_UNIXTIME(1767919573)""}",7f6bc1eaf2831157
scripts/batches/batch_02.sql,knowledge_documents,10,الفقه الحنفي - تعريف الوقف,"[""title"", ""content"", ""source"", ""category"", ""tags"", ""isActive"", ""createdAt"", ""updatedAt""]","{""title"": ""الفقه الحنفي - تعريف الوقف"", ""content"": ""الوقف في الفقه الحنفي هو حبس العين على ملك الواقف والتصدق بالمنفعة. فالعين تبقى على ملك الواقف، والمنفعة تصرف في الجهة الموقوف عليها."", ""source"": ""الفقه الحنفي - كتاب الوقف"", ""category"": ""jurisprudence"", ""tags"": ""الفقه الحنفي، تعريف الوقف، حبس العين"", ""isActive"": ""1"", ""createdAt"": ""FROM_UNIXTIME(1767919573)"", ""updatedAt"": ""FROM_UNIXTIME(1767919573)""}",c8a3f4970349e51b
scripts/batches/batch_03.sql,knowledge_documents,1,الفقه الحنفي - شروط صحة الوقف,"[""title"", ""content"", ""source"", ""category"", ""tags"", ""isActive"", ""createdAt"", ""updatedAt""]","{""title"": ""الفقه الحنفي - شروط صحة الوقف"", ""content"": ""يشترط لصحة الوقف في المذهب الحنفي: التأبيد، والقربة، وخروج الموقوف عن ملك الواقف حكماً، والقبول من الموقوف عليه إن كان معيناً."", ""source"": ""الفقه الحنفي - كتاب الوقف"", ""category"": ""jurisprudence"", ""tags"": ""شروط الوقف، التأبيد، القربة"", ""isActive"": ""1"", ""createdAt"": ""FROM_UNIXTIME(1767919573)"", ""updatedAt"": ""FROM_UNIXTIME(1767919573)""}",2143f08cbd3b216f
scripts/batches/batch_03.sql,knowledge_documents,2,الفقه الحنفي - وقف المنقول,"[""title"", ""content"", ""source"", ""category"", ""tags"", ""isActive"", ""createdAt"", ""updatedAt""]","{""title"": ""الفقه الحنفي - وقف المنقول"", ""content"": ""لا يجوز وقف المنقول في المذهب الحنفي إلا ما جرى به العرف والتعامل كالكتب والسلاح، أو ما كان تابعاً لوقف العقار."", ""source"": ""الفقه الحنفي - كتاب الوقف"", ""category"": ""jurisprudence"", ""tags"": ""وقف المنقول، العرف، التعامل"", ""isActive"": ""1"", ""createdAt"": ""FROM_UNIXTIME(1767919573)"", ""updatedAt"": ""FROM_UNIXTIME(1767919573)""}",735b0f1054524f8e
scripts/batches/batch_03.sql,knowledge_documents,3,الفقه الحنفي - استبدال الوقف,"[""title"", ""content"", ""source"", ""category"", ""tags"", ""isActive"", ""createdAt"", ""updatedAt""]","{""title"": ""الفقه الحنفي - استبدال الوقف"", ""content"": ""لا يجوز استبدال الوقف في المذهب الحنفي إلا إذا تعطلت منافعه بالكلية، وكان في الاستبدال مصلحة ظاهرة، وبإذن القاضي."", ""source"": ""الفقه الحنفي - كتاب الوقف"", ""category"": ""jurisprudence"", ""tags"": ""استبدال الوقف، المصلحة، القاضي"", ""isActive"": ""1"", ""createdAt"": ""FROM_UNIXTIME(1767919573)"", ""updatedAt"": ""FROM_UNIXTIME(1767919573)""}",4c115b3a8ea5e98f
scripts/batches/batch_03.sql,knowledge_documents,4,أوقاف القدس التاريخية - المسجد الأقصى,"[""title"", ""content"", ""source"", ""category"", ""tags"", ""isActive"", ""createdAt"", ""updatedAt""]","{""title"": ""أوقاف القدس التاريخية - المسجد الأقصى"", ""content"": ""المسجد الأقصى المبارك وقف إسلامي خالص منذ الفتح الإسلامي، ولا يجوز التصرف فيه أو في أي جزء منه."", ""source"": ""دراسات تاريخية عن أوقاف القدس"", ""category"": ""historical"", ""tags"": ""المسجد الأقصى، القدس، الوقف الإسلامي"", ""isActive"": ""1"", ""createdAt"": ""FROM_UNIXTIME(1767919573)"", ""updatedAt"": ""FROM_UNIXTIME(1767919573)""}",5bb0740e26983f49
scripts/batches/batch_03.sql,knowledge_documents,5,أوقاف القدس - الأوقاف الصلاحية,"[""title"", ""content"", ""source"", ""category"", ""tags"", ""isActive"", ""createdAt"", ""updatedAt""]","{""title"": ""أوقاف القدس - الأوقاف الصلاحية"", ""content"": ""أوقف صلاح الدين الأيوبي العديد من الأراضي والعقارات في القدس لخدمة المسجد الأقصى والفقراء والمساكين."", ""source"": ""تاريخ أوقاف القدس"", ""category"": ""historical"", ""tags"": ""صلاح الدين، الأوقاف الصلاحية، القدس"", ""isActive"": ""1"", ""createdAt"": ""FROM_UNIXTIME(1767919573)"", ""updatedAt"": ""FROM_UNIXTIME(1767919573)""}",0ac7cbf6ccc70189
scripts/batches/batch_03.sql,knowledge_documents,6,أوقاف القدس - الزوايا والتكايا,"[""title"", ""content"", ""source"", ""category"", ""tags"", ""isActive"", ""createdAt"", ""updatedAt""]","{""title"": ""أوقاف القدس - الزوايا والتكايا"", ""content"": ""انتشرت الزوايا والتكايا الموقوفة في القدس لخدمة الفقراء والمسافرين وطلاب العلم، وكانت تمول من ريع الأوقاف."", ""source"": ""تاريخ أوقاف القدس"", ""category"": ""historical"", ""tags"": ""الزوايا، التكايا، الأوقاف الخيرية"", ""isActive"": ""1"", ""createdAt"": ""FROM_UNIXTIME(1767919573)"", ""updatedAt"": ""FROM_UNIXTIME(1767919573)""}",6640bf2b501035fd
scripts/batches/batch_03.sql,knowledge_documents,7,أوقاف القدس - المدارس الوقفية,"[""title"", ""content"", ""source"", ""category"", ""tags"", ""isActive"", ""createdAt"", ""updatedAt""]","{""title"": ""أوقاف القدس - المدارس الوقفية"", ""content"": ""أنشئت العديد من المدارس الوقفية في القدس لتعليم القرآن والعلوم الشرعية، وكانت تمول من ريع الأوقاف."", ""source"": ""تاريخ التعليم في القدس"", ""category"": ""historical"", ""tags"": ""المدارس الوقفية، التعليم، القدس"", ""isActive"": ""1"", ""createdAt"": ""FROM_UNIXTIME(1767919573)"", ""updatedAt"": ""FROM_UNIXTIME(1767919573)""}",4d8591cdec949bde
scripts/batches/batch_03.sql,knowledge_documents,8,قانون أملاك الغائبين الإسرائيلي 1950 - التعريف,"[""title"", ""content"", ""source"", ""category"", ""tags"", ""isActive"", ""createdAt"", ""updatedAt""]","{""title"": ""قانون أملاك الغائبين الإسرائيلي 1950 - التعريف"", ""content"": ""يعرف القانون الإسرائيلي 'الغائب' بأنه كل من ترك مكان إقامته في فلسطين قبل 1948 أو بعده، وتم الاستيلاء على أملاكه."", ""source"": ""قانون أملاك الغائبين الإسرائيلي (1950)"", ""category"": ""law"", ""tags"": ""أملاك الغائبين، الاستيلاء، فلسطين"", ""isActive"": ""1"", ""createdAt"": ""FROM_UNIXTIME(1767919573)"", ""updatedAt"": ""FROM_UNIXTIME(1767919573)""}",5af7de2ee224ecf9
scripts/batches/batch_03.sql,knowledge_documents,9,قانون أملاك الغائبين - الأوقاف,"[""title"", ""content"", ""source"", ""category"", ""tags"", ""isActive"", ""createdAt"", ""updatedAt""]","{""title"": ""قانون أملاك الغائبين - الأوقاف"", ""content"": ""استولت إسرائيل على العديد من الأوقاف الإسلامية بحجة أنها أملاك غائبين، رغم أن الوقف لا يملكه شخص معين."", ""source"": ""قانون أملاك الغائبين الإسرائيلي (1950)"", ""category"": ""law"", ""tags"": ""الأوقاف، الاستيلاء، أملاك الغائبين"", ""isActive"": ""1"", ""createdAt"": ""FROM_UNIXTIME(1767919573)"", ""updatedAt"": ""FROM_UNIXTIME(1767919573)""}",c488d4a9a5a81c79
scripts/batches/batch_03.sql,knowledge_documents,10,الانتداب البريطاني - قانون الأوقاف 1922,"[""title"", ""content"", ""source"", ""category"", ""tags"", ""isActive"", ""createdAt"", ""updatedAt""]","{""title"": ""الانتداب البريطاني - قانون الأوقاف 1922"", ""content"": ""أصدرت سلطات الانتداب البريطاني قانون الأوقاف عام 1922 الذي نظم إدارة الأوقاف وأنشأ المجلس الإسلامي الأعلى."", ""source"": ""قوانين الانتداب البريطاني"", ""category"": ""historical"", ""tags"": ""الانتداب البريطاني، قانون الأوقاف، المجلس الإسلامي"", ""isActive"": ""1"", ""createdAt"": ""FROM_UNIXTIME(1767919573)"", ""updatedAt"": ""FROM_UNIXTIME(1767919573)""}",7fd04f9f373967b3
scripts/batches/batch_04.sql,knowledge_documents,1,المجلس الإسلامي الأعلى - الصلاحيات,"[""title"", ""content"", ""source"", ""category"", ""tags"", ""isActive"", ""createdAt"", ""updatedAt""]","{""title"": ""المجلس الإسلامي الأعلى - الصلاحيات"", ""content"": ""كان للمجلس الإسلامي الأعلى صلاحيات واسعة في إدارة الأوقاف والمحاكم الشرعية والشؤون الدينية في فلسطين."", ""source"": ""تاريخ المجلس الإسلامي الأعلى"", ""category"": ""historical"", ""tags"": ""المجلس الإسلامي، الصلاحيات، الإدارة"", ""isActive"": ""1"", ""createdAt"": ""FROM_UNIXTIME(1767919573)"", ""updatedAt"": ""FROM_UNIXTIME(1767919573)""}",c385a102abdd3bc2
scripts/batches/batch_04.sql,knowledge_documents,2,الحاج أمين الحسيني - رئيس المجلس الإسلامي,"[""title"", ""content"", ""source"", ""category"", ""tags"", ""isActive"", ""createdAt"", ""updatedAt""]","{""title"": ""الحاج أمين الحسيني - رئيس المجلس الإسلامي"", ""content"": ""ترأس الحاج أمين الحسيني المجلس الإسلامي الأعلى وعمل على تطوير الأوقاف وترميم المسجد الأقصى."", ""source"": ""سيرة الحاج أمين الحسيني"", ""category"": ""historical"", ""tags"": ""الحاج أمين، المجلس الإسلامي، الأقصى"", ""isActive"": ""1"", ""createdAt"": ""FROM_UNIXTIME(1767919573)"", ""updatedAt"": ""FROM_UNIXTIME(1767919573)""}",93f1fe9c9d89c07f
scripts/batches/batch_04.sql,knowledge_documents,3,ترميم المسجد الأقصى - الفترة البريطانية,"[""title"", ""content"", ""source"", ""category"", ""tags"", ""isActive"", ""createdAt"", ""updatedAt""]","{""title"": ""ترميم المسجد الأقصى - الفترة البريطانية"", ""content"": ""قام المجلس الإسلامي الأعلى بترميمات واسعة للمسجد الأقصى في الثلاثينيات، ممولة من تبرعات المسلمين وريع الأوقاف."", ""source"": ""تاريخ ترميم الأقصى"", ""category"": ""historical"", ""tags"": ""ترميم الأقصى، المجلس الإسلامي، التبرعات"", ""isActive"": ""1"", ""createdAt"": ""FROM_UNIXTIME(1767919573)"", ""updatedAt"": ""FROM_UNIXTIME(1767919573)""}",bea53c182b8eb108
scripts/batches/batch_04.sql,knowledge_documents,4,الأوقاف في الضفة الغربية - الإدارة الأردنية,"[""title"", ""content"", ""source"", ""category"", ""tags"", ""isActive"", ""createdAt"", ""updatedAt""]","{""title"": ""الأوقاف في الضفة الغربية - الإدارة الأردنية"", ""content"": ""أدارت الأردن الأوقاف في الضفة الغربية من 1948 إلى 1967 وفق قانون الأوقاف الأردني رقم 23 لسنة 1964."", ""source"": ""تاريخ الأوقاف في الضفة الغربية"", ""category"": ""historical"", ""tags"": ""الإدارة الأردنية، الضفة الغربية، الأوقاف"", ""isActive"": ""1"", ""createdAt"": ""FROM_UNIXTIME(1767919573)"", ""updatedAt"": ""FROM_UNIXTIME(1767919573)""}",9130647d4aed68e0
scripts/batches/batch_04.sql,knowledge_documents,5,الأوقاف بعد 1967 - الاحتلال الإسرائيلي,"[""title"", ""content"", ""source"", ""category"", ""tags"", ""isActive"", ""createdAt"", ""updatedAt""]","{""title"": ""الأوقاف بعد 1967 - الاحتلال الإسرائيلي"", ""content"": ""استولت إسرائيل على العديد من الأوقاف في القدس والضفة الغربية بعد 1967، وفرضت قيوداً على إدارتها."", ""source"": ""الأوقاف تحت الاحتلال"", ""category"": ""historical"", ""tags"": ""الاحتلال، الاستيلاء، القدس"", ""isActive"": ""1"", ""createdAt"": ""FROM_UNIXTIME(1767919573)"", ""updatedAt"": ""FROM_UNIXTIME(1767919573)""}",365b053f12379060
scripts/batches/batch_04.sql,knowledge_documents,6,حارة المغاربة - الهدم,"[""title"", ""content"", ""source"", ""category"", ""tags"", ""isActive"", ""createdAt"", ""updatedAt""]","{""title"": ""حارة المغاربة - الهدم"", ""content"": ""هدمت إسرائيل حارة المغاربة الوقفية بالكامل عام 1967، وشردت سكانها لإنشاء ساحة البراق."", ""source"": ""تاريخ حارة المغاربة"", ""category"": ""historical"", ""tags"": ""حارة المغاربة، الهدم، الاحتلال"", ""isActive"": ""1"", ""createdAt"": ""FROM_UNIXTIME(1767919573)"", ""updatedAt"": ""FROM_UNIXTIME(1767919573)""}",958028d2b69ae72b
scripts/batches/batch_04.sql,knowledge_documents,7,وقف أبو مدين الغوث - القدس,"[""title"", ""content"", ""source"", ""category"", ""tags"", ""isActive"", ""createdAt"", ""updatedAt""]","{""title"": ""وقف أبو مدين الغوث - القدس"", ""content"": ""وقف أبو مدين الغوث من أقدم الأوقاف في القدس، ويشمل عقارات ومساجد ومدارس، وتعرض للاستيلاء الإسرائيلي."", ""source"": ""أوقاف القدس التاريخية"", ""category"": ""historical"", ""tags"": ""أبو مدين، الأوقاف، القدس"", ""isActive"": ""1"", ""createdAt"": ""FROM_UNIXTIME(1767919573)"", ""updatedAt"": ""FROM_UNIXTIME(1767919573)""}",176db880f1e75fc2
scripts/batches/batch_04.sql,knowledge_documents,8,الفقه المالكي - تعريف الوقف,"[""title"", ""content"", ""source"", ""category"", ""tags"", ""isActive"", ""createdAt"", ""updatedAt""]","{""title"": ""الفقه المالكي - تعريف الوقف"", ""content"": ""الوقف في المذهب المالكي هو جعل المنفعة للموقوف عليه ولو في المآل، مع بقاء العين على ملك الواقف أو على حكم ملكه."", ""source"": ""الفقه المالكي - كتاب الوقف"", ""category"": ""jurisprudence"", ""tags"": ""الفقه المالكي، تعريف الوقف، المنفعة"", ""isActive"": ""1"", ""createdAt"": ""FROM_UNIXTIME(1767919573)"", ""updatedAt"": ""FROM_UNIXTIME(1767919573)""}",58a96a7af41769b9
scripts/batches/batch_04.sql,knowledge_documents,9,الفقه الشافعي - تعريف الوقف,"[""title"", ""content"", ""source"", ""category"", ""tags"", ""isActive"", ""createdAt"", ""updatedAt""]","{""title"": ""الفقه الشافعي - تعريف الوقف"", ""content"": ""الوقف في المذهب الشافعي هو حبس مال يمكن الانتفاع به مع بقاء عينه، بقطع التصرف في رقبته على مصرف مباح موجود."", ""source"": ""الفقه الشافعي - كتاب الوقف"", ""category"": ""jurisprudence"", ""tags"": ""الفقه الشافعي، تعريف الوقف، حبس المال"", ""isActive"": ""1"", ""createdAt"": ""FROM_UNIXTIME(1767919573)"", ""updatedAt"": ""FROM_UNIXTIME(1767919573)""}",ec0db62a6031b625
scripts/batches/batch_04.sql,knowledge_documents,10,الفقه الحنبلي - تعريف الوقف,"[""title"", ""content"", ""source"", ""category"", ""tags"", ""isActive"", ""createdAt"", ""updatedAt""]","{""title"": ""الفقه الحنبلي - تعريف الوقف"", ""content"": ""الوقف في المذهب الحنبلي هو تحبيس الأصل وتسبيل المنفعة، فتحبس العين ويسبل نفعها في سبيل الخير."", ""source"": ""الفقه الحنبلي - كتاب الوقف"", ""category"": ""jurisprudence"", ""tags"": ""الفقه الحنبلي، تعريف الوقف، تحبيس الأصل"", ""isActive"": ""1"", ""createdAt"": ""FROM_UNIXTIME(1767919573)"", ""updatedAt"": ""FROM_UNIXTIME(1767919573)""}",4dec5f4c941a19e6
scripts/batches/batch_05.sql,knowledge_documents,1,شروط الموقوف - الفقه الإسلامي,"[""title"", ""content"", ""source"", ""category"", ""tags"", ""isActive"", ""createdAt"", ""updatedAt""]","{""title"": ""شروط الموقوف - الفقه الإسلامي"", ""content"": ""يشترط في الموقوف أن يكون مالاً متقوماً يمكن الانتفاع به مع بقاء عينه، كالعقار والحيوان والكتب."", ""source"": ""الفقه الإسلامي العام"", ""category"": ""jurisprudence"", ""tags"": ""شروط الموقوف، المال المتقوم، الانتفاع"", ""isActive"": ""1"", ""createdAt"": ""FROM_UNIXTIME(1767919573)"", ""updatedAt"": ""FROM_UNIXTIME(1767919573)""}",56c7ce138a4bcc8e
scripts/batches/batch_05.sql,knowledge_documents,2,الوقف على النفس - الخلاف الفقهي,"[""title"", ""content"", ""source"", ""category"", ""tags"", ""isActive"", ""createdAt"", ""updatedAt""]","{""title"": ""الوقف على النفس - الخلاف الفقهي"", ""content"": ""اختلف الفقهاء في جواز الوقف على النفس، فأجازه الحنفية والحنابلة، ومنعه المالكية والشافعية."", ""source"": ""الفقه المقارن - الوقف"", ""category"": ""jurisprudence"", ""tags"": ""الوقف على النفس، الخلاف الفقهي، المذاهب"", ""isActive"": ""1"", ""createdAt"": ""FROM_UNIXTIME(1767919573)"", ""updatedAt"": ""FROM_UNIXTIME(1767919573)""}",da47cd14e3128535
scripts/batches/batch_05.sql,knowledge_documents,3,نظارة الوقف - الشروط والأحكام,"[""title"", ""content"", ""source"", ""category"", ""tags"", ""isActive"", ""createdAt"", ""updatedAt""]","{""title"": ""نظارة الوقف - الشروط والأحكام"", ""content"": ""للواقف أن يشترط النظارة لنفسه أو لغيره، وللناظر أن يتقاضى أجرة على عمله بقدر المعروف إن لم يشترط الواقف."", ""source"": ""الفقه الإسلامي - أحكام الوقف"", ""category"": ""jurisprudence"", ""tags"": ""نظارة الوقف، الناظر، الأجرة"", ""isActive"": ""1"", ""createdAt"": ""FROM_UNIXTIME(1767919573)"", ""updatedAt"": ""FROM_UNIXTIME(1767919573)""}",9a1a88993b9c5e61
scripts/batches/batch_05.sql,knowledge_documents,4,شرط الواقف - الالتزام به,"[""title"", ""content"", ""source"", ""category"", ""tags"", ""isActive"", ""createdAt"", ""updatedAt""]","{""title"": ""شرط الواقف - الالتزام به"", ""content"": ""شرط الواقف كنص الشارع في اللزوم، فيجب الالتزام بشروط الواقف ما لم تخالف الشرع."", ""source"": ""القواعد الفقهية - الوقف"", ""category"": ""jurisprudence"", ""tags"": ""شرط الواقف، الالتزام، الشرع"", ""isActive"": ""1"", ""createdAt"": ""FROM_UNIXTIME(1767919573)"", ""updatedAt"": ""FROM_UNIXTIME(1767919573)""}",e3a19c84c86c4998
scripts/batches/batch_05.sql,knowledge_documents,5,الوقف المؤقت - حكمه,"[""title"", ""content"", ""source"", ""category"", ""tags"", ""isActive"", ""createdAt"", ""updatedAt""]","{""title"": ""الوقف المؤقت - حكمه"", ""content"": ""اختلف الفقهاء في جواز الوقف المؤقت، فأجازه المالكية ومنعه الجمهور، واشترطوا التأبيد في الوقف."", ""source"": ""الفقه المقارن - الوقف"", ""category"": ""jurisprudence"", ""tags"": ""الوقف المؤقت، التأبيد، الخلاف"", ""isActive"": ""1"", ""createdAt"": ""FROM_UNIXTIME(1767919573)"", ""updatedAt"": ""FROM_UNIXTIME(1767919573)""}",d195a9c02b35a000
scripts/batches/batch_05.sql,knowledge_documents,6,الوقف على غير المسلمين - الحكم,"[""title"", ""content"", ""source"", ""category"", ""tags"", ""isActive"", ""createdAt"", ""updatedAt""]","{""title"": ""الوقف على غير المسلمين - الحكم"", ""content"": ""يجوز الوقف على غير المسلمين في أمور البر كالفقراء والمرضى، ولا يجوز على الكنائس والبيع."", ""source"": ""الفقه الإسلامي - أحكام الوقف"", ""category"": ""jurisprudence"", ""tags"": ""الوقف على غير المسلمين، البر، الجواز"", ""isActive"": ""1"", ""createdAt"": ""FROM_UNIXTIME(1767919573)"", ""updatedAt"": ""FROM_UNIXTIME(1767919573)""}",7c496ed84b6885c7
scripts/batches/batch_05.sql,knowledge_documents,7,إحياء الوقف المتعطل - الأحكام,"[""title"", ""content"", ""source"", ""category"", ""tags"", ""isActive"", ""createdAt"", ""updatedAt""]","{""title"": ""إحياء الوقف المتعطل - الأحكام"", ""content"": ""إذا تعطل الوقف وخرب، فللناظر أو القاضي إحياؤه وتعميره من ريع الوقف أو من بيت المال إن لم يكن للوقف ريع."", ""source"": ""الفقه الإسلامي - إدارة الأوقاف"", ""category"": ""jurisprudence"", ""tags"": ""إحياء الوقف، التعمير، الناظر"", ""isActive"": ""1"", ""createdAt"": ""FROM_UNIXTIME(1767919573)"", ""updatedAt"": ""FROM_UNIXTIME(1767919573)""}",2af839be3e16ec9a
scripts/batches/batch_05.sql,knowledge_documents,8,الوقف الأهلي - التعريف والأحكام,"[""title"", ""content"", ""source"", ""category"", ""tags"", ""isActive"", ""createdAt"", ""updatedAt""]","{""title"": ""الوقف الأهلي - التعريف والأحكام"", ""content"": ""الوقف الأهلي هو ما وقف على الذرية والأقارب ثم على جهة بر، وله أحكام خاصة في الإدارة والتوزيع."", ""source"": ""الفقه الإسلامي - أنواع الوقف"", ""category"": ""jurisprudence"", ""tags"": ""الوقف الأهلي، الذرية، الأقارب"", ""isActive"": ""1"", ""createdAt"": ""FROM_UNIXTIME(1767919573)"", ""updatedAt"": ""FROM_UNIXTIME(1767919573)""}",27da0c21d746fdac
scripts/batches/batch_05.sql,knowledge_documents,9,الوقف المشترك - الأحكام,"[""title"", ""content"", ""source"", ""category"", ""tags"", ""isActive"", ""createdAt"", ""updatedAt""]","{""title"": ""الوقف المشترك - الأحكام"", ""content"": ""يجوز أن يشترك أكثر من واحد في وقف عين واحدة، ولكل منهم نصيبه في الثواب والأجر."", ""source"": ""الفقه الإسلامي - أحكام الوقف"", ""category"": ""jurisprudence"", ""tags"": ""الوقف المشترك، الاشتراك، النصيب"", ""isActive"": ""1"", ""createdAt"": ""FROM_UNIXTIME(1767919573)"", ""updatedAt"": ""FROM_UNIXTIME(1767919573)""}",3c4ce9ece97451ba
scripts/batches/batch_05.sql,knowledge_documents,10,الوقف على المساجد - الفضل والأحكام,"[""title"", ""content"", ""source"", ""category"", ""tags"", ""isActive"", ""createdAt"", ""updatedAt""]","{""title"": ""الوقف على المساجد - الفضل والأحكام"", ""content"": ""الوقف على المساجد من أفضل أنواع الوقف، ويشمل بناء المساجد والإنفاق على صيانتها وخدمتها."", ""source"": ""الفقه الإسلامي - فضائل الوقف"", ""category"": ""jurisprudence"", ""tags"": ""الوقف على المساجد، الفضل، البناء"", ""isActive"": ""1"", ""createdAt"": ""FROM_UNIXTIME(1767919573)"", ""updatedAt"": ""FROM_UNIXTIME(1767919573)""}",8b4392dea0b09fce
scripts/batches/batch_06.sql,knowledge_documents,1,قانون الأوقاف والشؤون الدينية رقم (26) لسنة 1966م وتعديلاته,"[""title"", ""content"", ""source"", ""category"", ""tags"", ""isActive"", ""createdAt"", ""updatedAt""]","{""title"": ""قانون الأوقاف والشؤون الدينية رقم (26) لسنة 1966م وتعديلاته"", ""content"": ""قانون الأوقاف والشؤون الدينية رقم (26) لسنة 1966م هو القانون الأساسي الذي ينظم شؤون الأوقاف في فلسطين. صدر في عهد المملكة الأردنية الهاشمية ولا يزال ساري المفعول مع تعديلات حتى عام 2023.\n\nأهم التعريفات:\n- الأوقاف والشؤون الدينية: الأموال المنقولة أو غير المنقولة الموقوفة على جهة بر لا تنقطع ابتداء أو انتهاء، والمساجد وملحقاتها والمقامات ودور التكايا والزوايا والمقابر الإسلامية.\n\nأهداف الوزارة:\n1. المحافظة على المساجد وأموال الأوقاف وصيانتها وتنميتها وإدارة شؤونها\n2. العناية بتطوير المسجد ليؤدي رسالته في مجالات التربية الإسلامية\n3. إذكاء روح التضحية والجهاد والثبات في الأمة\n4. تنمية الأخلاق الإسلامية وتمكينها في حياة المسلمين\n5. دعم النشاط الإسلامي العام والتعليم الديني\n6. نشر الثقافة الإسلامية والمحافظة على التراث الإسلامي\n\nالشخصية القانونية: للوزارة شخصية معنوية واستقلال مالي وإداري."", ""source"": ""https://mjr.ogb.gov.ps/MergedLegislations/ViewText/165/"", ""category"": ""law"", ""tags"": ""قانون الأوقاف، فلسطين، الأردن، الشؤون الدينية، المساجد، الوقف الخيري، التشريعات الإسلامية، وزارة الأوقاف"", ""isActive"": ""1"", ""createdAt"": ""FROM_UNIXTIME(1767919573)"", ""updatedAt"": ""FROM_UNIXTIME(1767919573)""}",a882a484191f7fb0
scripts/batches/batch_06.sql,knowledge_documents,2,قانون الأراضي العثماني 1858,"[""title"", ""content"", ""source"", ""category"", ""tags"", ""isActive"", ""createdAt"", ""updatedAt""]","{""title"": ""قانون الأراضي العثماني 1858"", ""content"": ""قانون الأراضي العثماني الصادر عام 1858 (1274 هجري) هو القانون الأساسي الذي ينظم ملكية الأراضي في فلسطين. لا يزال ساري النفاذ في الضفة الغربية وغزة.\n\nتقسيم الأراضي (المادة 1):\n1. الأراضي المملوكة: المحلات الحاصل التصرف بها على وجه الملكية\n2. الأراضي الأميرية: الأراضي التابعة لبيت المال\n3. الأراضي الموقوفة: الأراضي الموقوفة وفقاً للشرع\n4. الأراضي المتروكة: المخصصة لعموم الناس أو أهالي القرى\n5. الأراضي الموات: الأراضي الخالية البعيدة عن العمران\n\nالأراضي الموقوفة (المادة 4):\nالقسم الأول: الأراضي التي كانت من الأراضي المملوكة صحيحاً وأوقفت وفقاً للشرع الشريف. رقبتها وجميع حقوق التصرف بها عائدة إلى جانب الوقف.\n\nالقسم الثاني: الأراضي المفرزة من الأراضي الأميرية التي أوقفها السلاطين أو آخرون بالإذن السلطاني. وقفيتها عبارة عن تخصيص منافعها لجهة ما، ورقبتها تعود إلى بيت المال.\n\nالطابو: هو الرسم الذي يعطى في مقابلة حق التصرف في الأراضي الأميرية."", ""source"": ""https://maqam.najah.edu/legislation/169/"", ""category"": ""law"", ""tags"": ""قانون الأراضي العثماني، الأراضي الموقوفة، الطابو، الأراضي الأميرية، فلسطين، التشريعات العثمانية، الملكية العقارية"", ""isActive"": ""1"", ""createdAt"": ""FROM_UNIXTIME(1767919573)"", ""updatedAt"": ""FROM_UNIXTIME(1767919573)""}",aea6d755eb2dc821
scripts/batches/batch_06.sql,knowledge_documents,3,مجلة الأحكام العدلية - كتاب الوقف,"[""title"", ""content"", ""source"", ""category"", ""tags"", ""isActive"", ""createdAt"", ""updatedAt""]","{""title"": ""مجلة الأحكام العدلية - كتاب الوقف"", ""content"": ""مجلة الأحكام العدلية هي القانون المدني العثماني المستمد من الفقه الحنفي، صدرت عام 1876م (1293 هـ). تحتوي على أحكام الوقف المستمدة من المذهب الحنفي.\n\nتعريف العقار (المادة 1270): ما لا يمكن نقله من محل إلى آخر؛ كالدور والأراضي.\n\nالولاية على الوقف (المادة 974): الولاية الخاصة أقوى من الولاية العامة، فولاية المتولي على الوقف أولى من ولاية القاضي عليه.\n\nأحكام الوقف:\n- الوقف يجوز على جهة بر لا تنقطع\n- العقار يجوز وقفه بالإجماع\n- المنقول يجوز وقفه عند أبي يوسف ومحمد خلافاً لأبي حنيفة\n- من شرط الموقوف التأبيد، والعقار مؤبد"", ""source"": ""https://dorar.net/feqhia/6119/"", ""category"": ""law"", ""tags"": ""مجلة الأحكام العدلية، الفقه الحنفي، الوقف، العقار، المتولي، الولاية، القانون العثماني"", ""isActive"": ""1"", ""createdAt"": ""FROM_UNIXTIME(1767919573)"", ""updatedAt"": ""FROM_UNIXTIME(1767919573)""}",558ae42db3ab51bd
scripts/batches/batch_06.sql,knowledge_documents,4,المبسوط للسرخسي - كتاب الوقف,"[""title"", ""content"", ""source"", ""category"", ""tags"", ""isActive"", ""createdAt"", ""updatedAt""]","{""title"": ""المبسوط للسرخسي - كتاب الوقف"", ""content"": ""المبسوط هو أحد أهم كتب الفقه الحنفي، ألفه محمد بن أحمد بن أبي سهل شمس الأئمة السرخسي (ت 483 هـ).\n\nتعريف الوقف: لغة: الحبس. وشرعاً: حبس المملوك عن التصرف فيه وتسبيل منفعته.\n\nاختلاف الأئمة في ملكية الوقف:\n- أبو حنيفة: الوقف لا يزيل الملك عن الواقف، ويبقى على ملكه، لكن يمتنع عن التصرف فيه.\n- أبو يوسف ومحمد: الوقف يزيل الملك، ويحبس العين عن الدخول في ملك غيره، وتصير ملكاً لله تعالى.\n\nشروط صحة الوقف:\n1. أن يكون على جهة بر لا تنقطع\n2. أن يكون المال مما يمكن الانتفاع به مع بقاء عينه\n3. أن يكون الواقف أهلاً للتبرع\n4. أن يكون الوقف منجزاً غير معلق\n\nأحكام المسجد: إذا بنى على منزله مسجداً وسكن أسفله أو جعله سرداباً ثم مات، فهو ميراث وليس مسجداً. المسجد ما يحرز أصله عن ملك العباد."", ""source"": ""https://shamela.ws/book/5423/2508"", ""category"": ""jurisprudence"", ""tags"": ""المبسوط، السرخسي، الفقه الحنفي، الوقف، أبو حنيفة، أبو يوسف، محمد، ملكية الوقف، شروط الوقف"", ""isActive"": ""1"", ""createdAt"": ""FROM_UNIXTIME(1767919573)"", ""updatedAt"": ""FROM_UNIXTIME(1767919573)""}",edb99bf89ccb5c0b
scripts/batches/batch_06.sql,knowledge_documents,5,فتح القدير لابن الهمام - كتاب الوقف,"[""title"", ""content"", ""source"", ""category"", ""tags"", ""isActive"", ""createdAt"", ""updatedAt""]","{""title"": ""فتح القدير لابن الهمام - كتاب الوقف"", ""content"": ""فتح القدير هو شرح على الهداية، ألفه محمد بن عبد الواحد السيواسي المعروف بابن الهمام الحنفي (ت 861 هـ).\n\nالوقف في مرض الموت:\n- أبو حنيفة: يعتبر من الثلث لأنه تبرع\n- أبو يوسف ومحمد: يعتبر من رأس المال لأنه ليس تمليكاً\n\nخروج الوقف عن الملك: ليس من مقتضيات لفظ \""وقفت داري\"" أو \""حبستها\"" خروجها عن الملك، فيصدق مع كل منهما (البقاء في الملك أو الخروج منه)، فالترجيح بالدليل.\n\nالوقف على الذرية:\n- يجوز الوقف على الذرية والأولاد\n- يجوز الوقف على من سيولد في المستقبل القريب"", ""source"": ""https://shamela.ws/book/21744/2777"", ""category"": ""jurisprudence"", ""tags"": ""فتح القدير، ابن الهمام، الفقه الحنفي، الوقف، مرض الموت، الوقف على الذرية، خروج الوقف عن الملك"", ""isActive"": ""1"", ""createdAt"": ""FROM_UNIXTIME(1767919573)"", ""updatedAt"": ""FROM_UNIXTIME(1767919573)""}",1ec679c2ed12d337
scripts/batches/batch_06.sql,knowledge_documents,6,فتاوى الوقف - سليمان الجاسر,"[""title"", ""content"", ""source"", ""category"", ""tags"", ""isActive"", ""createdAt"", ""updatedAt""]","{""title"": ""فتاوى الوقف - سليمان الجاسر"", ""content"": ""كتاب فتاوى الوقف من تأليف سليمان بن جاسر الجاسر، نشره مركز واقف - مدار الوطن للنشر، الطبعة السادسة 1436 هـ.\n\nموضوعات الكتاب:\n- أحكام الوقف المعاصرة\n- فتاوى متعلقة بإدارة الأوقاف\n- أحكام استبدال الوقف\n- أحكام ناظر الوقف\n- أحكام الوقف الذري والوقف الخيري\n\nيتناول الكتاب المسائل الفقهية المعاصرة المتعلقة بالوقف، ويجيب على الأسئلة الشائعة حول إدارة الأوقاف واستثمارها."", ""source"": ""https://khair.ws/library/7239/"", ""category"": ""jurisprudence"", ""tags"": ""فتاوى الوقف، سليمان الجاسر، أحكام معاصرة، استبدال الوقف، ناظر الوقف، الوقف الذري، الوقف الخيري"", ""isActive"": ""1"", ""createdAt"": ""FROM_UNIXTIME(1767919573)"", ""updatedAt"": ""FROM_UNIXTIME(1767919573)""}",4131b1ff53abae52
scripts/batches/batch_06.sql,knowledge_documents,7,مجموع فتاوى ابن تيمية - كتاب الوقف,"[""title"", ""content"", ""source"", ""category"", ""tags"", ""isActive"", ""createdAt"", ""updatedAt""]","{""title"": ""مجموع فتاوى ابن تيمية - كتاب الوقف"", ""content"": ""مجموع فتاوى شيخ الإسلام أحمد بن عبد الحليم بن تيمية (ت 728 هـ)، يحتوي على فتاوى متعلقة بالوقف من المذهب الحنبلي.\n\nاستبدال الوقف:\n- يجوز استبدال الوقف بخير منه إذا كان ذلك أنفع للموقوف عليهم\n- مثال: إذا وقف داراً أو حانوتاً أو بستاناً أو قرية يكون مغلها قليلاً، فيبدلها بما هو أكثر غلة\n\nالوقف على جهة مباحة:\n- الوقف على الأغنياء جائز\n- الوقف على المدارس والمساجد من أفضل الأوقاف\n\nشروط الواقف:\n- يجب العمل بشرط الواقف ما لم يخالف الشرع\n- إذا شرط الواقف ألا ينزل في المدرسة إلا من لم يكن له وظيفة، وجب العمل بشرطه"", ""source"": ""https://www.islamweb.net/ar/library/content/22/4743/"", ""category"": ""jurisprudence"", ""tags"": ""ابن تيمية، فتاوى، الفقه الحنبلي، استبدال الوقف، شروط الواقف، الوقف على المساجد، الوقف على المدارس"", ""isActive"": ""1"", ""createdAt"": ""FROM_UNIXTIME(1767919573)"", ""updatedAt"": ""FROM_UNIXTIME(1767919573)""}",2df6fb0f35362544
scripts/batches/batch_06.sql,knowledge_documents,8,تعليمات لجان رعاية المساجد رقم (2) لسنة 2023م,"[""title"", ""content"", ""source"", ""category"", ""tags"", ""isActive"", ""createdAt"", ""updatedAt""]","{""title"": ""تعليمات لجان رعاية المساجد رقم (2) لسنة 2023م"", ""content"": ""تعليمات صادرة عن وزارة الأوقاف والشؤون الدينية الفلسطينية لتنظيم عمل لجان رعاية المساجد.\n\nأهداف التعليمات:\n1. المحافظة على المساجد وقدسيتها ونظافتها\n2. إحياء صلاة الجماعة\n3. تحقيق مبدأ تكافؤ الفرص في منح الإكرامية\n4. حماية المساجد من التعديات\n\nنطاق التطبيق:\n- جميع المساجد في فلسطين\n- لجان رعاية المساجد\n- الأئمة والمؤذنون"", ""source"": ""http://muqtafi.birzeit.edu/pg/getleg.asp?id=18827"", ""category"": ""administrative"", ""tags"": ""تعليمات، لجان رعاية المساجد، وزارة الأوقاف، فلسطين، المساجد، الأئمة، المؤذنون"", ""isActive"": ""1"", ""createdAt"": ""FROM_UNIXTIME(1767919573)"", ""updatedAt"": ""FROM_UNIXTIME(1767919573)""}",8b7983ad06d5475d
scripts/batches/batch_06.sql,knowledge_documents,9,قرار بقانون رقم (2) لسنة 2023م بشأن تعديل قانون الأوقاف,"[""title"", ""content"", ""source"", ""category"", ""tags"", ""isActive"", ""createdAt"", ""updatedAt""]","{""title"": ""قرار بقانون رقم (2) لسنة 2023م بشأن تعديل قانون الأوقاف"", ""content"": ""قرار بقانون صادر عن السلطة الوطنية الفلسطينية لتعديل قانون الأوقاف والشؤون والمقدسات الإسلامية رقم (26) لسنة 1966م.\n\nالمادة (6) مكرر - المضافة:\n1. تتولى الوزارة جباية الرسوم والأحكار والأعشار الخاصة بالأوقاف الإسلامية\n2. تستوفي الوزارة جميع المستحقات المالية المتعلقة بالأوقاف\n3. تدير الوزارة أموال الأوقاف وفقاً للأحكام الشرعية والقانونية\n\nالهدف: تعزيز صلاحيات وزارة الأوقاف في إدارة الأموال الوقفية وجباية الرسوم."", ""source"": ""http://muqtafi.birzeit.edu/pg/getleg.asp?id=18715"", ""category"": ""administrative"", ""tags"": ""قرار بقانون، تعديل قانون الأوقاف، 2023، جباية الرسوم، الأحكار، الأعشار، وزارة الأوقاف"", ""isActive"": ""1"", ""createdAt"": ""FROM_UNIXTIME(1767919573)"", ""updatedAt"": ""FROM_UNIXTIME(1767919573)""}",74a3274b7d021430
scripts/batches/batch_06.sql,knowledge_documents,10,مهام وزارة الأوقاف والشؤون الدينية الفلسطينية,"[""title"", ""content"", ""source"", ""category"", ""tags"", ""isActive"", ""createdAt"", ""updatedAt""]","{""title"": ""مهام وزارة الأوقاف والشؤون الدينية الفلسطينية"", ""content"": ""وزارة الأوقاف والشؤون الدينية هي الجهة الحكومية المسؤولة عن إدارة الأوقاف والشؤون الدينية في فلسطين.\n\nالمهام الأساسية:\n1. رعاية الأركان الخمس (الشهادتان، الصلاة، الزكاة، الصوم، الحج)\n2. رعاية الشؤون الدينية والحفاظ على وسطية المنهج\n3. الحفاظ على أملاك الوقف وتنميتها واستثمارها\n4. حفظ الموروث الديني والثقافي والارتقاء بالتعليم الشرعي\n\nالبرامج الرئيسية:\n- برنامج الأركان الخمسة\n- برنامج إدارة الأملاك الوقفية\n- برنامج التعليم الشرعي والمهني والتراث\n- البرنامج الإداري"", ""source"": ""https://www.palestinecabinet.gov.ps/portal/OrgStructure/Details/20"", ""category"": ""administrative"", ""tags"": ""وزارة الأوقاف، فلسطين، الشؤون الدينية، الأركان الخمسة، الأملاك الوقفية، التعليم الشرعي"", ""isActive"": ""1"", ""createdAt"": ""FROM_UNIXTIME(1767919573)"", ""updatedAt"": ""FROM_UNIXTIME(1767919573)""}",32f5a92937ef16aa
scripts/batches/batch_07.sql,knowledge_documents,1,نظام الوقف الذري في فلسطين,"[""title"", ""content"", ""source"", ""category"", ""tags"", ""isActive"", ""createdAt"", ""updatedAt""]","{""title"": ""نظام الوقف الذري في فلسطين"", ""content"": ""الوقف الذري هو نظام شرعي وقانوني يجعل العقار مالاً موقوفاً، ويُكتَب في صكّ الوقف من يحق لهم الاستفادة من ريعه من أبناء المالك وذريته، وبأيّ شروط.\n\nخصائص الوقف الذري:\n1. الاستمرارية: ينتقل من جيل إلى جيل\n2. الحماية: لا يُباع ولا يُورث\n3. التوزيع: يُوزع ريعه على الذرية حسب شرط الواقف\n4. التسجيل: يُسجل في دائرة الأوقاف بصك رسمي\n\nالإحصائيات في القدس:\n- نسبة الوقف الخيري إلى الذري: ما بين (2:1) أو (4:3)\n- عدد الحجج المقدر: لا يقل عن 1200-1600 حجة وقف"", ""source"": ""https://www.facebook.com/palestinian.vision/posts/1294708359357491/"", ""category"": ""administrative"", ""tags"": ""الوقف الذري، فلسطين، القدس، الذرية، صك الوقف، الحماية القانونية، الاستمرارية"", ""isActive"": ""1"", ""createdAt"": ""FROM_UNIXTIME(1767919573)"", ""updatedAt"": ""FROM_UNIXTIME(1767919573)""}",49d2d2b6f5c9cca7
scripts/batches/batch_07.sql,knowledge_documents,2,تاريخ إدارة الأوقاف في فلسطين,"[""title"", ""content"", ""source"", ""category"", ""tags"", ""isActive"", ""createdAt"", ""updatedAt""]","{""title"": ""تاريخ إدارة الأوقاف في فلسطين"", ""content"": ""مرت إدارة الأوقاف في فلسطين بعدة مراحل تاريخية:\n\n1. عهد الانتداب البريطاني (1921-1948):\n- إدارة الأوقاف من قبل المجلس الإسلامي الأعلى\n- نظام المجلس الصادر سنة 1921م\n\n2. بعد النكبة (1948-1967):\n- إدارة الأوقاف في الضفة الغربية من قبل الأردن\n- إدارة الأوقاف في غزة من قبل مصر\n\n3. بعد الاحتلال (1967-1994):\n- محاولات إسرائيلية للسيطرة على الأوقاف\n- مقاومة فلسطينية للحفاظ على الأوقاف\n\n4. السلطة الوطنية الفلسطينية (1994-الآن):\n- إنشاء وزارة الأوقاف والشؤون الدينية\n- إصدار قوانين وتعليمات جديدة"", ""source"": ""https://www.tawaf.ps/"", ""category"": ""historical"", ""tags"": ""تاريخ الأوقاف، فلسطين، المجلس الإسلامي الأعلى، الانتداب البريطاني، السلطة الوطنية، وزارة الأوقاف"", ""isActive"": ""1"", ""createdAt"": ""FROM_UNIXTIME(1767919573)"", ""updatedAt"": ""FROM_UNIXTIME(1767919573)""}",b93ef629b1b28853
scripts/batches/batch_07.sql,knowledge_documents,3,الوقف على المسجد الأقصى,"[""title"", ""content"", ""source"", ""category"", ""tags"", ""isActive"", ""createdAt"", ""updatedAt""]","{""title"": ""الوقف على المسجد الأقصى"", ""content"": ""يعود أول وقف على المسجد الأقصى إلى عهد الصحابة، فقد بُني المسجد الأقصى بناءً بسيطاً من الخشب في عهد عمر بن الخطاب عقب زيارته للقدس بعد الفتح الإسلامي.\n\nأهم الأوقاف التاريخية:\n1. وقف عمر بن الخطاب: أول وقف على المسجد الأقصى\n2. أوقاف صلاح الدين الأيوبي: بعد تحرير القدس عام 1187م\n3. أوقاف المماليك: في القرنين 13-15 الميلادي\n4. أوقاف العثمانيين: من القرن 16 حتى القرن 20\n\nالأهمية: الوقف على المسجد الأقصى من أقدس الأوقاف الإسلامية، ويشمل المسجد نفسه والعقارات المحيطة به."", ""source"": ""https://ar.wikipedia.org/wiki/الوقف_على_المسجد_الأقصى"", ""category"": ""historical"", ""tags"": ""المسجد الأقصى، القدس، عمر بن الخطاب، صلاح الدين الأيوبي، الأوقاف التاريخية، الفتح الإسلامي"", ""isActive"": ""1"", ""createdAt"": ""FROM_UNIXTIME(1767919573)"", ""updatedAt"": ""FROM_UNIXTIME(1767919573)""}",f9619c2e7df0c65e
scripts/batches/batch_07.sql,knowledge_documents,4,حجة وقف مصطفى آغا (1821م),"[""title"", ""content"", ""source"", ""category"", ""tags"", ""isActive"", ""createdAt"", ""updatedAt""]","{""title"": ""حجة وقف مصطفى آغا (1821م)"", ""content"": ""نسخة طبق الأصل من حجة وقف، مخرجة عن سجلات المحكمة الشرعية في القدس، ومؤرخة في عام 1236 هجري الموافق 1821 ميلادي.\n\nمعلومات الحجة:\n- الواقف: مصطفى آغا\n- التاريخ: 1236 هـ / 1821 م\n- المصدر: سجلات المحكمة الشرعية في القدس\n- النوع: نسخة طبق الأصل\n\nالأهمية:\n- نموذج للحجج الوقفية العثمانية\n- توثيق تاريخي للأوقاف في القدس\n- مصدر قانوني للملكية الوقفية\n\nتعتبر هذه الحجة من الوثائق التاريخية المهمة التي توثق الأوقاف في القدس خلال العصر العثماني."", ""source"": ""https://www.palarchive.org/index.php/Detail/objects/291104/"", ""category"": ""historical"", ""tags"": ""حجة وقف، مصطفى آغا، القدس، 1821، المحكمة الشرعية، العصر العثماني، وثائق تاريخية"", ""isActive"": ""1"", ""createdAt"": ""FROM_UNIXTIME(1767919573)"", ""updatedAt"": ""FROM_UNIXTIME(1767919573)""}",66a3570e11185b80
scripts/batches/batch_07.sql,knowledge_documents,5,الحجج الوقفية في سجلات محكمة القدس الشرعية (القرن 11 هـ),"[""title"", ""content"", ""source"", ""category"", ""tags"", ""isActive"", ""createdAt"", ""updatedAt""]","{""title"": ""الحجج الوقفية في سجلات محكمة القدس الشرعية (القرن 11 هـ)"", ""content"": ""دراسة فقهية مقاصدية للحجج الوقفية التي تضمنت إنشاء الوقف في سجلات محكمة القدس الشرعية في القرن الحادي عشر الهجري (17 الميلادي).\n\nأهم النتائج:\n1. تنوع الأوقاف: أوقاف خيرية وذرية ومشتركة\n2. الشروط: تنوع شروط الواقفين\n3. الإدارة: أنظمة إدارة الأوقاف في العصر العثماني\n4. التوثيق: أهمية التوثيق الشرعي للأوقاف\n\nالباحث: رياض منير أمين خويص (2022)\n\nالأهمية: توفر هذه الدراسة نظرة شاملة على أنواع الأوقاف وشروطها وإدارتها في القدس خلال القرن 17 الميلادي."", ""source"": ""https://dspace.alquds.edu/items/ab359e3f-ea7c-4992-a657-d96d28fc9907"", ""category"": ""historical"", ""tags"": ""الحجج الوقفية، القدس، القرن 11 هجري، المحكمة الشرعية، العصر العثماني، دراسة فقهية، رياض خويص"", ""isActive"": ""1"", ""createdAt"": ""FROM_UNIXTIME(1767919573)"", ""updatedAt"": ""FROM_UNIXTIME(1767919573)""}",e1d41aa0e53f0a6c
scripts/batches/batch_07.sql,knowledge_documents,6,أرشيفات القدس الإسلامية - مصادر لمسألة الوقف,"[""title"", ""content"", ""source"", ""category"", ""tags"", ""isActive"", ""createdAt"", ""updatedAt""]","{""title"": ""أرشيفات القدس الإسلامية - مصادر لمسألة الوقف"", ""content"": ""أرشيفات القدس الإسلامية تحتوي على مصادر أولية حيوية لدراسة الأوقاف في القدس العثمانية.\n\nأهم المصادر:\n1. سجلات المحاكم الشرعية: تحتوي على آلاف الحجج الوقفية\n2. الوثائق العثمانية: سجلات الطابو والدفاتر العثمانية\n3. وثائق المجلس الإسلامي الأعلى: من عهد الانتداب البريطاني\n4. أرشيف وزارة الأوقاف: الوثائق المعاصرة\n\nالأهمية:\n- التوثيق التاريخي: إثبات ملكية الأوقاف\n- الدراسات الأكاديمية: مصدر للباحثين\n- الحماية القانونية: إثبات الحقوق الوقفية\n\nهذه الأرشيفات تشكل مرجعاً أساسياً لأي دراسة تتعلق بالأوقاف في القدس وفلسطين."", ""source"": ""https://www.palestine-studies.org/sites/default/files/hq-articles/9893.pdf"", ""category"": ""historical"", ""tags"": ""أرشيفات القدس، سجلات المحاكم الشرعية، الوثائق العثمانية، المجلس الإسلامي الأعلى، التوثيق التاريخي"", ""isActive"": ""1"", ""createdAt"": ""FROM_UNIXTIME(1767919573)"", ""updatedAt"": ""FROM_UNIXTIME(1767919573)""}",bd2b95c6569c304c
scripts/batches/batch_07.sql,knowledge_documents,7,أقدم وقف موثق في العالم (القرن 9 الميلادي),"[""title"", ""content"", ""source"", ""category"", ""tags"", ""isActive"", ""createdAt"", ""updatedAt""]","{""title"": ""أقدم وقف موثق في العالم (القرن 9 الميلادي)"", ""content"": ""اكتشاف أثري لنقش على حجر جيري يتضمن وقف قريتين زراعيتين في فلسطين في القرن التاسع الميلادي، مع حيوانات عالية الجودة.\n\nتفاصيل الاكتشاف:\n- المادة: نقش على حجر جيري ناعم\n- المحتوى: وقف قريتين زراعيتين\n- الفترة: القرن التاسع الميلادي\n- المكان: فلسطين\n\nالأهمية:\n- أقدم وقف موثق: من أقدم الأوقاف المكتشفة في العالم\n- التوثيق: نقش على حجر جيري\n- المحتوى: تفاصيل دقيقة عن الوقف\n\nهذا الاكتشاف يؤكد أن نظام الوقف كان راسخاً في فلسطين منذ القرون الأولى للإسلام."", ""source"": ""https://www.haaretz.com/archaeology/2021-12-06/"", ""category"": ""historical"", ""tags"": ""أقدم وقف، القرن التاسع الميلادي، فلسطين، نقش، حجر جيري، اكتشاف أثري، قريتين زراعيتين"", ""isActive"": ""1"", ""createdAt"": ""FROM_UNIXTIME(1767919573)"", ""updatedAt"": ""FROM_UNIXTIME(1767919573)""}",8f01b16bfd8f19ed
scripts/batches/batch_07.sql,knowledge_documents,8,إدارة الأوقاف في عهد الانتداب البريطاني,"[""title"", ""content"", ""source"", ""category"", ""tags"", ""isActive"", ""createdAt"", ""updatedAt""]","{""title"": ""إدارة الأوقاف في عهد الانتداب البريطاني"", ""content"": ""في عهد الانتداب البريطاني على فلسطين، كانت الأوقاف الإسلامية تدار من قبل المجلس الإسلامي الأعلى.\n\nالنظام الإداري:\n- المجلس الإسلامي الأعلى: أدار الأوقاف الإسلامية\n- الكنائس المسيحية: أدارت الأوقاف المسيحية\n- السنة: 1937\n\nالتحديات:\n1. السيطرة البريطانية: محاولات السيطرة على الأوقاف\n2. المصادرة: مصادرة بعض الأراضي الوقفية\n3. التوثيق: صعوبات في تسجيل الأوقاف\n\nالأهمية: هذه الفترة شهدت محاولات لتنظيم الأوقاف وفق النظام القانوني البريطاني، مع الحفاظ على الطابع الإسلامي للإدارة."", ""source"": ""https://badil.org/publications/al-majdal/issues/items/409.html"", ""category"": ""historical"", ""tags"": ""الانتداب البريطاني، المجلس الإسلامي الأعلى، فلسطين، 1937، إدارة الأوقاف، التحديات"", ""isActive"": ""1"", ""createdAt"": ""FROM_UNIXTIME(1767919573)"", ""updatedAt"": ""FROM_UNIXTIME(1767919573)""}",fa9eb172f75e745b
scripts/batches/batch_07.sql,knowledge_documents,9,الإشراف المعاصر على العقارات الوقفية,"[""title"", ""content"", ""source"", ""category"", ""tags"", ""isActive"", ""createdAt"", ""updatedAt""]","{""title"": ""الإشراف المعاصر على العقارات الوقفية"", ""content"": ""تتولى الإدارة العامة للأملاك الوقفية في وزارة الأوقاف والشؤون الدينية الفلسطينية الإشراف على العقارات الوقفية.\n\nالإجراءات الحالية:\n1. تلقي الطلبات: طلبات استئجار الأملاك الوقفية\n2. الأراضي والعقارات: جميع أنواع الأملاك الوقفية\n3. المواطنون والمؤسسات: يمكنهم التقدم بطلبات\n\nالجهة المسؤولة: الإدارة العامة للأملاك الوقفية - وزارة الأوقاف والشؤون الدينية\n\nالهدف: تنظيم استثمار الأملاك الوقفية وضمان استفادة المستحقين منها وفق الأحكام الشرعية والقانونية."", ""source"": ""https://www.palestinecabinet.gov.ps/portal/GovService/Details/129"", ""category"": ""administrative"", ""tags"": ""الإشراف على العقارات، الأملاك الوقفية، وزارة الأوقاف، فلسطين، استئجار، الإدارة العامة"", ""isActive"": ""1"", ""createdAt"": ""FROM_UNIXTIME(1767919573)"", ""updatedAt"": ""FROM_UNIXTIME(1767919573)""}",30ba567dcb7db1fc
.manus/db/db-query-1765143284155.json,knowledge_documents,1,قانون الأوقاف والشؤون والمقدسات الإسلامية رقم (26) لسنة 1966,"[""title"", ""content"", ""category"", ""source"", ""tags"", ""isActive"", ""createdBy"", ""createdAt"", ""updatedAt""]","{""title"": ""قانون الأوقاف والشؤون والمقدسات الإسلامية رقم (26) لسنة 1966"", ""content"": ""العمود الفقري لأحكام الأوقاف في المحافظات الشمالية\n\nالنوع: قانون\nالسنة: 1966\nالمصدر: الجريدة الرسمية الفلسطينية"", ""category"": ""law"", ""source"": ""الجريدة الرسمية الفلسطينية"", ""tags"": ""[\""قانون\"", \""سنة 1966\"", \""تشريعات فلسطينية\""]"", ""isActive"": ""1"", ""createdBy"": ""1"", ""createdAt"": ""NOW()"", ""updatedAt"": ""NOW()""}",8f6906582322d9ab
.manus/db/db-query-1765143284155.json,knowledge_documents,2,قرار بقانون رقم (2) لسنة 2023 بشأن تعديل قانون الأوقاف,"[""title"", ""content"", ""category"", ""source"", ""tags"", ""isActive"", ""createdBy"", ""createdAt"", ""updatedAt""]","{""title"": ""قرار بقانون رقم (2) لسنة 2023 بشأن تعديل قانون الأوقاف"", ""content"": ""تعديلات على قانون الأوقاف تتعلق بجباية الرسوم والأحكار وحجية الحجج الوقفية\n\nالنوع: قرار بقانون\nالسنة: 2023\nالمصدر: الجريدة الرسمية الفلسطينية"", ""category"": ""law"", ""source"": ""الجريدة الرسمية الفلسطينية"", ""tags"": ""[\""قرار بقانون\"", \""سنة 2023\"", \""تشريعات فلسطينية\""]"", ""isActive"": ""1"", ""createdBy"": ""1"", ""createdAt"": ""NOW()"", ""updatedAt"": ""NOW()""}",fb2a885011677a98
.manus/db/db-query-1765143284155.json,knowledge_documents,3,قانون المالكين والمستأجرين للعقارات الوقفية رقم (5) لسنة 1964,"[""title"", ""content"", ""category"", ""source"", ""tags"", ""isActive"", ""createdBy"", ""createdAt"", ""updatedAt""]","{""title"": ""قانون المالكين والمستأجرين للعقارات الوقفية رقم (5) لسنة 1964"", ""content"": ""قانون أردني لا يزال مرجعاً للمباني المؤجرة على أعيان وقف في الضفة\n\nالنوع: قانون\nالسنة: 1964\nالمصدر: pacc.ps"", ""category"": ""law"", ""source"": ""pacc.ps"", ""tags"": ""[\""قانون\"", \""سنة 1964\"", \""تشريعات فلسطينية\""]"", ""isActive"": ""1"", ""createdBy"": ""1"", ""createdAt"": ""NOW()"", ""updatedAt"": ""NOW()""}",363840fb423787d0
.manus/db/db-query-1765143284155.json,knowledge_documents,4,قانون إعفاء الأوقاف الخيرية من الضرائب والرسوم رقم (36) لسنة 1973,"[""title"", ""content"", ""category"", ""source"", ""tags"", ""isActive"", ""createdBy"", ""createdAt"", ""updatedAt""]","{""title"": ""قانون إعفاء الأوقاف الخيرية من الضرائب والرسوم رقم (36) لسنة 1973"", ""content"": ""يعفي الأوقاف الخيرية من ضرائب ورسوم متعددة\n\\نالنوع: قانون\nالسنة: 1973\nالمصدر: تشريعات الأردن"", ""category"": ""law"", ""source"": ""تشريعات الأردن"", ""tags"": ""[\""قانون\"", \""سنة 1973\"", \""تشريعات فلسطينية\""]"", ""isActive"": ""1"", ""createdBy"": ""1"", ""createdAt"": ""NOW()"", ""updatedAt"": ""NOW()""}",ece0d01e648a3c1b
.manus/db/db-query-1765143284155.json,knowledge_documents,5,نظام الأوقاف والشؤون الإسلامية رقم (142) لسنة 1966,"[""title"", ""content"", ""category"", ""source"", ""tags"", ""isActive"", ""createdBy"", ""createdAt"", ""updatedAt""]","{""title"": ""نظام الأوقاف والشؤون الإسلامية رقم (142) لسنة 1966"", ""content"": ""يبيّن أحكام التصرف بالعقارات الموقوفة\n\nالنوع: نظام\nالسنة: 1966\nالمصدر: محامي نت"", ""category"": ""law"", ""source"": ""محامي نت"", ""tags"": ""[\""نظام\"", \""سنة 1966\"", \""تشريعات فلسطينية\""]"", ""isActive"": ""1"", ""createdBy"": ""1"", ""createdAt"": ""NOW()"", ""updatedAt"": ""NOW()""}",e776e912d238f35e
.manus/db/db-query-1765143284155.json,knowledge_documents,6,قانون تشكيل المحاكم الشرعية رقم (19) لسنة 1972,"[""title"", ""content"", ""category"", ""source"", ""tags"", ""isActive"", ""createdBy"", ""createdAt"", ""updatedAt""]","{""title"": ""قانون تشكيل المحاكم الشرعية رقم (19) لسنة 1972"", ""content"": ""تنظم تشكيل المجلس الأعلى للقضاء الشرعي والمحاكم الشرعية\n\nالنوع: قانون\nالسنة: 1972\nالمصدر: WAFA Info"", ""category"": ""law"", ""source"": ""WAFA Info"", ""tags"": ""[\""قانون\"", \""سنة 1972\"", \""تشريعات فلسطينية\""]"", ""isActive"": ""1"", ""createdBy"": ""1"", ""createdAt"": ""NOW()"", ""updatedAt"": ""NOW()""}",aebc9ac2683bd95a
.manus/db/db-query-1765143284155.json,knowledge_documents,7,قرار بقانون رقم (3) لسنة 2012 بشأن القضاء الشرعي,"[""title"", ""content"", ""category"", ""source"", ""tags"", ""isActive"", ""createdBy"", ""createdAt"", ""updatedAt""]","{""title"": ""قرار بقانون رقم (3) لسنة 2012 بشأن القضاء الشرعي"", ""content"": ""تنظيم القضاء الشرعي واختصاصاته\n\nالنوع: قرار بقانون\nالسنة: 2012\nالمصدر: مقام"", ""category"": ""law"", ""source"": ""مقام"", ""tags"": ""[\""قرار بقانون\"", \""سنة 2012\"", \""تشريعات فلسطينية\""]"", ""isActive"": ""1"", ""createdBy"": ""1"", ""createdAt"": ""NOW()"", ""updatedAt"": ""NOW()""}",7dba79a1d2136980
.manus/db/db-query-1765143284155.json,knowledge_documents,8,مجلة الأحكام العدلية,"[""title"", ""content"", ""category"", ""source"", ""tags"", ""isActive"", ""createdBy"", ""createdAt"", ""updatedAt""]","{""title"": ""مجلة الأحكام العدلية"", ""content"": ""القانون المدني العثماني، تم تبنّيها كتشريع في فلسطين\n\nالنوع: قانون عثماني\nالسنة: 1877\nالمصدر: المكتبة الشاملة"", ""category"": ""majalla"", ""source"": ""المكتبة الشاملة"", ""tags"": ""[\""قانون عثماني\"", \""سنة 1877\"", \""تشريعات عثمانية\""]"", ""isActive"": ""1"", ""createdBy"": ""1"", ""createdAt"": ""NOW()"", ""updatedAt"": ""NOW()""}",78f09d25ec3ce5d1
.manus/db/db-query-1765143321218.json,knowledge_documents,1,مجلة الأحكام العدلية + شروحها,"[""title"", ""content"", ""category"", ""source"", ""tags"", ""isActive"", ""createdBy"", ""createdAt"", ""updatedAt""]","{""title"": ""مجلة الأحكام العدلية + شروحها"", ""content"": ""مصدر تشريعي/فقهي مهم في البلدان التي اعتمدتها\n\nالمؤلف: محمد سعيد المحاسني وغيرهم\nالمصدر: المكتبة الشاملة، نور بوك"", ""category"": ""jurisprudence"", ""source"": ""المكتبة الشاملة، نور بوك"", ""tags"": ""[\""فقه الوقف\"", \""كتب فقهية\"", \""كتاب فقهي\""]"", ""isActive"": ""1"", ""createdBy"": ""1"", ""createdAt"": ""NOW()"", ""updatedAt"": ""NOW()""}",536c3a616b26098b
.manus/db/db-query-1765143321218.json,knowledge_documents,2,مدونة أحكام الوقف الفقهية,"[""title"", ""content"", ""category"", ""source"", ""tags"", ""isActive"", ""createdBy"", ""createdAt"", ""updatedAt""]","{""title"": ""مدونة أحكام الوقف الفقهية"", ""content"": ""كتاب معاصر مرتب في أبواب عن أركان الوقف، الناظر، ذمة الوقف\n\nالمصدر: المكتبة الشاملة"", ""category"": ""jurisprudence"", ""source"": ""المكتبة الشاملة"", ""tags"": ""[\""فقه الوقف\"", \""كتب فقهية\"", \""كتاب فقهي\""]"", ""isActive"": ""1"", ""createdBy"": ""1"", ""createdAt"": ""NOW()"", ""updatedAt"": ""NOW()""}",5924c69c370536c4
.manus/db/db-query-1765143321218.json,knowledge_documents,3,الموسوعة الفقهية في الوقف,"[""title"", ""content"", ""category"", ""source"", ""tags"", ""isActive"", ""createdBy"", ""createdAt"", ""updatedAt""]","{""title"": ""الموسوعة الفقهية في الوقف"", ""content"": ""موسوعة تجمع النوازل والمستجدات في الوقف مع تفصيل للمذاهب\n\nالناشر: دار الحضارة\nالمصدر: مكتبة الراوي"", ""category"": ""jurisprudence"", ""source"": ""مكتبة الراوي"", ""tags"": ""[\""فقه الوقف\"", \""كتب فقهية\"", \""موسوعة فقهية\""]"", ""isActive"": ""1"", ""createdBy"": ""1"", ""createdAt"": ""NOW()"", ""updatedAt"": ""NOW()""}",b912ef48fac4a004
.manus/db/db-query-1765143321218.json,knowledge_documents,4,الوقف وتنميته في المجتمع الإسلامي المعاصر,"[""title"", ""content"", ""category"", ""source"", ""tags"", ""isActive"", ""createdBy"", ""createdAt"", ""updatedAt""]","{""title"": ""الوقف وتنميته في المجتمع الإسلامي المعاصر"", ""content"": ""دراسة معاصرة عن الوقف وتنميته\n\nالمؤلف: منذر قحف\nالمصدر: Monzer Kahf"", ""category"": ""jurisprudence"", ""source"": ""Monzer Kahf"", ""tags"": ""[\""فقه الوقف\"", \""كتب فقهية\"", \""كتاب معاصر\""]"", ""isActive"": ""1"", ""createdBy"": ""1"", ""createdAt"": ""NOW()"", ""updatedAt"": ""NOW()""}",d83d0c0141475e07
.manus/db/db-query-1765143321218.json,knowledge_documents,5,فقه الوقف - قضايا معاصرة,"[""title"", ""content"", ""category"", ""source"", ""tags"", ""isActive"", ""createdBy"", ""createdAt"", ""updatedAt""]","{""title"": ""فقه الوقف - قضايا معاصرة"", ""content"": ""أبحاث معاصرة في فقه الوقف\n\nالمصدر: وقفنا"", ""category"": ""jurisprudence"", ""source"": ""وقفنا"", ""tags"": ""[\""فقه الوقف\"", \""كتب فقهية\"", \""أبحاث فقهية\""]"", ""isActive"": ""1"", ""createdBy"": ""1"", ""createdAt"": ""NOW()"", ""updatedAt"": ""NOW()""}",fe1e551b879bdf1b
.manus/db/db-query-1765143321218.json,knowledge_documents,6,النتف في الفتاوى,"[""title"", ""content"", ""category"", ""source"", ""tags"", ""isActive"", ""createdBy"", ""createdAt"", ""updatedAt""]","{""title"": ""النتف في الفتاوى"", ""content"": ""مقطع الوقف في مدونات المذهب الحنفي\n\nالمصدر: المستودع الدعوي الرقمي"", ""category"": ""jurisprudence"", ""source"": ""المستودع الدعوي الرقمي"", ""tags"": ""[\""فقه الوقف\"", \""كتب فقهية\"", \""كتاب فقهي حنفي\""]"", ""isActive"": ""1"", ""createdBy"": ""1"", ""createdAt"": ""NOW()"", ""updatedAt"": ""NOW()""}",e5ab821f28db86a3
.manus/db/db-query-1765143346752.json,knowledge_documents,1,الأوقاف الإسلامية في فلسطين ودورها في مواجهة الاحتلال الإسرائيلي,"[""title"", ""content"", ""category"", ""source"", ""tags"", ""isActive"", ""createdBy"", ""createdAt"", ""updatedAt""]","{""title"": ""الأوقاف الإسلامية في فلسطين ودورها في مواجهة الاحتلال الإسرائيلي"", ""content"": ""يتناول واقع الأوقاف الإسلامية في فلسطين ودورها الاجتماعي والاقتصادي والسياسي\n\nالمصدر: نور بوك، مركز الزيتونة للدراسات"", ""category"": ""historical"", ""source"": ""نور بوك، مركز الزيتونة للدراسات"", ""tags"": ""[\""تاريخ الأوقاف\"", \""فلسطين\"", \""كتاب تاريخي\""]"", ""isActive"": ""1"", ""createdBy"": ""1"", ""createdAt"": ""NOW()"", ""updatedAt"": ""NOW()""}",ce3eb412ca1d227c
.manus/db/db-query-1765143346752.json,knowledge_documents,2,أوقاف قضاء حيفا خلال فترة الانتداب البريطاني 1922-1948: دراسة وثائقية,"[""title"", ""content"", ""category"", ""source"", ""tags"", ""isActive"", ""createdBy"", ""createdAt"", ""updatedAt""]","{""title"": ""أوقاف قضاء حيفا خلال فترة الانتداب البريطاني 1922-1948: دراسة وثائقية"", ""content"": ""مصدر ثري بالوثائق والقرارات ذات العلاقة بالأوقاف في حيفا\n\nالمصدر: منصة البحث العلمي"", ""category"": ""historical"", ""source"": ""منصة البحث العلمي"", ""tags"": ""[\""تاريخ الأوقاف\"", \""فلسطين\"", \""رسالة علمية\""]"", ""isActive"": ""1"", ""createdBy"": ""1"", ""createdAt"": ""NOW()"", ""updatedAt"": ""NOW()""}",ae279c2cdb56d00d
.manus/db/db-query-1765143346752.json,knowledge_documents,3,النظام القانوني لتسوية الأراضي في فلسطين,"[""title"", ""content"", ""category"", ""source"", ""tags"", ""isActive"", ""createdBy"", ""createdAt"", ""updatedAt""]","{""title"": ""النظام القانوني لتسوية الأراضي في فلسطين"", ""content"": ""دراسة عن تأثير تسوية الأراضي على الأوقاف\n\nالمصدر: دراسات القدس"", ""category"": ""historical"", ""source"": ""دراسات القدس"", ""tags"": ""[\""تاريخ الأوقاف\"", \""فلسطين\"", \""دراسة\""]"", ""isActive"": ""1"", ""createdBy"": ""1"", ""createdAt"": ""NOW()"", ""updatedAt"": ""NOW()""}",c59f8c8d74fba33a
.manus/db/db-query-1765143346752.json,knowledge_documents,4,القضاء الشرعي والكنسي في فلسطين,"[""title"", ""content"", ""category"", ""source"", ""tags"", ""isActive"", ""createdBy"", ""createdAt"", ""updatedAt""]","{""title"": ""القضاء الشرعي والكنسي في فلسطين"", ""content"": ""تشرح اختصاصات القضاء الشرعي ودوره، وفيها إشارات للوقف\n\\نالمصدر: lawcenter.birzeit.edu"", ""category"": ""historical"", ""source"": ""lawcenter.birzeit.edu"", ""tags"": ""[\""تاريخ الأوقاف\"", \""فلسطين\"", \""دراسة\""]"", ""isActive"": ""1"", ""createdBy"": ""1"", ""createdAt"": ""NOW()"", ""updatedAt"": ""NOW()""}",9a56903d1b76649d
.manus/db/db-query-1765143346752.json,knowledge_documents,5,تقرير الهيئة المستقلة لحقوق الإنسان عن الأوقاف الإسلامية في الضفة الغربية,"[""title"", ""content"", ""category"", ""source"", ""tags"", ""isActive"", ""createdBy"", ""createdAt"", ""updatedAt""]","{""title"": ""تقرير الهيئة المستقلة لحقوق الإنسان عن الأوقاف الإسلامية في الضفة الغربية"", ""content"": ""تقرير عن واقع الأوقاف الإسلامية في الضفة الغربية\n\\نالمنظمة: الهيئة المستقلة لحقوق الإنسان\nالمصدر: ICHR"", ""category"": ""reference"", ""source"": ""ICHR"", ""tags"": ""[\""تقرير حقوقي\"", \""دراسات معاصرة\"", \""الأوقاف في فلسطين\""]"", ""isActive"": ""1"", ""createdBy"": ""1"", ""createdAt"": ""NOW()"", ""updatedAt"": ""NOW()""}",45a3754a22d7ea22
.manus/db/db-query-1765143346752.json,knowledge_documents,6,دراسات عن استثمار الأموال الموقوفة,"[""title"", ""content"", ""category"", ""source"", ""tags"", ""isActive"", ""createdBy"", ""createdAt"", ""updatedAt""]","{""title"": ""دراسات عن استثمار الأموال الموقوفة"", ""content"": ""دراسات عن استثمار الأموال الموقوفة وتأثير قوانين المالكين والمستأجرين\n\\نالمصدر: library.awqaf.org.kw"", ""category"": ""reference"", ""source"": ""library.awqaf.org.kw"", ""tags"": ""[\""دراسات\"", \""دراسات معاصرة\"", \""الأوقاف في فلسطين\""]"", ""isActive"": ""1"", ""createdBy"": ""1"", ""createdAt"": ""NOW()"", ""updatedAt"": ""NOW()""}",30b4452867204354
.manus/db/db-query-1765143346752.json,knowledge_documents,7,دراسات عن الحوكمة والنزاهة في إدارة الأوقاف,"[""title"", ""content"", ""category"", ""source"", ""tags"", ""isActive"", ""createdBy"", ""createdAt"", ""updatedAt""]","{""title"": ""دراسات عن الحوكمة والنزاهة في إدارة الأوقاف"", ""content"": ""تقارير هيئات مكافحة الفساد والشفافية\n\\نالمصدر: pacc.ps"", ""category"": ""reference"", ""source"": ""pacc.ps"", ""tags"": ""[\""دراسات\"", \""دراسات معاصرة\"", \""الأوقاف في فلسطين\""]"", ""isActive"": ""1"", ""createdBy"": ""1"", ""createdAt"": ""NOW()"", ""updatedAt"": ""NOW()""}",11f0f220b6694b80
.manus/db/db-query-1765143346752.json,knowledge_documents,8,قاعدة مقام للأحكام والتشريعات,"[""title"", ""content"", ""category"", ""source"", ""tags"", ""isActive"", ""createdBy"", ""createdAt"", ""updatedAt""]","{""title"": ""قاعدة مقام للأحكام والتشريعات"", ""content"": ""توفر أحكام محكمة النقض والعدل العليا مع نص كامل قابل للبحث\n\\نالمنظمة: جامعة النجاح\nالموقع: فلسطين\nالمصدر: مقام"", ""category"": ""reference"", ""source"": ""مقام"", ""tags"": ""[\""قاعدة بيانات قضائية\"", \""قضاء شرعي\"", \""أحكام قضائية\""]"", ""isActive"": ""1"", ""createdBy"": ""1"", ""createdAt"": ""NOW()"", ""updatedAt"": ""NOW()""}",0577eec85e771215
.manus/db/db-query-1765143346752.json,knowledge_documents,9,ديوان القضاء الشرعي,"[""title"", ""content"", ""category"", ""source"", ""tags"", ""isActive"", ""createdBy"", ""createdAt"", ""updatedAt""]","{""title"": ""ديوان القضاء الشرعي"", ""content"": ""المجلس الأعلى للقضاء الشرعي\n\\نالموقع: غزة\nالمصدر: ljc.gov.ps"", ""category"": ""reference"", ""source"": ""ljc.gov.ps"", ""tags"": ""[\""مؤسسة قضائية\"", \""قضاء شرعي\"", \""أحكام قضائية\""]"", ""isActive"": ""1"", ""createdBy"": ""1"", ""createdAt"": ""NOW()"", ""updatedAt"": ""NOW()""}",1a59174b6c5d0c37
.manus/db/db-query-1765143346752.json,knowledge_documents,10,ديوان قاضي القضاة / المحكمة العليا الشرعية,"[""title"", ""content"", ""category"", ""source"", ""tags"", ""isActive"", ""createdBy"", ""createdAt"", ""updatedAt""]","{""title"": ""ديوان قاضي القضاة / المحكمة العليا الشرعية"", ""content"": ""المحكمة العليا الشرعية في الضفة\n\\نالموقع: الضفة الغربية\nالمصدر: مركز المعلومات الوطني الفلسطيني"", ""category"": ""reference"", ""source"": ""مركز المعلومات الوطني الفلسطيني"", ""tags"": ""[\""مؤسسة قضائية\"", \""قضاء شرعي\"", \""أحكام قضائية\""]"", ""isActive"": ""1"", ""createdBy"": ""1"", ""createdAt"": ""NOW()"", ""updatedAt"": ""NOW()""}",0361f0cf50013f10
.manus/db/db-query-1765145119332.json,knowledge_documents,1,تعريف الوقف في الفقه الإسلامي,"[""title"", ""content"", ""category"", ""source"", ""tags"", ""createdAt"", ""updatedAt""]","{""title"": ""تعريف الوقف في الفقه الإسلامي"", ""content"": ""الوقف لغة: الحبس والمنع. واصطلاحاً: حبس العين عن التمليك لأحد من العباد والتصدق بالمنفعة على جهة بر وخير. وقد عرفه الإمام أبو حنيفة بأنه: \""حبس العين على ملك الواقف والتصدق بالمنفعة\"". بينما عرفه الشافعية والحنابلة بأنه: \""حبس مال يمكن الانتفاع به مع بقاء عينه بقطع التصرف في رقبته على مصرف مباح موجود\"". والوقف من أعظم أبواب البر في الإسلام، وهو صدقة جارية لا تنقطع بموت الواقف.\n\nالمراجع القانونية: المادة 3 من قانون الأوقاف الأردني رقم 32 لسنة 2001"", ""category"": ""jurisprudence"", ""source"": ""المغني لابن قدامة؛ الأم للشافعي؛ بدائع الصنائع للكاساني"", ""tags"": ""[\""تعريف\"",\""وقف\"",\""حبس العين\"",\""تسبيل المنفعة\"",\""فقه\"",\""أبو حنيفة\"",\""الشافعي\""]"", ""createdAt"": ""NOW()"", ""updatedAt"": ""NOW()""}",0653b852dedd7f97
.manus/db/db-query-1765145119332.json,knowledge_documents,2,الأدلة الشرعية على مشروعية الوقف,"[""title"", ""content"", ""category"", ""source"", ""tags"", ""createdAt"", ""updatedAt""]","{""title"": ""الأدلة الشرعية على مشروعية الوقف"", ""content"": ""ثبتت مشروعية الوقف بالكتاب والسنة والإجماع:\n\n1. من القرآن الكريم: قوله تعالى: \""لَن تَنَالُوا الْبِرَّ حَتَّىٰ تُنفِقُوا مِمَّا تُحِبُّونَ\"" (آل عمران: 92)\n\n2. من السنة النبوية: حديث ابن عمر رضي الله عنهما: \""أصاب عمر أرضاً بخيبر، فأتى النبي صلى الله عليه وسلم يستأمره فيها، فقال: يا رسول الله، إني أصبت أرضاً بخيبر لم أصب مالاً قط أنفس عندي منه، فما تأمر به؟ قال: إن شئت حبست أصلها وتصدقت بها\"" (متفق عليه)\n\n3. الإجماع: أجمع العلماء على مشروعية الوقف وجوازه.\n\nالمراجع القانونية: المادة 1 من قانون الأوقاف الفلسطيني"", ""category"": ""jurisprudence"", ""source"": ""صحيح البخاري؛ صحيح مسلم؛ تفسير ابن كثير؛ الموطأ للإمام مالك"", ""tags"": ""[\""أدلة شرعية\"",\""قرآن\"",\""سنة\"",\""إجماع\"",\""عمر بن الخطاب\"",\""خيبر\""]"", ""createdAt"": ""NOW()"", ""updatedAt"": ""NOW()""}",48f66f7c9cba44d3
.manus/db/db-query-1765145119332.json,knowledge_documents,3,شروط الوقف في الفقه الإسلامي,"[""title"", ""content"", ""category"", ""source"", ""tags"", ""createdAt"", ""updatedAt""]","{""title"": ""شروط الوقف في الفقه الإسلامي"", ""content"": ""يشترط لصحة الوقف عدة شروط:\n\n1. شروط الواقف: البلوغ، العقل، الحرية، الرشد، وأن يكون مالكاً للموقوف\n\n2. شروط الموقوف: أن يكون مالاً متقوماً، معلوماً، مملوكاً للواقف، وأن تبقى عينه مع الانتفاع\n\n3. شروط الموقوف عليه: أن يكون جهة بر وخير، موجوداً أو متوقع الوجود\n\n4. شروط الصيغة: أن تدل على الوقف صراحة أو كناية، وأن تكون منجزة غير معلقة\n\nوقد اختلف الفقهاء في بعض التفاصيل، فالحنفية يشترطون الحكم بالوقف أو الإقرار به، بينما الجمهور لا يشترطون ذلك.\n\nالمراجع القانونية: المواد 4-8 من قانون الأوقاف الأردني؛ قانون الأحوال الشخصية الفلسطيني"", ""category"": ""jurisprudence"", ""source"": ""المبسوط للسرخسي؛ المهذب للشيرازي؛ المغني لابن قدامة؛ مواهب الجليل للحطاب"", ""tags"": ""[\""شروط الوقف\"",\""الواقف\"",\""الموقوف\"",\""الموقوف عليه\"",\""الصيغة\"",\""فقه\""]"", ""createdAt"": ""NOW()"", ""updatedAt"": ""NOW()""}",8278600fe0b6c4d6
.manus/db/db-query-1765145119332.json,knowledge_documents,4,تاريخ الأوقاف في فلسطين - العهد الراشدي,"[""title"", ""content"", ""category"", ""source"", ""tags"", ""createdAt"", ""updatedAt""]","{""title"": ""تاريخ الأوقاف في فلسطين - العهد الراشدي"", ""content"": ""بدأت الأوقاف في فلسطين مع الفتح الإسلامي على يد الخليفة عمر بن الخطاب رضي الله عنه عام 15هـ/636م. وقد أوقف عمر رضي الله عنه عدة أراض في فلسطين، منها:\n\n1. وقف أراضي في القدس لصالح الفقراء والمساكين\n2. تخصيص أراض لبناء المساجد والمدارس\n3. إنشاء أول نظام إداري للأوقاف في بيت المقدس\n\nوكان عمر رضي الله عنه أول من وضع الأسس القانونية لإدارة الأوقاف، حيث عين نظاراً للأوقاف وحدد مصارفها. وقد روي أنه قال: \""إن الله استخلفكم على هذا المال لتقسموه بين الناس، فمن أخذ منه بحقه بورك له فيه\"".\n\nالمراجع القانونية: الوثائق العثمانية في أرشيف رئاسة الوزراء بإسطنبول"", ""category"": ""historical"", ""source"": ""تاريخ الطبري؛ البداية والنهاية لابن كثير؛ فتوح البلدان للبلاذري"", ""tags"": ""[\""عمر بن الخطاب\"",\""الفتح الإسلامي\"",\""القدس\"",\""بيت المقدس\"",\""نظارة الأوقاف\""]"", ""createdAt"": ""NOW()"", ""updatedAt"": ""NOW()""}",66b163744ed83b82
.manus/db/db-query-1765145162608.json,knowledge_documents,1,الأوقاف في العهد الأيوبي والمملوكي,"[""title"", ""content"", ""category"", ""source"", ""tags"", ""createdAt"", ""updatedAt""]","{""title"": ""الأوقاف في العهد الأيوبي والمملوكي"", ""content"": ""شهدت فترة الحكم الأيوبي (1187-1250م) والمملوكي (1250-1517م) ازدهاراً كبيراً للأوقاف في فلسطين:\n\n1. العهد الأيوبي:\n- أوقف صلاح الدين الأيوبي قرى كاملة لصالح المسجد الأقصى\n- إنشاء المدرسة الصلاحية والخانقاه الصلاحية\n- تنظيم إدارة أوقاف الحرم الشريف\n\n2. العهد المملوكي:\n- إنشاء أكثر من 30 مدرسة موقوفة في القدس\n- أوقاف السلطان قلاوون والسلطان الناصر محمد\n- تطوير نظام \""الوقف الأهلي\"" و\""الوقف الخيري\""\n- إنشاء دار الحديث الأشرفية والمدرسة التنكزية\n\nوقد بلغت مساحة الأراضي الموقوفة في فلسطين خلال هذه الفترة حوالي 20% من إجمالي الأراضي."", ""category"": ""historical"", ""source"": ""الأنس الجليل للعليمي؛ مثير الغرام للفاسي؛ صبح الأعشى للقلقشندي"", ""tags"": ""[\""صلاح الدين\"",\""أيوبي\"",\""مملوكي\"",\""مدارس\"",\""خانقاه\"",\""قلاوون\""]"", ""createdAt"": ""NOW()"", ""updatedAt"": ""NOW()""}",45169b6cc1912660
.manus/db/db-query-1765145162608.json,knowledge_documents,2,نظام الأوقاف في العهد العثماني,"[""title"", ""content"", ""category"", ""source"", ""tags"", ""createdAt"", ""updatedAt""]","{""title"": ""نظام الأوقاف في العهد العثماني"", ""content"": ""طور العثمانيون نظاماً متقدماً لإدارة الأوقاف في فلسطين (1517-1917م):\n\n1. التنظيم الإداري:\n- إنشاء \""نظارة الأوقاف\"" في كل ولاية\n- تعيين \""متولي\"" لكل وقف\n- إنشاء محاكم شرعية متخصصة في قضايا الأوقاف\n\n2. التشريعات العثمانية:\n- قانون الأراضي العثماني (1274هـ/1858م)\n- نظامنامة الأوقاف (1280هـ/1863م)\n- قانون إدارة الولايات (1284هـ/1867م)\n\n3. أنواع الأوقاف:\n- الأوقاف السلطانية (الجامع الكبير، المسجد الأقصى)\n- الأوقاف الأهلية (أوقاف العائلات)\n- الأوقاف الخيرية (المدارس، المستشفيات، الخانات)\n\nوقد بلغ عدد الأوقاف المسجلة في سجلات المحكمة الشرعية بالقدس أكثر من 800 وقف.\n\nالمراجع القانونية: قانون الأراضي العثماني 1858؛ نظامنامة الأوقاف 1863؛ مجلة الأحكام العدلية"", ""category"": ""historical"", ""source"": ""سجلات المحكمة الشرعية في القدس؛ الأرشيف العثماني؛ دستور الدولة العثمانية"", ""tags"": ""[\""عثماني\"",\""نظارة الأوقاف\"",\""متولي\"",\""قانون الأراضي\"",\""محاكم شرعية\""]"", ""createdAt"": ""NOW()"", ""updatedAt"": ""NOW()""}",dfb904c679f6b31d
.manus/db/db-query-1765145162608.json,knowledge_documents,3,المسجد الأقصى المبارك - أعظم الأوقاف,"[""title"", ""content"", ""category"", ""source"", ""tags"", ""createdAt"", ""updatedAt""]","{""title"": ""المسجد الأقصى المبارك - أعظم الأوقاف"", ""content"": ""المسجد الأقصى المبارك هو أعظم الأوقاف في فلسطين والعالم الإسلامي:\n\n1. المكانة الشرعية:\n- أولى القبلتين وثالث الحرمين الشريفين\n- مسرى رسول الله صلى الله عليه وسلم\n- مساحة الحرم الشريف: 144 دونماً (144,000 متر مربع)\n\n2. الأوقاف المخصصة للأقصى:\n- أوقاف صلاح الدين الأيوبي: 27 قرية\n- أوقاف المماليك: أكثر من 50 وقفاً\n- أوقاف العثمانيين: مئات الأوقاف\n\n3. مرافق الحرم الموقوفة:\n- المصلى القبلي (الجامع القديم)\n- مصلى قبة الصخرة\n- المدرسة الأشرفية\n- المكتبة الأقصى\n- أروقة وقباب متعددة (55 قبة)\n\n4. الإدارة الحالية:\n- دائرة الأوقاف الإسلامية في القدس\n- مجلس الأوقاف الإسلامية الأعلى\n- لجنة إعمار المسجد الأقصى\n\nالمراجع القانونية: قانون حماية الأماكن المقدسة الأردني؛ اتفاقية وادي عربة 1994"", ""category"": ""historical"", ""source"": ""الأنس الجليل للعليمي؛ إتحاف الأخصا بفضائل المسجد الأقصى للسيوطي"", ""tags"": ""[\""المسجد الأقصى\"",\""الحرم الشريف\"",\""قبة الصخرة\"",\""أولى القبلتين\"",\""ثالث الحرمين\""]"", ""createdAt"": ""NOW()"", ""updatedAt"": ""NOW()""}",171806c685c5ec85
.manus/db/db-query-1765145162608.json,knowledge_documents,4,أنواع الأوقاف في الفقه والقانون,"[""title"", ""content"", ""category"", ""source"", ""tags"", ""createdAt"", ""updatedAt""]","{""title"": ""أنواع الأوقاف في الفقه والقانون"", ""content"": ""تنقسم الأوقاف من حيث المستفيد إلى أنواع متعددة:\n\n1. الوقف الخيري (العام):\n- التعريف: ما وُقف على جهة عامة كالفقراء والمساجد\n- الأمثلة: أوقاف المساجد، المدارس، المستشفيات\n- الحكم: لا يجوز تغيير مصرفه إلا لضرورة\n\n2. الوقف الأهلي (الذري):\n- التعريف: ما وُقف على الذرية والأولاد\n- الشروط: أن ينتهي إلى جهة خير\n- الإدارة: يديره الواقف ثم ذريته\n\n3. الوقف المشترك:\n- التعريف: ما وُقف على الذرية وجهة خيرية معاً\n- التوزيع: حسب شرط الواقف\n- المثال: نصف للذرية ونصف للفقراء\n\n4. من حيث المدة:\n- الوقف المؤبد: الأصل في الأوقاف\n- الوقف المؤقت: جائز عند بعض الفقهاء\n\n5. من حيث طبيعة الموقوف:\n- الوقف العقاري: الأراضي والمباني\n- الوقف المنقول: الكتب والأموال\n- الوقف النقدي: محل خلاف بين الفقهاء\n\nالمراجع القانونية: المواد 9-15 من قانون الأوقاف الأردني؛ قانون الأوقاف الفلسطيني المقترح"", ""category"": ""jurisprudence"", ""source"": ""رد المحتار لابن عابدين؛ مغني المحتاج للشربيني؛ كشاف القناع للبهوتي"", ""tags"": ""[\""وقف خيري\"",\""وقف أهلي\"",\""وقف ذري\"",\""وقف مشترك\"",\""وقف مؤبد\"",\""وقف نقدي\""]"", ""createdAt"": ""NOW()"", ""updatedAt"": ""NOW()""}",797e9926b8fb68f2
.manus/db/db-query-1765145206904.json,knowledge_documents,1,إدارة الأوقاف - النظام الشرعي والقانوني,"[""title"", ""content"", ""category"", ""source"", ""tags"", ""createdAt"", ""updatedAt""]","{""title"": ""إدارة الأوقاف - النظام الشرعي والقانوني"", ""content"": ""تخضع إدارة الأوقاف لأحكام شرعية وقانونية محددة:\n\n1. النظام الشرعي:\n- الناظر (المتولي): من يدير الوقف\n- شروط الناظر: العدالة، الكفاءة، الأمانة\n- واجبات الناظر: حفظ الوقف، تنمية ريعه، توزيع المنافع\n- مراقبة القاضي: الإشراف القضائي على الأوقاف\n\n2. النظام القانوني الحالي:\n- وزارة الأوقاف والشؤون الدينية الفلسطينية\n- دائرة الأوقاف الإسلامية في القدس (تحت الإدارة الأردنية)\n- المجلس الأعلى للأوقاف\n- لجان الأوقاف المحلية\n\n3. التحديات الإدارية:\n- نقص الكوادر المتخصصة\n- ضعف الموارد المالية\n- التداخل في الصلاحيات\n- تأثير الاحتلال الإسرائيلي\n\n4. الحلول المقترحة:\n- تطوير قانون موحد للأوقاف\n- تدريب الكوادر الإدارية\n- استخدام التكنولوجيا في الإدارة\n- تطوير الاستثمار الوقفي\n\nالمراجع القانونية: قانون الأوقاف الأردني رقم 32 لسنة 2001؛ قرار مجلس الوزراء الفلسطيني رقم 54 لسنة 2005"", ""category"": ""administrative"", ""source"": ""الفتاوى الهندية؛ حاشية ابن عابدين؛ الموسوعة الفقهية الكويتية"", ""tags"": ""[\""ناظر\"",\""متولي\"",\""وزارة الأوقاف\"",\""إدارة\"",\""استثمار\"",\""تطوير\""]"", ""createdAt"": ""NOW()"", ""updatedAt"": ""NOW()""}",54168ea5d68fd328
.manus/db/db-query-1765145206904.json,knowledge_documents,2,استثمار الأوقاف في الفقه المعاصر,"[""title"", ""content"", ""category"", ""source"", ""tags"", ""createdAt"", ""updatedAt""]","{""title"": ""استثمار الأوقاف في الفقه المعاصر"", ""content"": ""يجيز الفقه الإسلامي استثمار أموال الأوقاف وفق ضوابط شرعية:\n\n1. الأصول الشرعية:\n- قاعدة \""المصلحة المرسلة\""\n- قاعدة \""لا ضرر ولا ضرار\""\n- مقصد حفظ المال\n\n2. أساليب الاستثمار المشروعة:\n- المرابحة الإسلامية\n- المشاركة والمضاربة\n- الإجارة والاستصناع\n- الصكوك الإسلامية\n\n3. الضوابط الشرعية:\n- تجنب الربا والغرر\n- عدم الإضرار بأصل الوقف\n- مراعاة شرط الواقف\n- الحصول على إذن القاضي عند الحاجة\n\n4. التطبيقات المعاصرة:\n- الصناديق الوقفية الاستثمارية\n- شركات التطوير العقاري الوقفي\n- المشاريع التجارية الوقفية\n- الاستثمار في التكنولوجيا والتعليم\n\n5. التجارب الناجحة:\n- تجربة الأوقاف في تركيا\n- نموذج الأوقاف في ماليزيا\n- مشاريع الأوقاف في الكويت والإمارات\n\nالمراجع القانونية: قانون الصكوك الإسلامية؛ لوائح هيئة الأوراق المالية الإسلامية"", ""category"": ""reference"", ""source"": ""قرارات مجمع الفقه الإسلامي؛ فتاوى دار الإفتاء المصرية؛ بحوث المؤتمر الثالث للأوقاف"", ""tags"": ""[\""استثمار\"",\""مرابحة\"",\""مضاربة\"",\""صكوك\"",\""صناديق وقفية\"",\""تطوير عقاري\""]"", ""createdAt"": ""NOW()"", ""updatedAt"": ""NOW()""}",ff2ecf397fa1815e
.manus/db/db-query-1765145206904.json,knowledge_documents,3,التحديات المعاصرة للأوقاف الفلسطينية,"[""title"", ""content"", ""category"", ""source"", ""tags"", ""createdAt"", ""updatedAt""]","{""title"": ""التحديات المعاصرة للأوقاف الفلسطينية"", ""content"": ""تواجه الأوقاف في فلسطين تحديات جسيمة في العصر الحديث:\n\n1. تحديات الاحتلال الإسرائيلي:\n- مصادرة أكثر من 600 ألف دونم من أراضي الأوقاف\n- منع الوصول إلى أوقاف القدس\n- فرض قوانين إسرائيلية على الأوقاف\n- اعتداءات المستوطنين على الممتلكات الوقفية\n\n2. التحديات الإدارية:\n- ضعف التوثيق والأرشفة\n- نقص الكوادر المتخصصة\n- ضعف الموارد المالية\n- تداخل الصلاحيات بين المؤسسات\n\n3. التحديات القانونية:\n- عدم وجود قانون موحد للأوقاف\n- تضارب القوانين المطبقة\n- صعوبة إثبات ملكية الأوقاف القديمة\n- تعقيدات الإجراءات القضائية\n\n4. التحديات الاجتماعية:\n- ضعف الوعي بأهمية الأوقاف\n- قلة الأوقاف الجديدة\n- تراجع دور الأوقاف في التنمية\n- هجرة الكوادر المتخصصة\n\n5. الحلول المقترحة:\n- تطوير قانون عصري للأوقاف\n- رقمنة سجلات الأوقاف\n- تدريب الكوادر الإدارية\n- تطوير الاستثمار الوقفي\n- تعزيز الشراكات الدولية\n\nالمراجع القانونية: قرارات محكمة العدل الدولية؛ قرارات مجلس الأمن الدولي؛ اتفاقية جنيف الرابعة"", ""category"": ""reference"", ""source"": ""تقارير وزارة الأوقاف الفلسطينية؛ دراسات مركز الزيتونة؛ تقارير الأمم المتحدة"", ""tags"": ""[\""احتلال\"",\""مصادرة\"",\""تحديات إدارية\"",\""تحديات قانونية\"",\""حلول\"",\""تطوير\""]"", ""createdAt"": ""NOW()"", ""updatedAt"": ""NOW()""}",91cebaa8c1aada88
.manus/db/db-query-1765145206904.json,knowledge_documents,4,دور الأوقاف في التنمية المستدامة,"[""title"", ""content"", ""category"", ""source"", ""tags"", ""createdAt"", ""updatedAt""]","{""title"": ""دور الأوقاف في التنمية المستدامة"", ""content"": ""تلعب الأوقاف دوراً محورياً في تحقيق التنمية المستدامة في فلسطين:\n\n1. التنمية الاقتصادية:\n- توفير فرص العمل من خلال المشاريع الوقفية\n- دعم المشاريع الصغيرة والمتوسطة\n- تطوير القطاع العقاري والسياحي\n- الاستثمار في التكنولوجيا والابتكار\n\n2. التنمية الاجتماعية:\n- توفير الخدمات التعليمية والصحية\n- رعاية الأيتام والأرامل\n- دعم الأسر الفقيرة والمحتاجة\n- برامج التأهيل المهني والتدريب\n\n3. التنمية البيئية:\n- المحافظة على الأراضي الزراعية الوقفية\n- مشاريع الطاقة المتجددة\n- برامج إعادة التدوير والاستدامة\n- حماية التراث العمراني الإسلامي\n\n4. التنمية الثقافية:\n- المحافظة على التراث الإسلامي\n- دعم المؤسسات التعليمية والثقافية\n- برامج تعليم القرآن والعلوم الشرعية\n- المكتبات والمراكز الثقافية الوقفية\n\n5. أهداف التنمية المستدامة 2030:\n- القضاء على الفقر (الهدف 1)\n- التعليم الجيد (الهدف 4)\n- المساواة بين الجنسين (الهدف 5)\n- العمل اللائق والنمو الاقتصادي (الهدف 8)\n\nالمراجع القانونية: أجندة 2030 للتنمية المستدامة؛ الاستراتيجية الوطنية الفلسطينية للتنمية"", ""category"": ""reference"", ""source"": ""تقرير التنمية البشرية العربية؛ دراسات البنك الإسلامي للتنمية؛ بحوث الأمانة العامة للأوقاف"", ""tags"": ""[\""تنمية مستدامة\"",\""تنمية اقتصادية\"",\""تنمية اجتماعية\"",\""تنمية بيئية\"",\""أهداف 2030\""]"", ""createdAt"": ""NOW()"", ""updatedAt"": ""NOW()""}",53788ba573ab641d
.manus/db/db-query-1767919471890.json,knowledge_documents,1,قانون الأراضي العثماني - المادة 1: تعريف الأراضي,"[""title"", ""content"", ""source"", ""category"", ""tags"", ""isActive"", ""createdAt"", ""updatedAt""]","{""title"": ""قانون الأراضي العثماني - المادة 1: تعريف الأراضي"", ""content"": ""المادة الأولى: الأراضي على خمسة أقسام:\n1. الأراضي المملوكة (الملك): وهي الأراضي التي يملكها الأفراد ملكية تامة بموجب سند رسمي، ويحق لهم التصرف فيها بالبيع والشراء والهبة والوقف والإرث دون قيد أو شرط.\n2. الأراضي الأميرية: وهي الأراضي التي تعود رقبتها للدولة، ويكون للأفراد حق التصرف فيها فقط. لا يجوز بيع رقبة الأرض الأميرية، وإنما يباع حق التصرف فقط.\n3. الأراضي الموقوفة: وهي الأراضي التي وقفها أصحابها لجهة خيرية أو ذرية، ولا يجوز بيعها أو التصرف فيها إلا وفق شروط الواقف.\n4. الأراضي المتروكة: وهي الأراضي المخصصة للمنفعة العامة كالطرق والساحات والمراعي، ولا يجوز تملكها أو التصرف فيها.\n5. الأراضي الموات: وهي الأراضي البور التي لم تُعمّر ولم تُزرع، ويجوز إحياؤها بإذن من الدولة."", ""source"": ""قانون الأراضي العثماني 1858"", ""category"": ""law"", ""tags"": ""أراضي، ملكية، أميرية، وقف، متروكة، موات"", ""isActive"": ""1"", ""createdAt"": ""FROM_UNIXTIME(1736362800)"", ""updatedAt"": ""FROM_UNIXTIME(1736362800)""}",4c37317a814f9396
.manus/db/db-query-1767974684070.json,knowledge_documents,1,متصرفية القدس أواخر العهد العثماني,"[""title"", ""content"", ""category"", ""source"", ""sourceUrl"", ""tags"", ""createdAt"", ""updatedAt""]","{""title"": ""متصرفية القدس أواخر العهد العثماني"", ""content"": ""دراسة تاريخية شاملة لمتصرفية القدس في نهاية العهد العثماني، تغطي الوضع الإداري والاجتماعي والاقتصادي في القدس قبل الانتداب البريطاني. الكتاب متاح للتحميل المجاني على Internet Archive بحجم 32.5 ميجابايت.\n\nالمؤلف: عبد العزيز عوض"", ""category"": ""historical"", ""source"": ""عبد العزيز عوض"", ""sourceUrl"": ""https://archive.org/details/skrdieh_lau_20160316"", ""tags"": ""متصرفية القدس, العهد العثماني, تاريخ فلسطين, القدس"", ""createdAt"": ""NOW()"", ""updatedAt"": ""NOW()""}",abe3a63087b7cea6
.manus/db/db-query-1767974684070.json,knowledge_documents,2,ديار بئر السبع: جنوب فلسطين العثماني - الأرض والمجتمع والدولة,"[""title"", ""content"", ""category"", ""source"", ""sourceUrl"", ""tags"", ""createdAt"", ""updatedAt""]","{""title"": ""ديار بئر السبع: جنوب فلسطين العثماني - الأرض والمجتمع والدولة"", ""content"": ""دراسة شاملة لقضاء بئر السبع الذي كان جزءاً من متصرفية القدس. يتناول الكتاب تطبيق قانون الأراضي العثماني ونظام القضاء بشأن حقوق ملكية الأراضي، ويشمل تحليلاً لقانون الأراضي، والقانون المدني، وقانون الطابو.\n\nالمؤلف: أحمد أمارة\nالسنة: 2024"", ""category"": ""law"", ""source"": ""أحمد أمارة"", ""sourceUrl"": ""https://books.google.com/books?id=n_0IEQAAQBAJ"", ""tags"": ""بئر السبع, قانون الأراضي العثماني, متصرفية القدس, الطابو"", ""createdAt"": ""NOW()"", ""updatedAt"": ""NOW()""}",995e8fb3c1b64c91
.manus/db/db-query-1767974684070.json,knowledge_documents,3,حق التصرف الوارد على الأراضي الأميرية وفقاً للتشريعات النافذة في فلسطين,"[""title"", ""content"", ""category"", ""source"", ""sourceUrl"", ""tags"", ""createdAt"", ""updatedAt""]","{""title"": ""حق التصرف الوارد على الأراضي الأميرية وفقاً للتشريعات النافذة في فلسطين"", ""content"": ""دراسة تحليلية مقارنة لحق التصرف الوارد على الأراضي الأميرية، سواء المستمدة من قانون الأراضي العثماني لسنة 1858م، أو القوانين الأردنية المطبقة في الضفة الغربية، أو التشريعات الصادرة عن السلطة الوطنية الفلسطينية.\n\nالمؤلف: أنسام عارف جاسر كراكره\nالسنة: 2025\nالنوع: رسالة ماجستير"", ""category"": ""law"", ""source"": ""أنسام عارف جاسر كراكره"", ""sourceUrl"": ""https://repository.aaup.edu/handle/123456789/3565"", ""tags"": ""الأراضي الأميرية, قانون الأراضي, فلسطين, دراسة مقارنة"", ""createdAt"": ""NOW()"", ""updatedAt"": ""NOW()""}",cfa725a47875f1af
.manus/db/db-query-1767974684070.json,knowledge_documents,4,النظام القانوني للأراضي الأميرية في فلسطين,"[""title"", ""content"", ""category"", ""source"", ""sourceUrl"", ""tags"", ""createdAt"", ""updatedAt""]","{""title"": ""النظام القانوني للأراضي الأميرية في فلسطين"", ""content"": ""دراسة متخصصة في النوع الثاني من أنواع الأراضي في قانون الأراضي العثماني. تعتبر الأراضي الأميرية الأكثر انتشاراً في الأراضي الفلسطينية عبر المراحل التاريخية المختلفة.\n\nالمؤلف: حسين عاهد العيسه\nالسنة: 2016\nالنوع: رسالة أكاديمية"", ""category"": ""law"", ""source"": ""حسين عاهد العيسه"", ""sourceUrl"": ""https://fada.birzeit.edu/bitstream/20.500.11889/5695/1/"", ""tags"": ""الأراضي الأميرية, قانون الأراضي العثماني, فلسطين, جامعة بيرزيت"", ""createdAt"": ""NOW()"", ""updatedAt"": ""NOW()""}",8901acab49f28fa3
.manus/db/db-query-1767974684070.json,knowledge_documents,5,تسوية وتسجيل الأراضي في القدس الشرقية: الإشكاليات، التحديات والإسقاطات,"[""title"", ""content"", ""category"", ""source"", ""sourceUrl"", ""tags"", ""createdAt"", ""updatedAt""]","{""title"": ""تسوية وتسجيل الأراضي في القدس الشرقية: الإشكاليات، التحديات والإسقاطات"", ""content"": ""دراسة تناقش الوضع المعقد والإشكال القائم بشأن تسوية الأراضي وتسجيلها في القدس الشرقية، وكذلك الآثار والعواقب. تقترح مبادئ وتوجيهات عامة للسياسات والأدوات لتمكين تسوية الأراضي.\n\nالمؤلف: راسم محيي الدين خمايسي\nالسنة: 2020\nالنوع: دراسة أكاديمية"", ""category"": ""law"", ""source"": ""راسم محيي الدين خمايسي"", ""sourceUrl"": ""https://dspace.alquds.edu/handle/20.500.12213/9083"", ""tags"": ""القدس الشرقية, تسوية الأراضي, تسجيل الأراضي, جامعة القدس"", ""createdAt"": ""NOW()"", ""updatedAt"": ""NOW()""}",402645e92c6b49dc
.manus/db/db-query-1767974699280.json,knowledge_documents,1,"Consequences of the Ottoman land law: Agrarian and privatization processes in Palestine, 1858–1918","[""title"", ""content"", ""category"", ""source"", ""sourceUrl"", ""tags"", ""createdAt"", ""updatedAt""]","{""title"": ""Consequences of the Ottoman land law: Agrarian and privatization processes in Palestine, 1858–1918"", ""content"": ""دراسة تحلل تأثيرات قانون الأراضي العثماني على العمليات الزراعية وعمليات الخصخصة في فلسطين خلال الفترة من 1858 إلى 1918. نشرت في Springer وحصلت على 33 استشهاداً أكاديمياً.\n\nالمؤلف: R Kark\nالسنة: 2017\nالنوع: بحث أكاديمي"", ""category"": ""law"", ""source"": ""R Kark"", ""sourceUrl"": ""https://link.springer.com/chapter/10.1007/978-3-319-50998-3_8"", ""tags"": ""Ottoman land law, Palestine, privatization, 1858-1918"", ""createdAt"": ""NOW()"", ""updatedAt"": ""NOW()""}",04973f4fb5253549
.manus/db/db-query-1767974699280.json,knowledge_documents,2,Land privatization in nineteenth-century Ottoman Palestine,"[""title"", ""content"", ""category"", ""source"", ""sourceUrl"", ""tags"", ""createdAt"", ""updatedAt""]","{""title"": ""Land privatization in nineteenth-century Ottoman Palestine"", ""content"": ""دراسة منشورة في Islamic Law and Society تحلل عملية خصخصة الأراضي في فلسطين العثمانية في القرن التاسع عشر. استخدمت وثائق ومراسلات القنصلية الألمانية في القدس. حصلت على 22 استشهاداً.\n\nالمؤلف: N Solomonovich, R Kark\nالسنة: 2015\nالنوع: بحث أكاديمي"", ""category"": ""law"", ""source"": ""N Solomonovich, R Kark"", ""sourceUrl"": ""https://brill.com/view/journals/ils/22/3/article-p221_2.xml"", ""tags"": ""land privatization, Ottoman Palestine, Jerusalem, 19th century"", ""createdAt"": ""NOW()"", ""updatedAt"": ""NOW()""}",cae0f032c854fcdd
.manus/db/db-query-1767974699280.json,knowledge_documents,3,Land registry maps in Palestine during the Ottoman period,"[""title"", ""content"", ""category"", ""source"", ""sourceUrl"", ""tags"", ""createdAt"", ""updatedAt""]","{""title"": ""Land registry maps in Palestine during the Ottoman period"", ""content"": ""دراسة رائدة منشورة في The Cartographic Journal تتناول خرائط تسجيل الأراضي في فلسطين خلال الفترة العثمانية. تحلل سجلات الأراضي والمجلس الإداري لمنطقة القدس. حصلت على 20 استشهاداً.\n\nالمؤلف: R Kark, H Gerber\nالسنة: 1984\nالنوع: بحث أكاديمي"", ""category"": ""law"", ""source"": ""R Kark, H Gerber"", ""sourceUrl"": ""https://www.tandfonline.com/doi/pdf/10.1179/caj.1984.21.1.30"", ""tags"": ""land registry, Ottoman Palestine, Jerusalem District, cartography"", ""createdAt"": ""NOW()"", ""updatedAt"": ""NOW()""}",b488e6ab7a8b9cee
.manus/db/db-query-1767974699280.json,knowledge_documents,4,Mind the Gap: An Archaeological View of Land Tenure and Usufruct Rights Around Jerusalem,"[""title"", ""content"", ""category"", ""source"", ""sourceUrl"", ""tags"", ""createdAt"", ""updatedAt""]","{""title"": ""Mind the Gap: An Archaeological View of Land Tenure and Usufruct Rights Around Jerusalem"", ""content"": ""دراسة أثرية تتناول حقوق حيازة الأراضي واستخدامها حول القدس في العصرين المملوكي والعثماني. تحلل سجلات الضرائب في سنجق القدس في القرن الثامن عشر.\n\nالمؤلف: O Ze'evi-Berger, N Ben-Melech, B Walker, N Porat\nالنوع: بحث أكاديمي"", ""category"": ""historical"", ""source"": ""O Ze'evi-Berger, N Ben-Melech, B Walker, N Porat"", ""sourceUrl"": ""https://www.jstor.org/stable/jj.31872240.3"", ""tags"": ""land tenure, Jerusalem, Mamluk, Ottoman, archaeological"", ""createdAt"": ""NOW()"", ""updatedAt"": ""NOW()""}",6eb7be6e0841a7c3
.manus/db/db-query-1767974719121.json,knowledge_documents,1,قانون الأراضي العثماني (1858),"[""title"", ""content"", ""category"", ""source"", ""sourceUrl"", ""tags"", ""createdAt"", ""updatedAt""]","{""title"": ""قانون الأراضي العثماني (1858)"", ""content"": ""القانون الأساسي الذي نظم ملكية الأراضي في الدولة العثمانية. قسّم الأراضي إلى خمسة أقسام: المملوكة، الأميرية، الموقوفة، المتروكة، والموات. ما زال ساري النفاذ في الضفة الغربية وغزة. يحتوي على 15 مادة قانونية تفصيلية.\n\nالمصدر: الدولة العثمانية\nالسنة: 1858\nالنوع: قانون"", ""category"": ""law"", ""source"": ""الدولة العثمانية"", ""sourceUrl"": ""https://maqam.najah.edu/legislation/169/"", ""tags"": ""قانون الأراضي, العثماني, 1858, الطابو, فلسطين"", ""createdAt"": ""NOW()"", ""updatedAt"": ""NOW()""}",025fb42c56e5fa39
.manus/db/db-query-1767974719121.json,knowledge_documents,2,نظام ملكية الأراضي في العهد العثماني,"[""title"", ""content"", ""category"", ""source"", ""sourceUrl"", ""tags"", ""createdAt"", ""updatedAt""]","{""title"": ""نظام ملكية الأراضي في العهد العثماني"", ""content"": ""مقال شامل يتناول تطور نظام ملكية الأراضي في العهد العثماني. يشرح قانون الأراضي عام 1858، ولائحة تعليمات سندات الطابو عام 1859، ونظام الطابو. يوضح كيفية تسجيل الأراضي وإصدار السندات.\n\nالمصدر: وكالة الأنباء الفلسطينية (وفا)\nالنوع: مقال موسوعي"", ""category"": ""reference"", ""source"": ""وكالة الأنباء الفلسطينية (وفا)"", ""sourceUrl"": ""https://info.wafa.ps/pages/details/32393"", ""tags"": ""ملكية الأراضي, العهد العثماني, الطابو, فلسطين"", ""createdAt"": ""NOW()"", ""updatedAt"": ""NOW()""}",92163875750809a1
.manus/db/db-query-1767974719121.json,knowledge_documents,3,وثائق الملكية الفلسطينية في الأرشيف العثماني,"[""title"", ""content"", ""category"", ""source"", ""sourceUrl"", ""tags"", ""createdAt"", ""updatedAt""]","{""title"": ""وثائق الملكية الفلسطينية في الأرشيف العثماني"", ""content"": ""مقال يوضح أهمية سجلات الطابو العثماني الخاصة بالأراضي، والتي تحظى بالأولوية القانونية لإثبات حقوق ملكية الأراضي في فلسطين لدى المحاكم المحلية، ومحاكم الاحتلال، والمحاكم الدولية.\n\nالمصدر: موقع الوثيقة\nالنوع: مقال"", ""category"": ""reference"", ""source"": ""موقع الوثيقة"", ""sourceUrl"": ""https://www.al-wathiqa.com/ArticleView/20"", ""tags"": ""الأرشيف العثماني, الطابو, ملكية الأراضي, فلسطين"", ""createdAt"": ""NOW()"", ""updatedAt"": ""NOW()""}",ac9e587ed75e2626
.manus/db/db-query-1767974719121.json,knowledge_documents,4,الأرشيف العثماني بأيدٍ فلسطينية.. وثائق تثبت ملكية الأراضي,"[""title"", ""content"", ""category"", ""source"", ""sourceUrl"", ""tags"", ""createdAt"", ""updatedAt""]","{""title"": ""الأرشيف العثماني بأيدٍ فلسطينية.. وثائق تثبت ملكية الأراضي"", ""content"": ""تقرير يتناول تسليم تركيا للأرشيف العثماني للسلطة الفلسطينية، والذي يشمل سجلات الطابو خلال الفترة ما قبل الانتداب البريطاني. يعتبر الأرشيف طوق نجاة لإثبات ملكيات الأراضي والعقارات.\n\nالمصدر: الجزيرة نت\nالسنة: 2020\nالنوع: تقرير إخباري"", ""category"": ""reference"", ""source"": ""الجزيرة نت"", ""sourceUrl"": ""https://www.aljazeera.net/culture/2020/2/9/"", ""tags"": ""الأرشيف العثماني, الطابو, السلطة الفلسطينية, تركيا"", ""createdAt"": ""NOW()"", ""updatedAt"": ""NOW()""}",f330c967e8120d67
.manus/db/db-query-1767974719121.json,knowledge_documents,5,التنظيم القانوني للأراضي في فلسطين (1858 - الحاضر),"[""title"", ""content"", ""category"", ""source"", ""sourceUrl"", ""tags"", ""createdAt"", ""updatedAt""]","{""title"": ""التنظيم القانوني للأراضي في فلسطين (1858 - الحاضر)"", ""content"": ""دراسة تعرض حيازة الأراضي في فلسطين في ظل العثمانيين (القوانين التي تنظّم تسجيل وشراء وبيع الأراضي)، يليها الأساليب المختلفة التي اتبعها الانتداب البريطاني، والحركة الصهيونية.\n\nالمصدر: مؤسسة الدراسات الفلسطينية\nالنوع: دراسة"", ""category"": ""reference"", ""source"": ""مؤسسة الدراسات الفلسطينية"", ""sourceUrl"": ""https://www.palquest.org/ar/selectivechrono/240/"", ""tags"": ""التنظيم القانوني, الأراضي, فلسطين, 1858"", ""createdAt"": ""NOW()"", ""updatedAt"": ""NOW()""}",5a30c99bcf46c5fd
.manus/db/db-query-1767975773406.json,land_references,1,سجلات الطابو العثماني - القدس,"[""title"", ""description"", ""author"", ""type"", ""region"", ""year"", ""source_url"", ""is_active""]","{""title"": ""سجلات الطابو العثماني - القدس"", ""description"": ""سجلات الطابو العثمانية التي توثق ملكية الأراضي في منطقة القدس خلال الفترة العثمانية. تحتوي على معلومات تفصيلية عن المالكين والحدود والمساحات."", ""author"": ""الأرشيف العثماني"", ""type"": ""ottoman_record"", ""region"": ""القدس"", ""year"": ""1890"", ""source_url"": ""https://example.com/ottoman-jerusalem"", ""is_active"": ""true""}",4b85002e29a06ac7
.manus/db/db-query-1767975773406.json,land_references,2,وثائق الانتداب البريطاني - يافا,"[""title"", ""description"", ""author"", ""type"", ""region"", ""year"", ""source_url"", ""is_active""]","{""title"": ""وثائق الانتداب البريطاني - يافا"", ""description"": ""وثائق رسمية من فترة الانتداب البريطاني تتعلق بتسجيل الأراضي في يافا والمناطق المحيطة بها."", ""author"": ""أرشيف الانتداب البريطاني"", ""type"": ""british_mandate"", ""region"": ""يافا"", ""year"": ""1935"", ""source_url"": ""https://example.com/british-jaffa"", ""is_active"": ""true""}",dc62daeba5946476
.manus/db/db-query-1767975773406.json,land_references,3,قانون الأراضي الأردني رقم 40,"[""title"", ""description"", ""author"", ""type"", ""region"", ""year"", ""source_url"", ""is_active""]","{""title"": ""قانون الأراضي الأردني رقم 40"", ""description"": ""قانون الأراضي الأردني الذي طبق في الضفة الغربية من 1952 حتى 1967، ينظم ملكية وتسجيل الأراضي."", ""author"": ""المملكة الأردنية الهاشمية"", ""type"": ""jordanian_law"", ""region"": ""الضفة الغربية"", ""year"": ""1952"", ""source_url"": ""https://example.com/jordanian-law-40"", ""is_active"": ""true""}",e4cb365083a0d58a
.manus/db/db-query-1767975773406.json,land_references,4,خرائط المساحة العثمانية - نابلس,"[""title"", ""description"", ""author"", ""type"", ""region"", ""year"", ""source_url"", ""is_active""]","{""title"": ""خرائط المساحة العثمانية - نابلس"", ""description"": ""خرائط تفصيلية للمساحة العثمانية تظهر حدود الأراضي والقرى في منطقة نابلس."", ""author"": ""دائرة المساحة العثمانية"", ""type"": ""historical_map"", ""region"": ""نابلس"", ""year"": ""1880"", ""source_url"": ""https://example.com/ottoman-maps-nablus"", ""is_active"": ""true""}",6bbcd97bb034e18b
.manus/db/db-query-1767975773406.json,land_references,5,سجل الأراضي - الخليل,"[""title"", ""description"", ""author"", ""type"", ""region"", ""year"", ""source_url"", ""is_active""]","{""title"": ""سجل الأراضي - الخليل"", ""description"": ""سجل رسمي لملكية الأراضي في منطقة الخليل يعود للفترة العثمانية المتأخرة."", ""author"": ""دائرة الطابو العثمانية"", ""type"": ""land_registry"", ""region"": ""الخليل"", ""year"": ""1910"", ""source_url"": ""https://example.com/land-registry-hebron"", ""is_active"": ""true""}",04eabcb8e3cee857
.manus/db/db-query-1767975773406.json,land_references,6,وثيقة وقف إبراهيمي,"[""title"", ""description"", ""author"", ""type"", ""region"", ""year"", ""source_url"", ""is_active""]","{""title"": ""وثيقة وقف إبراهيمي"", ""description"": ""وثيقة وقف تاريخية للحرم الإبراهيمي وأراضيه في الخليل."", ""author"": ""وزارة الأوقاف"", ""type"": ""waqf_deed"", ""region"": ""الخليل"", ""year"": ""1750"", ""source_url"": ""https://example.com/ibrahimi-waqf"", ""is_active"": ""true""}",3204f91d496c2e7d
.manus/db/db-query-1767975773406.json,land_references,7,حكم محكمة العدل العليا - أراضي بيت لحم,"[""title"", ""description"", ""author"", ""type"", ""region"", ""year"", ""source_url"", ""is_active""]","{""title"": ""حكم محكمة العدل العليا - أراضي بيت لحم"", ""description"": ""حكم قضائي فلسطيني يتعلق بنزاع على ملكية أراضي في منطقة بيت لحم."", ""author"": ""محكمة العدل العليا الفلسطينية"", ""type"": ""court_ruling"", ""region"": ""بيت لحم"", ""year"": ""2010"", ""source_url"": ""https://example.com/court-ruling-bethlehem"", ""is_active"": ""true""}",dd7b1f35a3be3d94
.manus/db/db-query-1767975773406.json,land_references,8,قانون الأراضي الفلسطيني,"[""title"", ""description"", ""author"", ""type"", ""region"", ""year"", ""source_url"", ""is_active""]","{""title"": ""قانون الأراضي الفلسطيني"", ""description"": ""قانون الأراضي الصادر عن السلطة الوطنية الفلسطينية ينظم ملكية واستخدام الأراضي."", ""author"": ""السلطة الوطنية الفلسطينية"", ""type"": ""palestinian_law"", ""region"": ""فلسطين"", ""year"": ""1996"", ""source_url"": ""https://example.com/palestinian-land-law"", ""is_active"": ""true""}",4c1f57dfbca648a1
.manus/db/db-query-1767975773406.json,land_references,9,سجلات الطابو - غزة,"[""title"", ""description"", ""author"", ""type"", ""region"", ""year"", ""source_url"", ""is_active""]","{""title"": ""سجلات الطابو - غزة"", ""description"": ""سجلات الطابو العثمانية لمنطقة غزة والمناطق الجنوبية."", ""author"": ""الأرشيف العثماني"", ""type"": ""ottoman_record"", ""region"": ""غزة"", ""year"": ""1900"", ""source_url"": ""https://example.com/ottoman-gaza"", ""is_active"": ""true""}",542f64664f9c3ba9
.manus/db/db-query-1767975773406.json,land_references,10,وثائق الانتداب - حيفا,"[""title"", ""description"", ""author"", ""type"", ""region"", ""year"", ""source_url"", ""is_active""]","{""title"": ""وثائق الانتداب - حيفا"", ""description"": ""وثائق بريطانية تتعلق بتسجيل الأراضي في حيفا خلال فترة الانتداب."", ""author"": ""أرشيف الانتداب البريطاني"", ""type"": ""british_mandate"", ""region"": ""حيفا"", ""year"": ""1940"", ""source_url"": ""https://example.com/british-haifa"", ""is_active"": ""true""}",b326fdcb2ffa88df
.manus/db/db-query-1767975773406.json,land_references,11,خرائط المساحة - رام الله,"[""title"", ""description"", ""author"", ""type"", ""region"", ""year"", ""source_url"", ""is_active""]","{""title"": ""خرائط المساحة - رام الله"", ""description"": ""خرائط مساحية تفصيلية لمنطقة رام الله والبيرة."", ""author"": ""دائرة المساحة"", ""type"": ""historical_map"", ""region"": ""رام الله"", ""year"": ""1920"", ""source_url"": ""https://example.com/maps-ramallah"", ""is_active"": ""true""}",8ac8896111b86101
.manus/db/db-query-1767975773406.json,land_references,12,سجل أراضي جنين,"[""title"", ""description"", ""author"", ""type"", ""region"", ""year"", ""source_url"", ""is_active""]","{""title"": ""سجل أراضي جنين"", ""description"": ""سجل رسمي لملكية الأراضي في منطقة جنين."", ""author"": ""دائرة الأراضي"", ""type"": ""land_registry"", ""region"": ""جنين"", ""year"": ""1915"", ""source_url"": ""https://example.com/land-registry-jenin"", ""is_active"": ""true""}",16f6c3d5fe3c3f7e
.manus/db/db-query-1769029505700.json,content_templates,1,Modern Landing,"[""name"", ""name_ar"", ""description"", ""description_ar"", ""type"", ""sections"", ""layout"", ""color_scheme""]","{""name"": ""Modern Landing"", ""name_ar"": ""صفحة هبوط حديثة"", ""description"": ""A modern landing page with hero section, features, and CTA"", ""description_ar"": ""صفحة هبوط حديثة مع قسم رئيسي، مميزات، ودعوة للعمل"", ""type"": ""landing"", ""sections"": ""[\""hero\"",\""features\"",\""stats\"",\""cta\""]"", ""layout"": ""full-width"", ""color_scheme"": ""blue""}",2676912316bc75d6
.manus/db/db-query-1769029505700.json,content_templates,2,About Us,"[""name"", ""name_ar"", ""description"", ""description_ar"", ""type"", ""sections"", ""layout"", ""color_scheme""]","{""name"": ""About Us"", ""name_ar"": ""من نحن"", ""description"": ""Professional about page with team and mission"", ""description_ar"": ""صفحة تعريفية احترافية مع الفريق والرسالة"", ""type"": ""about"", ""sections"": ""[\""hero\"",\""features\"",\""testimonials\""]"", ""layout"": ""centered"", ""color_scheme"": ""green""}",88ce107e5725c2a9
.manus/db/db-query-1769029505700.json,content_templates,3,Services Showcase,"[""name"", ""name_ar"", ""description"", ""description_ar"", ""type"", ""sections"", ""layout"", ""color_scheme""]","{""name"": ""Services Showcase"", ""name_ar"": ""عرض الخدمات"", ""description"": ""Services page with detailed offerings"", ""description_ar"": ""صفحة خدمات مع عروض تفصيلية"", ""type"": ""services"", ""sections"": ""[\""hero\"",\""features\"",\""cta\""]"", ""layout"": ""grid"", ""color_scheme"": ""purple""}",53689758cbf6b9bd
.manus/db/db-query-1769029505700.json,content_templates,4,Portfolio Gallery,"[""name"", ""name_ar"", ""description"", ""description_ar"", ""type"", ""sections"", ""layout"", ""color_scheme""]","{""name"": ""Portfolio Gallery"", ""name_ar"": ""معرض الأعمال"", ""description"": ""Portfolio page with project showcase"", ""description_ar"": ""صفحة أعمال مع عرض المشاريع"", ""type"": ""portfolio"", ""sections"": ""[\""hero\"",\""features\""]"", ""layout"": ""three-columns"", ""color_scheme"": ""orange""}",2a5081f7d99559f6
.manus/db/db-query-1769029505700.json,content_templates,5,Blog Layout,"[""name"", ""name_ar"", ""description"", ""description_ar"", ""type"", ""sections"", ""layout"", ""color_scheme""]","{""name"": ""Blog Layout"", ""name_ar"": ""تخطيط المدونة"", ""description"": ""Blog page with article listings"", ""description_ar"": ""صفحة مدونة مع قوائم المقالات"", ""type"": ""blog"", ""sections"": ""[\""hero\"",\""features\""]"", ""layout"": ""two-columns"", ""color_scheme"": ""red""}",9b197f3b4f20fcd0
.manus/db/db-query-1769029505700.json,content_templates,6,Documentation,"[""name"", ""name_ar"", ""description"", ""description_ar"", ""type"", ""sections"", ""layout"", ""color_scheme""]","{""name"": ""Documentation"", ""name_ar"": ""التوثيق"", ""description"": ""Documentation page with sidebar navigation"", ""description_ar"": ""صفحة توثيق مع شريط جانبي للتنقل"", ""type"": ""documentation"", ""sections"": ""[\""hero\"",\""features\""]"", ""layout"": ""sidebar"", ""color_scheme"": ""gray""}",bb2e8c161036eaf6
.manus/db/db-query-1769029505700.json,content_templates,7,Dashboard Overview,"[""name"", ""name_ar"", ""description"", ""description_ar"", ""type"", ""sections"", ""layout"", ""color_scheme""]","{""name"": ""Dashboard Overview"", ""name_ar"": ""لوحة التحكم"", ""description"": ""Dashboard with stats and charts"", ""description_ar"": ""لوحة تحكم مع إحصائيات ورسوم بيانية"", ""type"": ""dashboard"", ""sections"": ""[\""stats\"",\""features\""]"", ""layout"": ""grid"", ""color_scheme"": ""blue""}",581ab35efd4c08c8
.manus/db/db-query-1769029505700.json,content_templates,8,E-commerce Home,"[""name"", ""name_ar"", ""description"", ""description_ar"", ""type"", ""sections"", ""layout"", ""color_scheme""]","{""name"": ""E-commerce Home"", ""name_ar"": ""الصفحة الرئيسية للمتجر"", ""description"": ""E-commerce homepage with products"", ""description_ar"": ""صفحة رئيسية للمتجر الإلكتروني مع المنتجات"", ""type"": ""ecommerce"", ""sections"": ""[\""hero\"",\""features\"",\""cta\""]"", ""layout"": ""grid"", ""color_scheme"": ""green""}",f2cecf608a503e9d
.manus/db/db-query-1769029505700.json,content_templates,9,Educational Platform,"[""name"", ""name_ar"", ""description"", ""description_ar"", ""type"", ""sections"", ""layout"", ""color_scheme""]","{""name"": ""Educational Platform"", ""name_ar"": ""منصة تعليمية"", ""description"": ""Educational platform with courses"", ""description_ar"": ""منصة تعليمية مع الدورات"", ""type"": ""educational"", ""sections"": ""[\""hero\"",\""features\"",\""testimonials\""]"", ""layout"": ""centered"", ""color_scheme"": ""purple""}",822c382b8b58f2c7
.manus/db/db-query-1769029505700.json,content_templates,10,Nonprofit Campaign,"[""name"", ""name_ar"", ""description"", ""description_ar"", ""type"", ""sections"", ""layout"", ""color_scheme""]","{""name"": ""Nonprofit Campaign"", ""name_ar"": ""حملة غير ربحية"", ""description"": ""Nonprofit page with donation CTA"", ""description_ar"": ""صفحة غير ربحية مع دعوة للتبرع"", ""type"": ""nonprofit"", ""sections"": ""[\""hero\"",\""stats\"",\""cta\""]"", ""layout"": ""full-width"", ""color_scheme"": ""orange""}",d1a55809dc58c64b
.manus/db/db-query-1769208760921.json,roles,1,super_admin,"[""name"", ""name_ar"", ""description"", ""description_ar"", ""is_system""]","{""name"": ""super_admin"", ""name_ar"": ""مدير عام"", ""description"": ""Full system access"", ""description_ar"": ""صلاحيات كاملة للنظام"", ""is_system"": ""1""}",cdb1d2d5cc33f92e
.manus/db/db-query-1769208760921.json,roles,2,admin,"[""name"", ""name_ar"", ""description"", ""description_ar"", ""is_system""]","{""name"": ""admin"", ""name_ar"": ""مدير"", ""description"": ""Administrative access"", ""description_ar"": ""صلاحيات إدارية"", ""is_system"": ""1""}",9487a92ca7211822
.manus/db/db-query-1769208760921.json,roles,3,editor,"[""name"", ""name_ar"", ""description"", ""description_ar"", ""is_system""]","{""name"": ""editor"", ""name_ar"": ""محرر"", ""description"": ""Content editing access"", ""description_ar"": ""صلاحيات تحرير المحتوى"", ""is_system"": ""0""}",f3beae55774903a3
.manus/db/db-query-1769208760921.json,roles,4,viewer,"[""name"", ""name_ar"", ""description"", ""description_ar"", ""is_system""]","{""name"": ""viewer"", ""name_ar"": ""مشاهد"", ""description"": ""Read-only access"", ""description_ar"": ""صلاحيات القراءة فقط"", ""is_system"": ""0""}",b308e1a95f4af925
.manus/db/db-query-1769208760921.json,permissions,1,users.create,"[""name"", ""name_ar"", ""description"", ""description_ar"", ""resource"", ""action""]","{""name"": ""users.create"", ""name_ar"": ""إنشاء مستخدمين"", ""description"": ""Create new users"", ""description_ar"": ""إنشاء مستخدمين جدد"", ""resource"": ""users"", ""action"": ""create""}",33132a2b6b977deb
.manus/db/db-query-1769208760921.json,permissions,2,users.read,"[""name"", ""name_ar"", ""description"", ""description_ar"", ""resource"", ""action""]","{""name"": ""users.read"", ""name_ar"": ""عرض المستخدمين"", ""description"": ""View users"", ""description_ar"": ""عرض المستخدمين"", ""resource"": ""users"", ""action"": ""read""}",d3686c8a25697624
.manus/db/db-query-1769208760921.json,permissions,3,users.update,"[""name"", ""name_ar"", ""description"", ""description_ar"", ""resource"", ""action""]","{""name"": ""users.update"", ""name_ar"": ""تحديث المستخدمين"", ""description"": ""Update users"", ""description_ar"": ""تحديث المستخدمين"", ""resource"": ""users"", ""action"": ""update""}",a1396952db953609
.manus/db/db-query-1769208760921.json,permissions,4,users.delete,"[""name"", ""name_ar"", ""description"", ""description_ar"", ""resource"", ""action""]","{""name"": ""users.delete"", ""name_ar"": ""حذف المستخدمين"", ""description"": ""Delete users"", ""description_ar"": ""حذف المستخدمين"", ""resource"": ""users"", ""action"": ""delete""}",6e0aaa302c4e5963
.manus/db/db-query-1769208760921.json,permissions,5,content.create,"[""name"", ""name_ar"", ""description"", ""description_ar"", ""resource"", ""action""]","{""name"": ""content.create"", ""name_ar"": ""إنشاء محتوى"", ""description"": ""Create content"", ""description_ar"": ""إنشاء محتوى جديد"", ""resource"": ""content"", ""action"": ""create""}",2c7c6b9d53b0f010
.manus/db/db-query-1769208760921.json,permissions,6,content.read,"[""name"", ""name_ar"", ""description"", ""description_ar"", ""resource"", ""action""]","{""name"": ""content.read"", ""name_ar"": ""عرض المحتوى"", ""description"": ""View content"", ""description_ar"": ""عرض المحتوى"", ""resource"": ""content"", ""action"": ""read""}",8368a1949b0a504f
.manus/db/db-query-1769208760921.json,permissions,7,content.update,"[""name"", ""name_ar"", ""description"", ""description_ar"", ""resource"", ""action""]","{""name"": ""content.update"", ""name_ar"": ""تحديث المحتوى"", ""description"": ""Update content"", ""description_ar"": ""تحديث المحتوى"", ""resource"": ""content"", ""action"": ""update""}",604cde92e531fbd0
.manus/db/db-query-1769208760921.json,permissions,8,content.delete,"[""name"", ""name_ar"", ""description"", ""description_ar"", ""resource"", ""action""]","{""name"": ""content.delete"", ""name_ar"": ""حذف المحتوى"", ""description"": ""Delete content"", ""description_ar"": ""حذف المحتوى"", ""resource"": ""content"", ""action"": ""delete""}",20331a727a8dd887
.manus/db/db-query-1769208760921.json,permissions,9,settings.read,"[""name"", ""name_ar"", ""description"", ""description_ar"", ""resource"", ""action""]","{""name"": ""settings.read"", ""name_ar"": ""عرض الإعدادات"", ""description"": ""View settings"", ""description_ar"": ""عرض الإعدادات"", ""resource"": ""settings"", ""action"": ""read""}",cfef6957c7cb414c
.manus/db/db-query-1769208760921.json,permissions,10,settings.update,"[""name"", ""name_ar"", ""description"", ""description_ar"", ""resource"", ""action""]","{""name"": ""settings.update"", ""name_ar"": ""تحديث الإعدادات"", ""description"": ""Update settings"", ""description_ar"": ""تحديث الإعدادات"", ""resource"": ""settings"", ""action"": ""update""}",1ff93c10f6d88011
.manus/db/db-query-1772922268453.json,__drizzle_migrations,1,,"[""created_at"", ""hash""]","{""created_at"": ""FROM_UNIXTIME(1767964934024/1000)"", ""hash"": ""manual_0000""}",86bbe13dc8caf851
.manus/db/db-query-1772922268453.json,__drizzle_migrations,2,,"[""created_at"", ""hash""]","{""created_at"": ""FROM_UNIXTIME(1767975640312/1000)"", ""hash"": ""manual_0001""}",498482823cb24f17
.manus/db/db-query-1772922268453.json,__drizzle_migrations,3,,"[""created_at"", ""hash""]","{""created_at"": ""FROM_UNIXTIME(1767976144157/1000)"", ""hash"": ""manual_0002""}",515abc61e17c2ad4
.manus/db/db-query-1772922268453.json,__drizzle_migrations,4,,"[""created_at"", ""hash""]","{""created_at"": ""FROM_UNIXTIME(1767995883641/1000)"", ""hash"": ""manual_0003""}",e77051efdea67ce1
.manus/db/db-query-1772922268453.json,__drizzle_migrations,5,,"[""created_at"", ""hash""]","{""created_at"": ""FROM_UNIXTIME(1768002863593/1000)"", ""hash"": ""manual_0004""}",ab958f4622784933
.manus/db/db-query-1772922268453.json,__drizzle_migrations,6,,"[""created_at"", ""hash""]","{""created_at"": ""FROM_UNIXTIME(1768003941129/1000)"", ""hash"": ""manual_0005""}",19d3a8276df3a683
.manus/db/db-query-1772922268453.json,__drizzle_migrations,7,,"[""created_at"", ""hash""]","{""created_at"": ""FROM_UNIXTIME(1768079579319/1000)"", ""hash"": ""manual_0006""}",86b7b3be710a8380
.manus/db/db-query-1772922268453.json,__drizzle_migrations,8,,"[""created_at"", ""hash""]","{""created_at"": ""FROM_UNIXTIME(1768943625714/1000)"", ""hash"": ""manual_0007""}",f8095fbb08685aa3
.manus/db/db-query-1772922268453.json,__drizzle_migrations,9,,"[""created_at"", ""hash""]","{""created_at"": ""FROM_UNIXTIME(1768944190168/1000)"", ""hash"": ""manual_0008""}",4e3318dee65f66c2
.manus/db/db-query-1772922268453.json,__drizzle_migrations,10,,"[""created_at"", ""hash""]","{""created_at"": ""FROM_UNIXTIME(1769029445228/1000)"", ""hash"": ""manual_0009""}",c02f31b1bbd75c76
.manus/db/db-query-1772922268453.json,__drizzle_migrations,11,,"[""created_at"", ""hash""]","{""created_at"": ""FROM_UNIXTIME(1769376361464/1000)"", ""hash"": ""manual_0010""}",17e180fb83bfec4f
.manus/db/db-query-1772922268453.json,__drizzle_migrations,12,,"[""created_at"", ""hash""]","{""created_at"": ""FROM_UNIXTIME(1769461453316/1000)"", ""hash"": ""manual_0011""}",d7e58fcae9d7f5d4
.manus/db/db-query-1772922268453.json,__drizzle_migrations,13,,"[""created_at"", ""hash""]","{""created_at"": ""FROM_UNIXTIME(1772146723873/1000)"", ""hash"": ""manual_0012""}",ae22f5a82dfdb862
.manus/db/db-query-1772922268453.json,__drizzle_migrations,14,,"[""created_at"", ""hash""]","{""created_at"": ""FROM_UNIXTIME(1772834804141/1000)"", ""hash"": ""manual_0013""}",d6cc1a8ccac5adba
.manus/db/db-query-1772922268453.json,__drizzle_migrations,15,,"[""created_at"", ""hash""]","{""created_at"": ""FROM_UNIXTIME(1772836713030/1000)"", ""hash"": ""manual_0014""}",4cd5af4d315b4b24
.manus/db/db-query-1772922268453.json,__drizzle_migrations,16,,"[""created_at"", ""hash""]","{""created_at"": ""FROM_UNIXTIME(1772838021843/1000)"", ""hash"": ""manual_0015""}",1ae59d9d528ac631
.manus/db/db-query-1772922268453.json,__drizzle_migrations,17,,"[""created_at"", ""hash""]","{""created_at"": ""FROM_UNIXTIME(1772921377757/1000)"", ""hash"": ""manual_0016""}",bf36d2c0e69ffceb
.manus/db/db-query-1772922268453.json,__drizzle_migrations,18,,"[""created_at"", ""hash""]","{""created_at"": ""hash"", ""hash"": """"}",52864a73fd9f3a83
.manus/db/db-query-error-1765143239886.json,knowledge_base,1,قانون الأوقاف والشؤون والمقدسات الإسلامية رقم (26) لسنة 1966,"[""title"", ""content"", ""category"", ""tags"", ""source"", ""source_type"", ""is_verified"", ""created_by"", ""created_at"", ""updated_at""]","{""title"": ""قانون الأوقاف والشؤون والمقدسات الإسلامية رقم (26) لسنة 1966"", ""content"": ""العمود الفقري لأحكام الأوقاف في المحافظات الشمالية\n\nالنوع: قانون\nالسنة: 1966\nالمصدر: الجريدة الرسمية الفلسطينية"", ""category"": ""قوانين"", ""tags"": ""[\""قانون\"", \""سنة 1966\"", \""تشريعات فلسطينية\""]"", ""source"": ""الجريدة الرسمية الفلسطينية"", ""source_type"": ""قانون"", ""is_verified"": ""1"", ""created_by"": ""1"", ""created_at"": ""NOW()"", ""updated_at"": ""NOW()""}",2501b28c97dc4fdf
.manus/db/db-query-error-1765143239886.json,knowledge_base,2,قرار بقانون رقم (2) لسنة 2023 بشأن تعديل قانون الأوقاف,"[""title"", ""content"", ""category"", ""tags"", ""source"", ""source_type"", ""is_verified"", ""created_by"", ""created_at"", ""updated_at""]","{""title"": ""قرار بقانون رقم (2) لسنة 2023 بشأن تعديل قانون الأوقاف"", ""content"": ""تعديلات على قانون الأوقاف تتعلق بجباية الرسوم والأحكار وحجية الحجج الوقفية\n\nالنوع: قرار بقانون\nالسنة: 2023\nالمصدر: الجريدة الرسمية الفلسطينية"", ""category"": ""قوانين"", ""tags"": ""[\""قرار بقانون\"", \""سنة 2023\"", \""تشريعات فلسطينية\""]"", ""source"": ""الجريدة الرسمية الفلسطينية"", ""source_type"": ""قانون"", ""is_verified"": ""1"", ""created_by"": ""1"", ""created_at"": ""NOW()"", ""updated_at"": ""NOW()""}",0dfeb13ff348ee9e
.manus/db/db-query-error-1765143239886.json,knowledge_base,3,قانون المالكين والمستأجرين للعقارات الوقفية رقم (5) لسنة 1964,"[""title"", ""content"", ""category"", ""tags"", ""source"", ""source_type"", ""is_verified"", ""created_by"", ""created_at"", ""updated_at""]","{""title"": ""قانون المالكين والمستأجرين للعقارات الوقفية رقم (5) لسنة 1964"", ""content"": ""قانون أردني لا يزال مرجعاً للمباني المؤجرة على أعيان وقف في الضفة\n\nالنوع: قانون\nالسنة: 1964\nالمصدر: pacc.ps"", ""category"": ""قوانين"", ""tags"": ""[\""قانون\"", \""سنة 1964\"", \""تشريعات فلسطينية\""]"", ""source"": ""pacc.ps"", ""source_type"": ""قانون"", ""is_verified"": ""1"", ""created_by"": ""1"", ""created_at"": ""NOW()"", ""updated_at"": ""NOW()""}",6bf3a35df002e502
.manus/db/db-query-error-1765143239886.json,knowledge_base,4,قانون إعفاء الأوقاف الخيرية من الضرائب والرسوم رقم (36) لسنة 1973,"[""title"", ""content"", ""category"", ""tags"", ""source"", ""source_type"", ""is_verified"", ""created_by"", ""created_at"", ""updated_at""]","{""title"": ""قانون إعفاء الأوقاف الخيرية من الضرائب والرسوم رقم (36) لسنة 1973"", ""content"": ""يعفي الأوقاف الخيرية من ضرائب ورسوم متعددة\n\nالنوع: قانون\nالسنة: 1973\nالمصدر: تشريعات الأردن"", ""category"": ""قوانين"", ""tags"": ""[\""قانون\"", \""سنة 1973\"", \""تشريعات فلسطينية\""]"", ""source"": ""تشريعات الأردن"", ""source_type"": ""قانون"", ""is_verified"": ""1"", ""created_by"": ""1"", ""created_at"": ""NOW()"", ""updated_at"": ""NOW()""}",ed872e3376d09ec2
.manus/db/db-query-error-1765145073080.json,knowledge_documents,1,تعريف الوقف في الفقه الإسلامي,"[""title"", ""type"", ""content"", ""category"", ""keywords"", ""sources"", ""legalReferences"", ""createdAt"", ""updatedAt""]","{""title"": ""تعريف الوقف في الفقه الإسلامي"", ""type"": ""مقال"", ""content"": ""الوقف لغة: الحبس والمنع. واصطلاحاً: حبس العين عن التمليك لأحد من العباد والتصدق بالمنفعة على جهة بر وخير. وقد عرفه الإمام أبو حنيفة بأنه: \""حبس العين على ملك الواقف والتصدق بالمنفعة\"". بينما عرفه الشافعية والحنابلة بأنه: \""حبس مال يمكن الانتفاع به مع بقاء عينه بقطع التصرف في رقبته على مصرف مباح موجود\"". والوقف من أعظم أبواب البر في الإسلام، وهو صدقة جارية لا تنقطع بموت الواقف."", ""category"": ""أساسيات شرعية"", ""keywords"": ""تعريف، وقف، حبس العين، تسبيل المنفعة، فقه، أبو حنيفة، الشافعي"", ""sources"": ""المغني لابن قدامة؛ الأم للشافعي؛ بدائع الصنائع للكاساني"", ""legalReferences"": ""المادة 3 من قانون الأوقاف الأردني رقم 32 لسنة 2001"", ""createdAt"": ""NOW()"", ""updatedAt"": ""NOW()""}",63c1406d0f00fdd8
.manus/db/db-query-error-1767919336713.json,knowledge_documents,1,قانون الأراضي العثماني - المادة 1: تعريف الأراضي,"[""title"", ""content"", ""source"", ""category"", ""tags"", ""createdAt"", ""updatedAt""]","{""title"": ""قانون الأراضي العثماني - المادة 1: تعريف الأراضي"", ""content"": ""المادة الأولى: الأراضي على خمسة أقسام..."", ""source"": ""قانون الأراضي العثماني 1858"", ""category"": ""قانوني"", ""tags"": ""أراضي، ملكية، أميرية، وقف"", ""createdAt"": ""1736362800000"", ""updatedAt"": ""1736362800000""}",b798ef2795b9adea
.manus/db/db-query-error-1767974642436.json,knowledge_documents,1,متصرفية القدس أواخر العهد العثماني,"[""title"", ""author"", ""year"", ""category"", ""type"", ""url"", ""content"", ""tags"", ""createdAt"", ""updatedAt""]","{""title"": ""متصرفية القدس أواخر العهد العثماني"", ""author"": ""عبد العزيز عوض"", ""year"": """", ""category"": ""historical"", ""type"": ""كتاب"", ""url"": ""https://archive.org/details/skrdieh_lau_20160316"", ""content"": ""دراسة تاريخية شاملة لمتصرفية القدس في نهاية العهد العثماني، تغطي الوضع الإداري والاجتماعي والاقتصادي في القدس قبل الانتداب البريطاني. الكتاب متاح للتحميل المجاني على Internet Archive بحجم 32.5 ميجابايت."", ""tags"": ""متصرفية القدس, العهد العثماني, تاريخ فلسطين, القدس"", ""createdAt"": ""datetime(now)"", ""updatedAt"": ""datetime(now)""}",5f1a720b89bdd554
.manus/db/db-query-error-1767974642436.json,knowledge_documents,1,ديار بئر السبع: جنوب فلسطين العثماني - الأرض والمجتمع والدولة,"[""title"", ""author"", ""year"", ""category"", ""type"", ""url"", ""content"", ""tags"", ""createdAt"", ""updatedAt""]","{""title"": ""ديار بئر السبع: جنوب فلسطين العثماني - الأرض والمجتمع والدولة"", ""author"": ""أحمد أمارة"", ""year"": ""2024"", ""category"": ""law"", ""type"": ""كتاب أكاديمي"", ""url"": ""https://books.google.com/books?id=n_0IEQAAQBAJ"", ""content"": ""دراسة شاملة لقضاء بئر السبع الذي كان جزءاً من متصرفية القدس. يتناول الكتاب تطبيق قانون الأراضي العثماني ونظام القضاء بشأن حقوق ملكية الأراضي، ويشمل تحليلاً لقانون الأراضي، والقانون المدني، وقانون الطابو."", ""tags"": ""بئر السبع, قانون الأراضي العثماني, متصرفية القدس, الطابو"", ""createdAt"": ""datetime(now)"", ""updatedAt"": ""datetime(now)""}",22972fd07f3d056a
.manus/db/db-query-error-1767974642436.json,knowledge_documents,1,حق التصرف الوارد على الأراضي الأميرية وفقاً للتشريعات النافذة في فلسطين,"[""title"", ""author"", ""year"", ""category"", ""type"", ""url"", ""content"", ""tags"", ""createdAt"", ""updatedAt""]","{""title"": ""حق التصرف الوارد على الأراضي الأميرية وفقاً للتشريعات النافذة في فلسطين"", ""author"": ""أنسام عارف جاسر كراكره"", ""year"": ""2025"", ""category"": ""law"", ""type"": ""رسالة ماجستير"", ""url"": ""https://repository.aaup.edu/handle/123456789/3565"", ""content"": ""دراسة تحليلية مقارنة لحق التصرف الوارد على الأراضي الأميرية، سواء المستمدة من قانون الأراضي العثماني لسنة 1858م، أو القوانين الأردنية المطبقة في الضفة الغربية، أو التشريعات الصادرة عن السلطة الوطنية الفلسطينية."", ""tags"": ""الأراضي الأميرية, قانون الأراضي, فلسطين, دراسة مقارنة"", ""createdAt"": ""datetime(now)"", ""updatedAt"": ""datetime(now)""}",1b352a144e3b4863
.manus/db/db-query-error-1767974642436.json,knowledge_documents,1,النظام القانوني للأراضي الأميرية في فلسطين,"[""title"", ""author"", ""year"", ""category"", ""type"", ""url"", ""content"", ""tags"", ""createdAt"", ""updatedAt""]","{""title"": ""النظام القانوني للأراضي الأميرية في فلسطين"", ""author"": ""حسين عاهد العيسه"", ""year"": ""2016"", ""category"": ""law"", ""type"": ""رسالة أكاديمية"", ""url"": ""https://fada.birzeit.edu/bitstream/20.500.11889/5695/1/"", ""content"": ""دراسة متخصصة في النوع الثاني من أنواع الأراضي في قانون الأراضي العثماني. تعتبر الأراضي الأميرية الأكثر انتشاراً في الأراضي الفلسطينية عبر المراحل التاريخية المختلفة."", ""tags"": ""الأراضي الأميرية, قانون الأراضي العثماني, فلسطين, جامعة بيرزيت"", ""createdAt"": ""datetime(now)"", ""updatedAt"": ""datetime(now)""}",eb81949f12a832e5
.manus/db/db-query-error-1767974642436.json,knowledge_documents,1,تسوية وتسجيل الأراضي في القدس الشرقية: الإشكاليات، التحديات والإسقاطات,"[""title"", ""author"", ""year"", ""category"", ""type"", ""url"", ""content"", ""tags"", ""createdAt"", ""updatedAt""]","{""title"": ""تسوية وتسجيل الأراضي في القدس الشرقية: الإشكاليات، التحديات والإسقاطات"", ""author"": ""راسم محيي الدين خمايسي"", ""year"": ""2020"", ""category"": ""law"", ""type"": ""دراسة أكاديمية"", ""url"": ""https://dspace.alquds.edu/handle/20.500.12213/9083"", ""content"": ""دراسة تناقش الوضع المعقد والإشكال القائم بشأن تسوية الأراضي وتسجيلها في القدس الشرقية، وكذلك الآثار والعواقب. تقترح مبادئ وتوجيهات عامة للسياسات والأدوات لتمكين تسوية الأراضي."", ""tags"": ""القدس الشرقية, تسوية الأراضي, تسجيل الأراضي, جامعة القدس"", ""createdAt"": ""datetime(now)"", ""updatedAt"": ""datetime(now)""}",3f190eba5be34f62
.manus/db/db-query-error-1767974647793.json,knowledge_documents,1,متصرفية القدس أواخر العهد العثماني,"[""title"", ""author"", ""year"", ""category"", ""type"", ""url"", ""content"", ""tags"", ""createdAt"", ""updatedAt""]","{""title"": ""متصرفية القدس أواخر العهد العثماني"", ""author"": ""عبد العزيز عوض"", ""year"": """", ""category"": ""historical"", ""type"": ""كتاب"", ""url"": ""https://archive.org/details/skrdieh_lau_20160316"", ""content"": ""دراسة تاريخية شاملة لمتصرفية القدس في نهاية العهد العثماني، تغطي الوضع الإداري والاجتماعي والاقتصادي في القدس قبل الانتداب البريطاني. الكتاب متاح للتحميل المجاني على Internet Archive بحجم 32.5 ميجابايت."", ""tags"": ""متصرفية القدس, العهد العثماني, تاريخ فلسطين, القدس"", ""createdAt"": ""NOW()"", ""updatedAt"": ""NOW()""}",e43f1062c5dcd963
.manus/db/db-query-error-1770368748592.json,page_settings,1,نموذج الذكاء الصناعي للأوقاف الإسلامية في فلسطين,"[""page_name"", ""title"", ""description"", ""meta_keywords"", ""og_image"", ""custom_css"", ""custom_js"", ""is_active""]","{""page_name"": ""home"", ""title"": ""نموذج الذكاء الصناعي للأوقاف الإسلامية في فلسطين"", ""description"": ""نظام ذكاء اصطناعي شامل يستند إلى القوانين الفلسطينية، مجلة الأحكام العدلية، والمراجع الشرعية والتاريخية"", ""meta_keywords"": ""أوقاف، فلسطين، ذكاء اصطناعي، قانون، مجلة الأحكام العدلية"", ""og_image"": """", ""custom_css"": """", ""custom_js"": """", ""is_active"": ""1""}",ffe6f413dda08f6b
.manus/db/db-query-error-1770368748592.json,page_settings,2,من نحن - نموذج الأوقاف,"[""page_name"", ""title"", ""description"", ""meta_keywords"", ""og_image"", ""custom_css"", ""custom_js"", ""is_active""]","{""page_name"": ""about"", ""title"": ""من نحن - نموذج الأوقاف"", ""description"": ""تعرف على نموذج الذكاء الصناعي المتخصص في الأوقاف الإسلامية"", ""meta_keywords"": ""من نحن، أوقاف، فلسطين"", ""og_image"": """", ""custom_css"": """", ""custom_js"": """", ""is_active"": ""1""}",a06977d79ba9b1c8
.manus/db/db-query-error-1770368748592.json,page_settings,3,خدماتنا - نموذج الأوقاف,"[""page_name"", ""title"", ""description"", ""meta_keywords"", ""og_image"", ""custom_css"", ""custom_js"", ""is_active""]","{""page_name"": ""services"", ""title"": ""خدماتنا - نموذج الأوقاف"", ""description"": ""استكشف خدماتنا المتخصصة في مجال الأوقاف"", ""meta_keywords"": ""خدمات، أوقاف، استشارات"", ""og_image"": """", ""custom_css"": """", ""custom_js"": """", ""is_active"": ""1""}",b80a2e6eb52455b9
.manus/db/db-query-error-1770368748592.json,page_settings,4,مراجع الأوقاف,"[""page_name"", ""title"", ""description"", ""meta_keywords"", ""og_image"", ""custom_css"", ""custom_js"", ""is_active""]","{""page_name"": ""references"", ""title"": ""مراجع الأوقاف"", ""description"": ""مراجع قانونية وشرعية شاملة للأوقاف الإسلامية"", ""meta_keywords"": ""مراجع، قوانين، أوقاف"", ""og_image"": """", ""custom_css"": """", ""custom_js"": """", ""is_active"": ""1""}",109943a3f9029d23
.manus/db/db-query-error-1770368748592.json,page_settings,5,قاعدة المعرفة,"[""page_name"", ""title"", ""description"", ""meta_keywords"", ""og_image"", ""custom_css"", ""custom_js"", ""is_active""]","{""page_name"": ""knowledge"", ""title"": ""قاعدة المعرفة"", ""description"": ""قاعدة معرفية شاملة حول الأوقاف الإسلامية"", ""meta_keywords"": ""معرفة، أوقاف، مكتبة"", ""og_image"": """", ""custom_css"": """", ""custom_js"": """", ""is_active"": ""1""}",568852e40c436f07
.manus/db/db-query-error-1770368748592.json,page_settings,6,اتصل بنا,"[""page_name"", ""title"", ""description"", ""meta_keywords"", ""og_image"", ""custom_css"", ""custom_js"", ""is_active""]","{""page_name"": ""contact"", ""title"": ""اتصل بنا"", ""description"": ""تواصل معنا للاستفسارات والاستشارات"", ""meta_keywords"": ""اتصل بنا، تواصل"", ""og_image"": """", ""custom_css"": """", ""custom_js"": """", ""is_active"": ""1""}",4e8d25548c3f48be
.manus/db/db-query-error-1770368748592.json,page_settings,7,المدونة,"[""page_name"", ""title"", ""description"", ""meta_keywords"", ""og_image"", ""custom_css"", ""custom_js"", ""is_active""]","{""page_name"": ""blog"", ""title"": ""المدونة"", ""description"": ""آخر الأخبار والمقالات حول الأوقاف"", ""meta_keywords"": ""مدونة، أخبار، مقالات"", ""og_image"": """", ""custom_css"": """", ""custom_js"": """", ""is_active"": ""1""}",2fa44cd5b71ef732
.manus/db/db-query-error-1770368775940.json,page_settings,1,نموذج الذكاء الصناعي للأوقاف الإسلامية في فلسطين,"[""page_name"", ""title"", ""description"", ""meta_keywords"", ""og_image"", ""custom_css"", ""custom_js"", ""is_active""]","{""page_name"": ""home"", ""title"": ""نموذج الذكاء الصناعي للأوقاف الإسلامية في فلسطين"", ""description"": ""نظام ذكاء اصطناعي شامل يستند إلى القوانين الفلسطينية، مجلة الأحكام العدلية، والمراجع الشرعية والتاريخية"", ""meta_keywords"": ""أوقاف، فلسطين، ذكاء اصطناعي، قانون، مجلة الأحكام العدلية"", ""og_image"": """", ""custom_css"": """", ""custom_js"": """", ""is_active"": ""1""}",ffe6f413dda08f6b
.manus/db/db-query-error-1770368775940.json,page_settings,2,من نحن - نموذج الأوقاف,"[""page_name"", ""title"", ""description"", ""meta_keywords"", ""og_image"", ""custom_css"", ""custom_js"", ""is_active""]","{""page_name"": ""about"", ""title"": ""من نحن - نموذج الأوقاف"", ""description"": ""تعرف على نموذج الذكاء الصناعي المتخصص في الأوقاف الإسلامية"", ""meta_keywords"": ""من نحن، أوقاف، فلسطين"", ""og_image"": """", ""custom_css"": """", ""custom_js"": """", ""is_active"": ""1""}",a06977d79ba9b1c8
.manus/db/db-query-error-1770368775940.json,page_settings,3,خدماتنا - نموذج الأوقاف,"[""page_name"", ""title"", ""description"", ""meta_keywords"", ""og_image"", ""custom_css"", ""custom_js"", ""is_active""]","{""page_name"": ""services"", ""title"": ""خدماتنا - نموذج الأوقاف"", ""description"": ""استكشف خدماتنا المتخصصة في مجال الأوقاف"", ""meta_keywords"": ""خدمات، أوقاف، استشارات"", ""og_image"": """", ""custom_css"": """", ""custom_js"": """", ""is_active"": ""1""}",b80a2e6eb52455b9
.manus/db/db-query-error-1770368775940.json,page_settings,4,مراجع الأوقاف,"[""page_name"", ""title"", ""description"", ""meta_keywords"", ""og_image"", ""custom_css"", ""custom_js"", ""is_active""]","{""page_name"": ""references"", ""title"": ""مراجع الأوقاف"", ""description"": ""مراجع قانونية وشرعية شاملة للأوقاف الإسلامية"", ""meta_keywords"": ""مراجع، قوانين، أوقاف"", ""og_image"": """", ""custom_css"": """", ""custom_js"": """", ""is_active"": ""1""}",109943a3f9029d23
.manus/db/db-query-error-1770368775940.json,page_settings,5,قاعدة المعرفة,"[""page_name"", ""title"", ""description"", ""meta_keywords"", ""og_image"", ""custom_css"", ""custom_js"", ""is_active""]","{""page_name"": ""knowledge"", ""title"": ""قاعدة المعرفة"", ""description"": ""قاعدة معرفية شاملة حول الأوقاف الإسلامية"", ""meta_keywords"": ""معرفة، أوقاف، مكتبة"", ""og_image"": """", ""custom_css"": """", ""custom_js"": """", ""is_active"": ""1""}",568852e40c436f07
.manus/db/db-query-error-1770368775940.json,page_settings,6,اتصل بنا,"[""page_name"", ""title"", ""description"", ""meta_keywords"", ""og_image"", ""custom_css"", ""custom_js"", ""is_active""]","{""page_name"": ""contact"", ""title"": ""اتصل بنا"", ""description"": ""تواصل معنا للاستفسارات والاستشارات"", ""meta_keywords"": ""اتصل بنا، تواصل"", ""og_image"": """", ""custom_css"": """", ""custom_js"": """", ""is_active"": ""1""}",4e8d25548c3f48be
.manus/db/db-query-error-1770368775940.json,page_settings,7,المدونة,"[""page_name"", ""title"", ""description"", ""meta_keywords"", ""og_image"", ""custom_css"", ""custom_js"", ""is_active""]","{""page_name"": ""blog"", ""title"": ""المدونة"", ""description"": ""آخر الأخبار والمقالات حول الأوقاف"", ""meta_keywords"": ""مدونة، أخبار، مقالات"", ""og_image"": """", ""custom_css"": """", ""custom_js"": """", ""is_active"": ""1""}",2fa44cd5b71ef732
