legacy_batch_source,new_stage_batch,source_file,legacy_table_name,record_key,legacy_dedupe_key,target_schema,target_table,migration_priority,payload_kind,title_or_key,planned_batch08_action
knowledge_batch_07,knowledge_batch_08,insert_jerusalem_refs.sql,knowledge_documents,متصرفية القدس أواخر العهد العثماني,5f1a720b89bdd554,assistant,knowledge_documents,P1,legacy_sql_insert_row,متصرفية القدس أواخر العهد العثماني,stage_all_then_promote_p1_knowledge
knowledge_batch_07,knowledge_batch_08,insert_jerusalem_refs.sql,knowledge_documents,ديار بئر السبع: جنوب فلسطين العثماني - الأرض والمجتمع والدولة,22972fd07f3d056a,assistant,knowledge_documents,P1,legacy_sql_insert_row,ديار بئر السبع: جنوب فلسطين العثماني - الأرض والمجتمع والدولة,stage_all_then_promote_p1_knowledge
knowledge_batch_07,knowledge_batch_08,insert_jerusalem_refs.sql,knowledge_documents,حق التصرف الوارد على الأراضي الأميرية وفقاً للتشريعات النافذة في فلسطين,1b352a144e3b4863,assistant,knowledge_documents,P1,legacy_sql_insert_row,حق التصرف الوارد على الأراضي الأميرية وفقاً للتشريعات النافذة في فلسطين,stage_all_then_promote_p1_knowledge
knowledge_batch_07,knowledge_batch_08,insert_jerusalem_refs.sql,knowledge_documents,النظام القانوني للأراضي الأميرية في فلسطين,eb81949f12a832e5,assistant,knowledge_documents,P1,legacy_sql_insert_row,النظام القانوني للأراضي الأميرية في فلسطين,stage_all_then_promote_p1_knowledge
knowledge_batch_07,knowledge_batch_08,insert_jerusalem_refs.sql,knowledge_documents,تسوية وتسجيل الأراضي في القدس الشرقية: الإشكاليات، التحديات والإسقاطات,3f190eba5be34f62,assistant,knowledge_documents,P1,legacy_sql_insert_row,تسوية وتسجيل الأراضي في القدس الشرقية: الإشكاليات، التحديات والإسقاطات,stage_all_then_promote_p1_knowledge
knowledge_batch_07,knowledge_batch_08,insert_jerusalem_refs.sql,knowledge_documents,"Consequences of the Ottoman land law: Agrarian and privatization processes in Palestine, 1858–1918",dea66f77db7907e4,assistant,knowledge_documents,P1,legacy_sql_insert_row,"Consequences of the Ottoman land law: Agrarian and privatization processes in Palestine, 1858–1918",stage_all_then_promote_p1_knowledge
knowledge_batch_07,knowledge_batch_08,insert_jerusalem_refs.sql,knowledge_documents,Land privatization in nineteenth-century Ottoman Palestine,761cecc41e3d6818,assistant,knowledge_documents,P1,legacy_sql_insert_row,Land privatization in nineteenth-century Ottoman Palestine,stage_all_then_promote_p1_knowledge
knowledge_batch_07,knowledge_batch_08,insert_jerusalem_refs.sql,knowledge_documents,Land registry maps in Palestine during the Ottoman period,f38a0700036312cf,assistant,knowledge_documents,P1,legacy_sql_insert_row,Land registry maps in Palestine during the Ottoman period,stage_all_then_promote_p1_knowledge
knowledge_batch_07,knowledge_batch_08,insert_jerusalem_refs.sql,knowledge_documents,Mind the Gap: An Archaeological View of Land Tenure and Usufruct Rights Around Jerusalem,ec93127203a09523,assistant,knowledge_documents,P1,legacy_sql_insert_row,Mind the Gap: An Archaeological View of Land Tenure and Usufruct Rights Around Jerusalem,stage_all_then_promote_p1_knowledge
knowledge_batch_07,knowledge_batch_08,insert_jerusalem_refs.sql,knowledge_documents,قانون الأراضي العثماني (1858),88db09ae4d2b674e,assistant,knowledge_documents,P1,legacy_sql_insert_row,قانون الأراضي العثماني (1858),stage_all_then_promote_p1_knowledge
knowledge_batch_07,knowledge_batch_08,insert_jerusalem_refs.sql,knowledge_documents,نظام ملكية الأراضي في العهد العثماني,1f69de305a873d97,assistant,knowledge_documents,P1,legacy_sql_insert_row,نظام ملكية الأراضي في العهد العثماني,stage_all_then_promote_p1_knowledge
knowledge_batch_07,knowledge_batch_08,insert_jerusalem_refs.sql,knowledge_documents,وثائق الملكية الفلسطينية في الأرشيف العثماني,0cbb12e42dfa29c9,assistant,knowledge_documents,P1,legacy_sql_insert_row,وثائق الملكية الفلسطينية في الأرشيف العثماني,stage_all_then_promote_p1_knowledge
knowledge_batch_07,knowledge_batch_08,insert_jerusalem_refs.sql,knowledge_documents,الأرشيف العثماني بأيدٍ فلسطينية.. وثائق تثبت ملكية الأراضي,babd7bc5feb932ec,assistant,knowledge_documents,P1,legacy_sql_insert_row,الأرشيف العثماني بأيدٍ فلسطينية.. وثائق تثبت ملكية الأراضي,stage_all_then_promote_p1_knowledge
knowledge_batch_07,knowledge_batch_08,insert_jerusalem_refs.sql,knowledge_documents,التنظيم القانوني للأراضي في فلسطين (1858 - الحاضر),0c388894bbfd90a8,assistant,knowledge_documents,P1,legacy_sql_insert_row,التنظيم القانوني للأراضي في فلسطين (1858 - الحاضر),stage_all_then_promote_p1_knowledge
knowledge_batch_07,knowledge_batch_08,scripts/bulk-import.sql,knowledge_documents,قانون الأراضي العثماني - المادة 1: تعريف الأراضي,8554776af0cacb25,assistant,knowledge_documents,P1,legacy_sql_insert_row,قانون الأراضي العثماني - المادة 1: تعريف الأراضي,stage_all_then_promote_p1_knowledge
knowledge_batch_07,knowledge_batch_08,scripts/bulk-import.sql,knowledge_documents,قانون الأراضي العثماني - المادة 3: الأراضي الأميرية,490ce6c1def969ae,assistant,knowledge_documents,P1,legacy_sql_insert_row,قانون الأراضي العثماني - المادة 3: الأراضي الأميرية,stage_all_then_promote_p1_knowledge
knowledge_batch_07,knowledge_batch_08,scripts/bulk-import.sql,knowledge_documents,قانون الأراضي العثماني - المادة 12: وقف الأراضي الأميرية,21d20b3e22f79b9b,assistant,knowledge_documents,P1,legacy_sql_insert_row,قانون الأراضي العثماني - المادة 12: وقف الأراضي الأميرية,stage_all_then_promote_p1_knowledge
knowledge_batch_07,knowledge_batch_08,scripts/bulk-import.sql,knowledge_documents,مجلة الأحكام العدلية - المادة 1: تعريف الوقف,6037a80de3c8070a,assistant,knowledge_documents,P1,legacy_sql_insert_row,مجلة الأحكام العدلية - المادة 1: تعريف الوقف,stage_all_then_promote_p1_knowledge
knowledge_batch_07,knowledge_batch_08,scripts/bulk-import.sql,knowledge_documents,مجلة الأحكام العدلية - المادة 5: شروط صحة الوقف,bfef08453aa0a857,assistant,knowledge_documents,P1,legacy_sql_insert_row,مجلة الأحكام العدلية - المادة 5: شروط صحة الوقف,stage_all_then_promote_p1_knowledge
knowledge_batch_07,knowledge_batch_08,scripts/bulk-import.sql,knowledge_documents,قانون الأوقاف الأردني رقم 23 لسنة 1964 - المادة 1: التعاريف,9efa5282d3789885,assistant,knowledge_documents,P1,legacy_sql_insert_row,قانون الأوقاف الأردني رقم 23 لسنة 1964 - المادة 1: التعاريف,stage_all_then_promote_p1_knowledge
knowledge_batch_07,knowledge_batch_08,scripts/bulk-import.sql,knowledge_documents,قانون الأوقاف الأردني - المادة 10: إدارة الأوقاف,405be8aedb24221e,assistant,knowledge_documents,P1,legacy_sql_insert_row,قانون الأوقاف الأردني - المادة 10: إدارة الأوقاف,stage_all_then_promote_p1_knowledge
knowledge_batch_07,knowledge_batch_08,scripts/bulk-import.sql,knowledge_documents,قانون الأراضي العثماني - المادة 4: الأراضي الموقوفة,04c75fc89cbdf45d,assistant,knowledge_documents,P1,legacy_sql_insert_row,قانون الأراضي العثماني - المادة 4: الأراضي الموقوفة,stage_all_then_promote_p1_knowledge
knowledge_batch_07,knowledge_batch_08,scripts/bulk-import.sql,knowledge_documents,قانون الأراضي العثماني - المادة 36: حقوق المتولي,e6e8ba2192f8e400,assistant,knowledge_documents,P1,legacy_sql_insert_row,قانون الأراضي العثماني - المادة 36: حقوق المتولي,stage_all_then_promote_p1_knowledge
knowledge_batch_07,knowledge_batch_08,scripts/bulk-import.sql,knowledge_documents,مجلة الأحكام العدلية - المادة 2: أركان الوقف,7d4e695fd03070e1,assistant,knowledge_documents,P1,legacy_sql_insert_row,مجلة الأحكام العدلية - المادة 2: أركان الوقف,stage_all_then_promote_p1_knowledge
knowledge_batch_07,knowledge_batch_08,scripts/bulk-import.sql,knowledge_documents,مجلة الأحكام العدلية - المادة 3: شروط الواقف,ca3ccf170e34c9a3,assistant,knowledge_documents,P1,legacy_sql_insert_row,مجلة الأحكام العدلية - المادة 3: شروط الواقف,stage_all_then_promote_p1_knowledge
knowledge_batch_07,knowledge_batch_08,scripts/bulk-import.sql,knowledge_documents,مجلة الأحكام العدلية - المادة 6: استبدال الوقف,18ec6d15f52e636e,assistant,knowledge_documents,P1,legacy_sql_insert_row,مجلة الأحكام العدلية - المادة 6: استبدال الوقف,stage_all_then_promote_p1_knowledge
knowledge_batch_07,knowledge_batch_08,scripts/bulk-import.sql,knowledge_documents,قانون الأوقاف الأردني - المادة 2: تعريف الوقف الخيري,b41c8f9880a4dc61,assistant,knowledge_documents,P1,legacy_sql_insert_row,قانون الأوقاف الأردني - المادة 2: تعريف الوقف الخيري,stage_all_then_promote_p1_knowledge
knowledge_batch_07,knowledge_batch_08,scripts/bulk-import.sql,knowledge_documents,قانون الأوقاف الأردني - المادة 3: الوقف الذري,550ca54474cde63a,assistant,knowledge_documents,P1,legacy_sql_insert_row,قانون الأوقاف الأردني - المادة 3: الوقف الذري,stage_all_then_promote_p1_knowledge
knowledge_batch_07,knowledge_batch_08,scripts/bulk-import.sql,knowledge_documents,قانون الأوقاف الأردني - المادة 15: صلاحيات المتولي,ec8c439af278d1aa,assistant,knowledge_documents,P1,legacy_sql_insert_row,قانون الأوقاف الأردني - المادة 15: صلاحيات المتولي,stage_all_then_promote_p1_knowledge
knowledge_batch_07,knowledge_batch_08,scripts/bulk-import.sql,knowledge_documents,قانون الأوقاف الأردني - المادة 20: الإشراف على الأوقاف,847c0cfd6c9a92c7,assistant,knowledge_documents,P1,legacy_sql_insert_row,قانون الأوقاف الأردني - المادة 20: الإشراف على الأوقاف,stage_all_then_promote_p1_knowledge
knowledge_batch_07,knowledge_batch_08,scripts/bulk-import.sql,knowledge_documents,قرار بقانون رقم 1 لسنة 2018 - المادة 2: أهداف الوزارة,4b6043c3fd0706bd,assistant,knowledge_documents,P1,legacy_sql_insert_row,قرار بقانون رقم 1 لسنة 2018 - المادة 2: أهداف الوزارة,stage_all_then_promote_p1_knowledge
knowledge_batch_07,knowledge_batch_08,scripts/bulk-import.sql,knowledge_documents,قرار بقانون 2018 - المادة 5: المجلس الأعلى للأوقاف,9788e025191f5aff,assistant,knowledge_documents,P1,legacy_sql_insert_row,قرار بقانون 2018 - المادة 5: المجلس الأعلى للأوقاف,stage_all_then_promote_p1_knowledge
knowledge_batch_07,knowledge_batch_08,scripts/bulk-import.sql,knowledge_documents,قرار بقانون 2018 - المادة 10: حماية الأوقاف,00a3af581356a94c,assistant,knowledge_documents,P1,legacy_sql_insert_row,قرار بقانون 2018 - المادة 10: حماية الأوقاف,stage_all_then_promote_p1_knowledge
knowledge_batch_07,knowledge_batch_08,scripts/bulk-import.sql,knowledge_documents,الفقه الحنفي - تعريف الوقف,be1791a367a1e0c9,assistant,knowledge_documents,P1,legacy_sql_insert_row,الفقه الحنفي - تعريف الوقف,stage_all_then_promote_p1_knowledge
knowledge_batch_07,knowledge_batch_08,scripts/bulk-import.sql,knowledge_documents,الفقه الحنفي - شروط صحة الوقف,acfff01ce9ec9c70,assistant,knowledge_documents,P1,legacy_sql_insert_row,الفقه الحنفي - شروط صحة الوقف,stage_all_then_promote_p1_knowledge
knowledge_batch_07,knowledge_batch_08,scripts/bulk-import.sql,knowledge_documents,الفقه الحنفي - وقف المنقول,87077a71cb12464f,assistant,knowledge_documents,P1,legacy_sql_insert_row,الفقه الحنفي - وقف المنقول,stage_all_then_promote_p1_knowledge
knowledge_batch_07,knowledge_batch_08,scripts/bulk-import.sql,knowledge_documents,الفقه الحنفي - استبدال الوقف,be7c48afafac8693,assistant,knowledge_documents,P1,legacy_sql_insert_row,الفقه الحنفي - استبدال الوقف,stage_all_then_promote_p1_knowledge
knowledge_batch_07,knowledge_batch_08,scripts/bulk-import.sql,knowledge_documents,أوقاف القدس التاريخية - المسجد الأقصى,db719c3e0cbe9657,assistant,knowledge_documents,P1,legacy_sql_insert_row,أوقاف القدس التاريخية - المسجد الأقصى,stage_all_then_promote_p1_knowledge
knowledge_batch_07,knowledge_batch_08,scripts/bulk-import.sql,knowledge_documents,أوقاف القدس - الأوقاف الصلاحية,95856c4c15d00b8e,assistant,knowledge_documents,P1,legacy_sql_insert_row,أوقاف القدس - الأوقاف الصلاحية,stage_all_then_promote_p1_knowledge
knowledge_batch_07,knowledge_batch_08,scripts/bulk-import.sql,knowledge_documents,أوقاف القدس - الزوايا والتكايا,4691365f080905ca,assistant,knowledge_documents,P1,legacy_sql_insert_row,أوقاف القدس - الزوايا والتكايا,stage_all_then_promote_p1_knowledge
knowledge_batch_07,knowledge_batch_08,scripts/bulk-import.sql,knowledge_documents,أوقاف القدس - المدارس الوقفية,1d3664ea342eb2b0,assistant,knowledge_documents,P1,legacy_sql_insert_row,أوقاف القدس - المدارس الوقفية,stage_all_then_promote_p1_knowledge
knowledge_batch_07,knowledge_batch_08,scripts/bulk-import.sql,knowledge_documents,قانون أملاك الغائبين الإسرائيلي 1950 - التعريف,70e0a054eb51cf8e,assistant,knowledge_documents,P1,legacy_sql_insert_row,قانون أملاك الغائبين الإسرائيلي 1950 - التعريف,stage_all_then_promote_p1_knowledge
knowledge_batch_07,knowledge_batch_08,scripts/bulk-import.sql,knowledge_documents,قانون أملاك الغائبين - الأوقاف,cc74aa009f675dad,assistant,knowledge_documents,P1,legacy_sql_insert_row,قانون أملاك الغائبين - الأوقاف,stage_all_then_promote_p1_knowledge
knowledge_batch_07,knowledge_batch_08,scripts/bulk-import.sql,knowledge_documents,الانتداب البريطاني - قانون الأوقاف 1922,4f5423e364fe5274,assistant,knowledge_documents,P1,legacy_sql_insert_row,الانتداب البريطاني - قانون الأوقاف 1922,stage_all_then_promote_p1_knowledge
knowledge_batch_07,knowledge_batch_08,scripts/bulk-import.sql,knowledge_documents,المجلس الإسلامي الأعلى - الصلاحيات,5c08a1c584123893,assistant,knowledge_documents,P1,legacy_sql_insert_row,المجلس الإسلامي الأعلى - الصلاحيات,stage_all_then_promote_p1_knowledge
knowledge_batch_07,knowledge_batch_08,scripts/bulk-import.sql,knowledge_documents,الحاج أمين الحسيني - رئيس المجلس الإسلامي,9d8c6d6a17825f59,assistant,knowledge_documents,P1,legacy_sql_insert_row,الحاج أمين الحسيني - رئيس المجلس الإسلامي,stage_all_then_promote_p1_knowledge
knowledge_batch_07,knowledge_batch_08,scripts/bulk-import.sql,knowledge_documents,ترميم المسجد الأقصى - الفترة البريطانية,b5c60d39dd143811,assistant,knowledge_documents,P1,legacy_sql_insert_row,ترميم المسجد الأقصى - الفترة البريطانية,stage_all_then_promote_p1_knowledge
knowledge_batch_07,knowledge_batch_08,scripts/bulk-import.sql,knowledge_documents,الأوقاف في الضفة الغربية - الإدارة الأردنية,98e13ba3237ec5f0,assistant,knowledge_documents,P1,legacy_sql_insert_row,الأوقاف في الضفة الغربية - الإدارة الأردنية,stage_all_then_promote_p1_knowledge
knowledge_batch_07,knowledge_batch_08,scripts/bulk-import.sql,knowledge_documents,الأوقاف بعد 1967 - الاحتلال الإسرائيلي,73fa2dde1de07bec,assistant,knowledge_documents,P1,legacy_sql_insert_row,الأوقاف بعد 1967 - الاحتلال الإسرائيلي,stage_all_then_promote_p1_knowledge
knowledge_batch_07,knowledge_batch_08,scripts/bulk-import.sql,knowledge_documents,حارة المغاربة - الهدم,89d4e6ee261bab16,assistant,knowledge_documents,P1,legacy_sql_insert_row,حارة المغاربة - الهدم,stage_all_then_promote_p1_knowledge
knowledge_batch_07,knowledge_batch_08,scripts/bulk-import.sql,knowledge_documents,وقف أبو مدين الغوث - القدس,8fc3f49daaa32436,assistant,knowledge_documents,P1,legacy_sql_insert_row,وقف أبو مدين الغوث - القدس,stage_all_then_promote_p1_knowledge
knowledge_batch_07,knowledge_batch_08,scripts/bulk-import.sql,knowledge_documents,الفقه المالكي - تعريف الوقف,79f19cf34304f2f3,assistant,knowledge_documents,P1,legacy_sql_insert_row,الفقه المالكي - تعريف الوقف,stage_all_then_promote_p1_knowledge
knowledge_batch_07,knowledge_batch_08,scripts/bulk-import.sql,knowledge_documents,الفقه الشافعي - تعريف الوقف,c32fd63409b722d4,assistant,knowledge_documents,P1,legacy_sql_insert_row,الفقه الشافعي - تعريف الوقف,stage_all_then_promote_p1_knowledge
knowledge_batch_07,knowledge_batch_08,scripts/bulk-import.sql,knowledge_documents,الفقه الحنبلي - تعريف الوقف,3fa5993c0f039e49,assistant,knowledge_documents,P1,legacy_sql_insert_row,الفقه الحنبلي - تعريف الوقف,stage_all_then_promote_p1_knowledge
knowledge_batch_07,knowledge_batch_08,scripts/bulk-import.sql,knowledge_documents,شروط الموقوف - الفقه الإسلامي,69802159d9a7b864,assistant,knowledge_documents,P1,legacy_sql_insert_row,شروط الموقوف - الفقه الإسلامي,stage_all_then_promote_p1_knowledge
knowledge_batch_07,knowledge_batch_08,scripts/bulk-import.sql,knowledge_documents,الوقف على النفس - الخلاف الفقهي,bd245a0c47bedfe4,assistant,knowledge_documents,P1,legacy_sql_insert_row,الوقف على النفس - الخلاف الفقهي,stage_all_then_promote_p1_knowledge
knowledge_batch_07,knowledge_batch_08,scripts/bulk-import.sql,knowledge_documents,نظارة الوقف - الشروط والأحكام,c8bea6a4f3d856de,assistant,knowledge_documents,P1,legacy_sql_insert_row,نظارة الوقف - الشروط والأحكام,stage_all_then_promote_p1_knowledge
knowledge_batch_07,knowledge_batch_08,scripts/bulk-import.sql,knowledge_documents,شرط الواقف - الالتزام به,ec1a9972f613208d,assistant,knowledge_documents,P1,legacy_sql_insert_row,شرط الواقف - الالتزام به,stage_all_then_promote_p1_knowledge
knowledge_batch_07,knowledge_batch_08,scripts/bulk-import.sql,knowledge_documents,الوقف المؤقت - حكمه,622036e2abcf629f,assistant,knowledge_documents,P1,legacy_sql_insert_row,الوقف المؤقت - حكمه,stage_all_then_promote_p1_knowledge
knowledge_batch_07,knowledge_batch_08,scripts/bulk-import.sql,knowledge_documents,الوقف على غير المسلمين - الحكم,ff3a2601d5a723ef,assistant,knowledge_documents,P1,legacy_sql_insert_row,الوقف على غير المسلمين - الحكم,stage_all_then_promote_p1_knowledge
knowledge_batch_07,knowledge_batch_08,scripts/bulk-import.sql,knowledge_documents,إحياء الوقف المتعطل - الأحكام,429a31aae708ed45,assistant,knowledge_documents,P1,legacy_sql_insert_row,إحياء الوقف المتعطل - الأحكام,stage_all_then_promote_p1_knowledge
knowledge_batch_07,knowledge_batch_08,scripts/bulk-import.sql,knowledge_documents,الوقف الأهلي - التعريف والأحكام,829e5eb41ec56d30,assistant,knowledge_documents,P1,legacy_sql_insert_row,الوقف الأهلي - التعريف والأحكام,stage_all_then_promote_p1_knowledge
knowledge_batch_07,knowledge_batch_08,scripts/bulk-import.sql,knowledge_documents,الوقف المشترك - الأحكام,7c71d653bb491e8a,assistant,knowledge_documents,P1,legacy_sql_insert_row,الوقف المشترك - الأحكام,stage_all_then_promote_p1_knowledge
knowledge_batch_07,knowledge_batch_08,scripts/bulk-import.sql,knowledge_documents,الوقف على المساجد - الفضل والأحكام,b8539f818cbbda9d,assistant,knowledge_documents,P1,legacy_sql_insert_row,الوقف على المساجد - الفضل والأحكام,stage_all_then_promote_p1_knowledge
knowledge_batch_07,knowledge_batch_08,scripts/bulk-import.sql,knowledge_documents,قانون الأوقاف والشؤون الدينية رقم (26) لسنة 1966م وتعديلاته,e0414baf02cfa217,assistant,knowledge_documents,P1,legacy_sql_insert_row,قانون الأوقاف والشؤون الدينية رقم (26) لسنة 1966م وتعديلاته,stage_all_then_promote_p1_knowledge
knowledge_batch_07,knowledge_batch_08,scripts/bulk-import.sql,knowledge_documents,قانون الأراضي العثماني 1858,498d97e8fc0e4712,assistant,knowledge_documents,P1,legacy_sql_insert_row,قانون الأراضي العثماني 1858,stage_all_then_promote_p1_knowledge
knowledge_batch_07,knowledge_batch_08,scripts/bulk-import.sql,knowledge_documents,مجلة الأحكام العدلية - كتاب الوقف,ac1581e427d344ae,assistant,knowledge_documents,P1,legacy_sql_insert_row,مجلة الأحكام العدلية - كتاب الوقف,stage_all_then_promote_p1_knowledge
knowledge_batch_07,knowledge_batch_08,scripts/bulk-import.sql,knowledge_documents,المبسوط للسرخسي - كتاب الوقف,b6949ae51acf1508,assistant,knowledge_documents,P1,legacy_sql_insert_row,المبسوط للسرخسي - كتاب الوقف,stage_all_then_promote_p1_knowledge
knowledge_batch_07,knowledge_batch_08,scripts/bulk-import.sql,knowledge_documents,فتح القدير لابن الهمام - كتاب الوقف,cb99a94a0a375eeb,assistant,knowledge_documents,P1,legacy_sql_insert_row,فتح القدير لابن الهمام - كتاب الوقف,stage_all_then_promote_p1_knowledge
knowledge_batch_07,knowledge_batch_08,scripts/bulk-import.sql,knowledge_documents,فتاوى الوقف - سليمان الجاسر,6eb6bf000af573c2,assistant,knowledge_documents,P1,legacy_sql_insert_row,فتاوى الوقف - سليمان الجاسر,stage_all_then_promote_p1_knowledge
knowledge_batch_07,knowledge_batch_08,scripts/bulk-import.sql,knowledge_documents,مجموع فتاوى ابن تيمية - كتاب الوقف,c84f364460fd568c,assistant,knowledge_documents,P1,legacy_sql_insert_row,مجموع فتاوى ابن تيمية - كتاب الوقف,stage_all_then_promote_p1_knowledge
knowledge_batch_07,knowledge_batch_08,scripts/bulk-import.sql,knowledge_documents,تعليمات لجان رعاية المساجد رقم (2) لسنة 2023م,3a74c7889ff9c455,assistant,knowledge_documents,P1,legacy_sql_insert_row,تعليمات لجان رعاية المساجد رقم (2) لسنة 2023م,stage_all_then_promote_p1_knowledge
knowledge_batch_07,knowledge_batch_08,scripts/bulk-import.sql,knowledge_documents,قرار بقانون رقم (2) لسنة 2023م بشأن تعديل قانون الأوقاف,47a98d16e45d48b3,assistant,knowledge_documents,P1,legacy_sql_insert_row,قرار بقانون رقم (2) لسنة 2023م بشأن تعديل قانون الأوقاف,stage_all_then_promote_p1_knowledge
knowledge_batch_07,knowledge_batch_08,scripts/bulk-import.sql,knowledge_documents,مهام وزارة الأوقاف والشؤون الدينية الفلسطينية,259f9c631fcb7408,assistant,knowledge_documents,P1,legacy_sql_insert_row,مهام وزارة الأوقاف والشؤون الدينية الفلسطينية,stage_all_then_promote_p1_knowledge
knowledge_batch_07,knowledge_batch_08,scripts/bulk-import.sql,knowledge_documents,نظام الوقف الذري في فلسطين,dfc59948a750e026,assistant,knowledge_documents,P1,legacy_sql_insert_row,نظام الوقف الذري في فلسطين,stage_all_then_promote_p1_knowledge
knowledge_batch_07,knowledge_batch_08,scripts/bulk-import.sql,knowledge_documents,تاريخ إدارة الأوقاف في فلسطين,c97adf790818f5f3,assistant,knowledge_documents,P1,legacy_sql_insert_row,تاريخ إدارة الأوقاف في فلسطين,stage_all_then_promote_p1_knowledge
knowledge_batch_07,knowledge_batch_08,scripts/bulk-import.sql,knowledge_documents,الوقف على المسجد الأقصى,42be1031dad7f1ca,assistant,knowledge_documents,P1,legacy_sql_insert_row,الوقف على المسجد الأقصى,stage_all_then_promote_p1_knowledge
knowledge_batch_07,knowledge_batch_08,scripts/bulk-import.sql,knowledge_documents,حجة وقف مصطفى آغا (1821م),15bd9a4dcebff9c6,assistant,knowledge_documents,P1,legacy_sql_insert_row,حجة وقف مصطفى آغا (1821م),stage_all_then_promote_p1_knowledge
knowledge_batch_07,knowledge_batch_08,scripts/bulk-import.sql,knowledge_documents,الحجج الوقفية في سجلات محكمة القدس الشرعية (القرن 11 هـ),13484212460d91ad,assistant,knowledge_documents,P1,legacy_sql_insert_row,الحجج الوقفية في سجلات محكمة القدس الشرعية (القرن 11 هـ),stage_all_then_promote_p1_knowledge
knowledge_batch_07,knowledge_batch_08,scripts/bulk-import.sql,knowledge_documents,أرشيفات القدس الإسلامية - مصادر لمسألة الوقف,f13a30c77e644706,assistant,knowledge_documents,P1,legacy_sql_insert_row,أرشيفات القدس الإسلامية - مصادر لمسألة الوقف,stage_all_then_promote_p1_knowledge
knowledge_batch_07,knowledge_batch_08,scripts/bulk-import.sql,knowledge_documents,أقدم وقف موثق في العالم (القرن 9 الميلادي),b8b60832b0983d93,assistant,knowledge_documents,P1,legacy_sql_insert_row,أقدم وقف موثق في العالم (القرن 9 الميلادي),stage_all_then_promote_p1_knowledge
knowledge_batch_07,knowledge_batch_08,scripts/bulk-import.sql,knowledge_documents,إدارة الأوقاف في عهد الانتداب البريطاني,79af57f5302180fd,assistant,knowledge_documents,P1,legacy_sql_insert_row,إدارة الأوقاف في عهد الانتداب البريطاني,stage_all_then_promote_p1_knowledge
knowledge_batch_07,knowledge_batch_08,scripts/bulk-import.sql,knowledge_documents,الإشراف المعاصر على العقارات الوقفية,100996059623efac,assistant,knowledge_documents,P1,legacy_sql_insert_row,الإشراف المعاصر على العقارات الوقفية,stage_all_then_promote_p1_knowledge
knowledge_batch_07,knowledge_batch_08,scripts/clean-import.sql,knowledge_documents,قانون الأراضي العثماني - المادة 1: تعريف الأراضي,15c98e68d8761098,assistant,knowledge_documents,P1,legacy_sql_insert_row,قانون الأراضي العثماني - المادة 1: تعريف الأراضي,stage_all_then_promote_p1_knowledge
knowledge_batch_07,knowledge_batch_08,scripts/clean-import.sql,knowledge_documents,قانون الأراضي العثماني - المادة 3: الأراضي الأميرية,3b77558a1ac06056,assistant,knowledge_documents,P1,legacy_sql_insert_row,قانون الأراضي العثماني - المادة 3: الأراضي الأميرية,stage_all_then_promote_p1_knowledge
knowledge_batch_07,knowledge_batch_08,scripts/clean-import.sql,knowledge_documents,قانون الأراضي العثماني - المادة 12: وقف الأراضي الأميرية,a1aafc3dad605524,assistant,knowledge_documents,P1,legacy_sql_insert_row,قانون الأراضي العثماني - المادة 12: وقف الأراضي الأميرية,stage_all_then_promote_p1_knowledge
knowledge_batch_07,knowledge_batch_08,scripts/clean-import.sql,knowledge_documents,مجلة الأحكام العدلية - المادة 1: تعريف الوقف,12b71bb6efc984bd,assistant,knowledge_documents,P1,legacy_sql_insert_row,مجلة الأحكام العدلية - المادة 1: تعريف الوقف,stage_all_then_promote_p1_knowledge
knowledge_batch_07,knowledge_batch_08,scripts/clean-import.sql,knowledge_documents,مجلة الأحكام العدلية - المادة 5: شروط صحة الوقف,1f8ced3ded3c5f62,assistant,knowledge_documents,P1,legacy_sql_insert_row,مجلة الأحكام العدلية - المادة 5: شروط صحة الوقف,stage_all_then_promote_p1_knowledge
knowledge_batch_07,knowledge_batch_08,scripts/clean-import.sql,knowledge_documents,قانون الأوقاف الأردني رقم 23 لسنة 1964 - المادة 1: التعاريف,34c80bcfa2e4a677,assistant,knowledge_documents,P1,legacy_sql_insert_row,قانون الأوقاف الأردني رقم 23 لسنة 1964 - المادة 1: التعاريف,stage_all_then_promote_p1_knowledge
knowledge_batch_07,knowledge_batch_08,scripts/clean-import.sql,knowledge_documents,قانون الأوقاف الأردني - المادة 10: إدارة الأوقاف,e8931f418877f3d6,assistant,knowledge_documents,P1,legacy_sql_insert_row,قانون الأوقاف الأردني - المادة 10: إدارة الأوقاف,stage_all_then_promote_p1_knowledge
knowledge_batch_07,knowledge_batch_08,scripts/clean-import.sql,knowledge_documents,قانون الأراضي العثماني - المادة 4: الأراضي الموقوفة,a1a37ab898060df3,assistant,knowledge_documents,P1,legacy_sql_insert_row,قانون الأراضي العثماني - المادة 4: الأراضي الموقوفة,stage_all_then_promote_p1_knowledge
knowledge_batch_07,knowledge_batch_08,scripts/clean-import.sql,knowledge_documents,قانون الأراضي العثماني - المادة 36: حقوق المتولي,b30882db86c60f94,assistant,knowledge_documents,P1,legacy_sql_insert_row,قانون الأراضي العثماني - المادة 36: حقوق المتولي,stage_all_then_promote_p1_knowledge
knowledge_batch_07,knowledge_batch_08,scripts/clean-import.sql,knowledge_documents,مجلة الأحكام العدلية - المادة 2: أركان الوقف,399ab9e0d1cd6505,assistant,knowledge_documents,P1,legacy_sql_insert_row,مجلة الأحكام العدلية - المادة 2: أركان الوقف,stage_all_then_promote_p1_knowledge
knowledge_batch_07,knowledge_batch_08,scripts/clean-import.sql,knowledge_documents,مجلة الأحكام العدلية - المادة 3: شروط الواقف,e4df25446b47e973,assistant,knowledge_documents,P1,legacy_sql_insert_row,مجلة الأحكام العدلية - المادة 3: شروط الواقف,stage_all_then_promote_p1_knowledge
knowledge_batch_07,knowledge_batch_08,scripts/clean-import.sql,knowledge_documents,مجلة الأحكام العدلية - المادة 6: استبدال الوقف,71ebef38e0caba92,assistant,knowledge_documents,P1,legacy_sql_insert_row,مجلة الأحكام العدلية - المادة 6: استبدال الوقف,stage_all_then_promote_p1_knowledge
knowledge_batch_07,knowledge_batch_08,scripts/clean-import.sql,knowledge_documents,قانون الأوقاف الأردني - المادة 2: تعريف الوقف الخيري,546ca374f95fdce8,assistant,knowledge_documents,P1,legacy_sql_insert_row,قانون الأوقاف الأردني - المادة 2: تعريف الوقف الخيري,stage_all_then_promote_p1_knowledge
knowledge_batch_07,knowledge_batch_08,scripts/clean-import.sql,knowledge_documents,قانون الأوقاف الأردني - المادة 3: الوقف الذري,3a517b4f278c06ef,assistant,knowledge_documents,P1,legacy_sql_insert_row,قانون الأوقاف الأردني - المادة 3: الوقف الذري,stage_all_then_promote_p1_knowledge
knowledge_batch_07,knowledge_batch_08,scripts/clean-import.sql,knowledge_documents,قانون الأوقاف الأردني - المادة 15: صلاحيات المتولي,0779823df1c1c8cb,assistant,knowledge_documents,P1,legacy_sql_insert_row,قانون الأوقاف الأردني - المادة 15: صلاحيات المتولي,stage_all_then_promote_p1_knowledge
knowledge_batch_07,knowledge_batch_08,scripts/clean-import.sql,knowledge_documents,قانون الأوقاف الأردني - المادة 20: الإشراف على الأوقاف,75e5cd53ff7e7fd3,assistant,knowledge_documents,P1,legacy_sql_insert_row,قانون الأوقاف الأردني - المادة 20: الإشراف على الأوقاف,stage_all_then_promote_p1_knowledge
knowledge_batch_07,knowledge_batch_08,scripts/clean-import.sql,knowledge_documents,قرار بقانون رقم 1 لسنة 2018 - المادة 2: أهداف الوزارة,f7d5395377393d85,assistant,knowledge_documents,P1,legacy_sql_insert_row,قرار بقانون رقم 1 لسنة 2018 - المادة 2: أهداف الوزارة,stage_all_then_promote_p1_knowledge
knowledge_batch_07,knowledge_batch_08,scripts/clean-import.sql,knowledge_documents,قرار بقانون 2018 - المادة 5: المجلس الأعلى للأوقاف,748028cde4f5b792,assistant,knowledge_documents,P1,legacy_sql_insert_row,قرار بقانون 2018 - المادة 5: المجلس الأعلى للأوقاف,stage_all_then_promote_p1_knowledge
knowledge_batch_07,knowledge_batch_08,scripts/clean-import.sql,knowledge_documents,قرار بقانون 2018 - المادة 10: حماية الأوقاف,8ca6d559ca87711c,assistant,knowledge_documents,P1,legacy_sql_insert_row,قرار بقانون 2018 - المادة 10: حماية الأوقاف,stage_all_then_promote_p1_knowledge
knowledge_batch_07,knowledge_batch_08,scripts/clean-import.sql,knowledge_documents,الفقه الحنفي - تعريف الوقف,75eac2ebdb6eec8a,assistant,knowledge_documents,P1,legacy_sql_insert_row,الفقه الحنفي - تعريف الوقف,stage_all_then_promote_p1_knowledge
knowledge_batch_07,knowledge_batch_08,scripts/clean-import.sql,knowledge_documents,الفقه الحنفي - شروط صحة الوقف,5d90054eef4699c7,assistant,knowledge_documents,P1,legacy_sql_insert_row,الفقه الحنفي - شروط صحة الوقف,stage_all_then_promote_p1_knowledge
knowledge_batch_07,knowledge_batch_08,scripts/clean-import.sql,knowledge_documents,الفقه الحنفي - وقف المنقول,18ac2795b1487441,assistant,knowledge_documents,P1,legacy_sql_insert_row,الفقه الحنفي - وقف المنقول,stage_all_then_promote_p1_knowledge
knowledge_batch_07,knowledge_batch_08,scripts/clean-import.sql,knowledge_documents,الفقه الحنفي - استبدال الوقف,8ace7cf69d109f5c,assistant,knowledge_documents,P1,legacy_sql_insert_row,الفقه الحنفي - استبدال الوقف,stage_all_then_promote_p1_knowledge
knowledge_batch_07,knowledge_batch_08,scripts/clean-import.sql,knowledge_documents,أوقاف القدس التاريخية - المسجد الأقصى,5ae7fce9319e7e9b,assistant,knowledge_documents,P1,legacy_sql_insert_row,أوقاف القدس التاريخية - المسجد الأقصى,stage_all_then_promote_p1_knowledge
knowledge_batch_07,knowledge_batch_08,scripts/clean-import.sql,knowledge_documents,أوقاف القدس - الأوقاف الصلاحية,c88d0dc3955508b4,assistant,knowledge_documents,P1,legacy_sql_insert_row,أوقاف القدس - الأوقاف الصلاحية,stage_all_then_promote_p1_knowledge
knowledge_batch_07,knowledge_batch_08,scripts/clean-import.sql,knowledge_documents,أوقاف القدس - الزوايا والتكايا,8cf4c2b9e0859b91,assistant,knowledge_documents,P1,legacy_sql_insert_row,أوقاف القدس - الزوايا والتكايا,stage_all_then_promote_p1_knowledge
knowledge_batch_07,knowledge_batch_08,scripts/clean-import.sql,knowledge_documents,أوقاف القدس - المدارس الوقفية,b12876f5b90a78cb,assistant,knowledge_documents,P1,legacy_sql_insert_row,أوقاف القدس - المدارس الوقفية,stage_all_then_promote_p1_knowledge
knowledge_batch_07,knowledge_batch_08,scripts/clean-import.sql,knowledge_documents,قانون أملاك الغائبين الإسرائيلي 1950 - التعريف,c725a485353caaea,assistant,knowledge_documents,P1,legacy_sql_insert_row,قانون أملاك الغائبين الإسرائيلي 1950 - التعريف,stage_all_then_promote_p1_knowledge
knowledge_batch_07,knowledge_batch_08,scripts/clean-import.sql,knowledge_documents,قانون أملاك الغائبين - الأوقاف,e80d01142cbbfd84,assistant,knowledge_documents,P1,legacy_sql_insert_row,قانون أملاك الغائبين - الأوقاف,stage_all_then_promote_p1_knowledge
knowledge_batch_07,knowledge_batch_08,scripts/clean-import.sql,knowledge_documents,الانتداب البريطاني - قانون الأوقاف 1922,068305e5ea0e52a1,assistant,knowledge_documents,P1,legacy_sql_insert_row,الانتداب البريطاني - قانون الأوقاف 1922,stage_all_then_promote_p1_knowledge
knowledge_batch_07,knowledge_batch_08,scripts/clean-import.sql,knowledge_documents,المجلس الإسلامي الأعلى - الصلاحيات,80e5fc7ba6e378bb,assistant,knowledge_documents,P1,legacy_sql_insert_row,المجلس الإسلامي الأعلى - الصلاحيات,stage_all_then_promote_p1_knowledge
knowledge_batch_07,knowledge_batch_08,scripts/clean-import.sql,knowledge_documents,الحاج أمين الحسيني - رئيس المجلس الإسلامي,8f3ed8fdf74535fb,assistant,knowledge_documents,P1,legacy_sql_insert_row,الحاج أمين الحسيني - رئيس المجلس الإسلامي,stage_all_then_promote_p1_knowledge
knowledge_batch_07,knowledge_batch_08,scripts/clean-import.sql,knowledge_documents,ترميم المسجد الأقصى - الفترة البريطانية,b8b1a64e8caa7f57,assistant,knowledge_documents,P1,legacy_sql_insert_row,ترميم المسجد الأقصى - الفترة البريطانية,stage_all_then_promote_p1_knowledge
knowledge_batch_07,knowledge_batch_08,scripts/clean-import.sql,knowledge_documents,الأوقاف في الضفة الغربية - الإدارة الأردنية,c1c0f703736640fd,assistant,knowledge_documents,P1,legacy_sql_insert_row,الأوقاف في الضفة الغربية - الإدارة الأردنية,stage_all_then_promote_p1_knowledge
knowledge_batch_07,knowledge_batch_08,scripts/clean-import.sql,knowledge_documents,الأوقاف بعد 1967 - الاحتلال الإسرائيلي,14b7c6a2b64c9938,assistant,knowledge_documents,P1,legacy_sql_insert_row,الأوقاف بعد 1967 - الاحتلال الإسرائيلي,stage_all_then_promote_p1_knowledge
knowledge_batch_07,knowledge_batch_08,scripts/clean-import.sql,knowledge_documents,حارة المغاربة - الهدم,a2035120e22297c1,assistant,knowledge_documents,P1,legacy_sql_insert_row,حارة المغاربة - الهدم,stage_all_then_promote_p1_knowledge
knowledge_batch_07,knowledge_batch_08,scripts/clean-import.sql,knowledge_documents,وقف أبو مدين الغوث - القدس,22e941552bc76416,assistant,knowledge_documents,P1,legacy_sql_insert_row,وقف أبو مدين الغوث - القدس,stage_all_then_promote_p1_knowledge
knowledge_batch_07,knowledge_batch_08,scripts/clean-import.sql,knowledge_documents,الفقه المالكي - تعريف الوقف,650a6a4cd2a65bce,assistant,knowledge_documents,P1,legacy_sql_insert_row,الفقه المالكي - تعريف الوقف,stage_all_then_promote_p1_knowledge
knowledge_batch_07,knowledge_batch_08,scripts/clean-import.sql,knowledge_documents,الفقه الشافعي - تعريف الوقف,8fc51348f4fa1541,assistant,knowledge_documents,P1,legacy_sql_insert_row,الفقه الشافعي - تعريف الوقف,stage_all_then_promote_p1_knowledge
knowledge_batch_07,knowledge_batch_08,scripts/clean-import.sql,knowledge_documents,الفقه الحنبلي - تعريف الوقف,1ff95ea82e616362,assistant,knowledge_documents,P1,legacy_sql_insert_row,الفقه الحنبلي - تعريف الوقف,stage_all_then_promote_p1_knowledge
knowledge_batch_07,knowledge_batch_08,scripts/clean-import.sql,knowledge_documents,شروط الموقوف - الفقه الإسلامي,ac287b9f53e63c19,assistant,knowledge_documents,P1,legacy_sql_insert_row,شروط الموقوف - الفقه الإسلامي,stage_all_then_promote_p1_knowledge
knowledge_batch_07,knowledge_batch_08,scripts/clean-import.sql,knowledge_documents,الوقف على النفس - الخلاف الفقهي,f3585856c1841562,assistant,knowledge_documents,P1,legacy_sql_insert_row,الوقف على النفس - الخلاف الفقهي,stage_all_then_promote_p1_knowledge
knowledge_batch_07,knowledge_batch_08,scripts/clean-import.sql,knowledge_documents,نظارة الوقف - الشروط والأحكام,e5259fdd3b488b91,assistant,knowledge_documents,P1,legacy_sql_insert_row,نظارة الوقف - الشروط والأحكام,stage_all_then_promote_p1_knowledge
knowledge_batch_07,knowledge_batch_08,scripts/clean-import.sql,knowledge_documents,شرط الواقف - الالتزام به,d14f102fe2f0baf8,assistant,knowledge_documents,P1,legacy_sql_insert_row,شرط الواقف - الالتزام به,stage_all_then_promote_p1_knowledge
knowledge_batch_07,knowledge_batch_08,scripts/clean-import.sql,knowledge_documents,الوقف المؤقت - حكمه,4046703dfe5b2355,assistant,knowledge_documents,P1,legacy_sql_insert_row,الوقف المؤقت - حكمه,stage_all_then_promote_p1_knowledge
knowledge_batch_07,knowledge_batch_08,scripts/clean-import.sql,knowledge_documents,الوقف على غير المسلمين - الحكم,529544fbe8f6d95e,assistant,knowledge_documents,P1,legacy_sql_insert_row,الوقف على غير المسلمين - الحكم,stage_all_then_promote_p1_knowledge
knowledge_batch_07,knowledge_batch_08,scripts/clean-import.sql,knowledge_documents,إحياء الوقف المتعطل - الأحكام,1088dd93a1358809,assistant,knowledge_documents,P1,legacy_sql_insert_row,إحياء الوقف المتعطل - الأحكام,stage_all_then_promote_p1_knowledge
knowledge_batch_07,knowledge_batch_08,scripts/clean-import.sql,knowledge_documents,الوقف الأهلي - التعريف والأحكام,7475f0f3ba84b747,assistant,knowledge_documents,P1,legacy_sql_insert_row,الوقف الأهلي - التعريف والأحكام,stage_all_then_promote_p1_knowledge
knowledge_batch_07,knowledge_batch_08,scripts/clean-import.sql,knowledge_documents,الوقف المشترك - الأحكام,0eaf3818b22d21dc,assistant,knowledge_documents,P1,legacy_sql_insert_row,الوقف المشترك - الأحكام,stage_all_then_promote_p1_knowledge
knowledge_batch_07,knowledge_batch_08,scripts/clean-import.sql,knowledge_documents,الوقف على المساجد - الفضل والأحكام,8662dad614e79dee,assistant,knowledge_documents,P1,legacy_sql_insert_row,الوقف على المساجد - الفضل والأحكام,stage_all_then_promote_p1_knowledge
knowledge_batch_07,knowledge_batch_08,scripts/clean-import.sql,knowledge_documents,قانون الأوقاف والشؤون الدينية رقم (26) لسنة 1966م وتعديلاته,86e4d6e4b01f46e2,assistant,knowledge_documents,P1,legacy_sql_insert_row,قانون الأوقاف والشؤون الدينية رقم (26) لسنة 1966م وتعديلاته,stage_all_then_promote_p1_knowledge
knowledge_batch_07,knowledge_batch_08,scripts/clean-import.sql,knowledge_documents,قانون الأراضي العثماني 1858,e63994c89b076747,assistant,knowledge_documents,P1,legacy_sql_insert_row,قانون الأراضي العثماني 1858,stage_all_then_promote_p1_knowledge
knowledge_batch_07,knowledge_batch_08,scripts/clean-import.sql,knowledge_documents,مجلة الأحكام العدلية - كتاب الوقف,c957aa60bee0679c,assistant,knowledge_documents,P1,legacy_sql_insert_row,مجلة الأحكام العدلية - كتاب الوقف,stage_all_then_promote_p1_knowledge
knowledge_batch_07,knowledge_batch_08,scripts/clean-import.sql,knowledge_documents,المبسوط للسرخسي - كتاب الوقف,281fb3b507a05f02,assistant,knowledge_documents,P1,legacy_sql_insert_row,المبسوط للسرخسي - كتاب الوقف,stage_all_then_promote_p1_knowledge
knowledge_batch_07,knowledge_batch_08,scripts/clean-import.sql,knowledge_documents,فتح القدير لابن الهمام - كتاب الوقف,6998c263cb62f8be,assistant,knowledge_documents,P1,legacy_sql_insert_row,فتح القدير لابن الهمام - كتاب الوقف,stage_all_then_promote_p1_knowledge
knowledge_batch_07,knowledge_batch_08,scripts/clean-import.sql,knowledge_documents,فتاوى الوقف - سليمان الجاسر,57c4b9178d61845b,assistant,knowledge_documents,P1,legacy_sql_insert_row,فتاوى الوقف - سليمان الجاسر,stage_all_then_promote_p1_knowledge
knowledge_batch_07,knowledge_batch_08,scripts/clean-import.sql,knowledge_documents,مجموع فتاوى ابن تيمية - كتاب الوقف,526f0146b8c992de,assistant,knowledge_documents,P1,legacy_sql_insert_row,مجموع فتاوى ابن تيمية - كتاب الوقف,stage_all_then_promote_p1_knowledge
knowledge_batch_07,knowledge_batch_08,scripts/clean-import.sql,knowledge_documents,تعليمات لجان رعاية المساجد رقم (2) لسنة 2023م,c168931f65d2f496,assistant,knowledge_documents,P1,legacy_sql_insert_row,تعليمات لجان رعاية المساجد رقم (2) لسنة 2023م,stage_all_then_promote_p1_knowledge
knowledge_batch_07,knowledge_batch_08,scripts/clean-import.sql,knowledge_documents,قرار بقانون رقم (2) لسنة 2023م بشأن تعديل قانون الأوقاف,7655b317bb71c63c,assistant,knowledge_documents,P1,legacy_sql_insert_row,قرار بقانون رقم (2) لسنة 2023م بشأن تعديل قانون الأوقاف,stage_all_then_promote_p1_knowledge
knowledge_batch_07,knowledge_batch_08,scripts/clean-import.sql,knowledge_documents,مهام وزارة الأوقاف والشؤون الدينية الفلسطينية,a41c7165b3a6c08f,assistant,knowledge_documents,P1,legacy_sql_insert_row,مهام وزارة الأوقاف والشؤون الدينية الفلسطينية,stage_all_then_promote_p1_knowledge
knowledge_batch_07,knowledge_batch_08,scripts/clean-import.sql,knowledge_documents,نظام الوقف الذري في فلسطين,007415a55ad0735a,assistant,knowledge_documents,P1,legacy_sql_insert_row,نظام الوقف الذري في فلسطين,stage_all_then_promote_p1_knowledge
knowledge_batch_07,knowledge_batch_08,scripts/clean-import.sql,knowledge_documents,تاريخ إدارة الأوقاف في فلسطين,39e0f6e5f07b3119,assistant,knowledge_documents,P1,legacy_sql_insert_row,تاريخ إدارة الأوقاف في فلسطين,stage_all_then_promote_p1_knowledge
knowledge_batch_07,knowledge_batch_08,scripts/clean-import.sql,knowledge_documents,الوقف على المسجد الأقصى,90d967fd36152cee,assistant,knowledge_documents,P1,legacy_sql_insert_row,الوقف على المسجد الأقصى,stage_all_then_promote_p1_knowledge
knowledge_batch_07,knowledge_batch_08,scripts/clean-import.sql,knowledge_documents,حجة وقف مصطفى آغا (1821م),444706c0a3e4282b,assistant,knowledge_documents,P1,legacy_sql_insert_row,حجة وقف مصطفى آغا (1821م),stage_all_then_promote_p1_knowledge
knowledge_batch_07,knowledge_batch_08,scripts/clean-import.sql,knowledge_documents,الحجج الوقفية في سجلات محكمة القدس الشرعية (القرن 11 هـ),59deb2b59e177d83,assistant,knowledge_documents,P1,legacy_sql_insert_row,الحجج الوقفية في سجلات محكمة القدس الشرعية (القرن 11 هـ),stage_all_then_promote_p1_knowledge
knowledge_batch_07,knowledge_batch_08,scripts/clean-import.sql,knowledge_documents,أرشيفات القدس الإسلامية - مصادر لمسألة الوقف,780bff2d725269bd,assistant,knowledge_documents,P1,legacy_sql_insert_row,أرشيفات القدس الإسلامية - مصادر لمسألة الوقف,stage_all_then_promote_p1_knowledge
knowledge_batch_07,knowledge_batch_08,scripts/clean-import.sql,knowledge_documents,أقدم وقف موثق في العالم (القرن 9 الميلادي),72af86becf91c32e,assistant,knowledge_documents,P1,legacy_sql_insert_row,أقدم وقف موثق في العالم (القرن 9 الميلادي),stage_all_then_promote_p1_knowledge
knowledge_batch_07,knowledge_batch_08,scripts/clean-import.sql,knowledge_documents,إدارة الأوقاف في عهد الانتداب البريطاني,f612a5ce1ff843fa,assistant,knowledge_documents,P1,legacy_sql_insert_row,إدارة الأوقاف في عهد الانتداب البريطاني,stage_all_then_promote_p1_knowledge
knowledge_batch_07,knowledge_batch_08,scripts/clean-import.sql,knowledge_documents,الإشراف المعاصر على العقارات الوقفية,6364390462e25dcf,assistant,knowledge_documents,P1,legacy_sql_insert_row,الإشراف المعاصر على العقارات الوقفية,stage_all_then_promote_p1_knowledge
knowledge_batch_07,knowledge_batch_08,scripts/final-import.sql,knowledge_documents,قانون الأراضي العثماني - المادة 1: تعريف الأراضي,f7878a878e6c09b9,assistant,knowledge_documents,P1,legacy_sql_insert_row,قانون الأراضي العثماني - المادة 1: تعريف الأراضي,stage_all_then_promote_p1_knowledge
knowledge_batch_07,knowledge_batch_08,scripts/final-import.sql,knowledge_documents,قانون الأراضي العثماني - المادة 3: الأراضي الأميرية,9a5f986dce18446b,assistant,knowledge_documents,P1,legacy_sql_insert_row,قانون الأراضي العثماني - المادة 3: الأراضي الأميرية,stage_all_then_promote_p1_knowledge
knowledge_batch_07,knowledge_batch_08,scripts/final-import.sql,knowledge_documents,قانون الأراضي العثماني - المادة 12: وقف الأراضي الأميرية,276f26e489d573b5,assistant,knowledge_documents,P1,legacy_sql_insert_row,قانون الأراضي العثماني - المادة 12: وقف الأراضي الأميرية,stage_all_then_promote_p1_knowledge
knowledge_batch_07,knowledge_batch_08,scripts/final-import.sql,knowledge_documents,مجلة الأحكام العدلية - المادة 1: تعريف الوقف,bac9465049256c69,assistant,knowledge_documents,P1,legacy_sql_insert_row,مجلة الأحكام العدلية - المادة 1: تعريف الوقف,stage_all_then_promote_p1_knowledge
knowledge_batch_07,knowledge_batch_08,scripts/final-import.sql,knowledge_documents,مجلة الأحكام العدلية - المادة 5: شروط صحة الوقف,40283331098122b4,assistant,knowledge_documents,P1,legacy_sql_insert_row,مجلة الأحكام العدلية - المادة 5: شروط صحة الوقف,stage_all_then_promote_p1_knowledge
knowledge_batch_07,knowledge_batch_08,scripts/final-import.sql,knowledge_documents,قانون الأوقاف الأردني رقم 23 لسنة 1964 - المادة 1: التعاريف,e24f3f93da9798f8,assistant,knowledge_documents,P1,legacy_sql_insert_row,قانون الأوقاف الأردني رقم 23 لسنة 1964 - المادة 1: التعاريف,stage_all_then_promote_p1_knowledge
knowledge_batch_07,knowledge_batch_08,scripts/final-import.sql,knowledge_documents,قانون الأوقاف الأردني - المادة 10: إدارة الأوقاف,8f9551840f512f8d,assistant,knowledge_documents,P1,legacy_sql_insert_row,قانون الأوقاف الأردني - المادة 10: إدارة الأوقاف,stage_all_then_promote_p1_knowledge
knowledge_batch_07,knowledge_batch_08,scripts/final-import.sql,knowledge_documents,قانون الأراضي العثماني - المادة 4: الأراضي الموقوفة,5f0e2e227b5eb63c,assistant,knowledge_documents,P1,legacy_sql_insert_row,قانون الأراضي العثماني - المادة 4: الأراضي الموقوفة,stage_all_then_promote_p1_knowledge
knowledge_batch_07,knowledge_batch_08,scripts/final-import.sql,knowledge_documents,قانون الأراضي العثماني - المادة 36: حقوق المتولي,531e9c73d815d25e,assistant,knowledge_documents,P1,legacy_sql_insert_row,قانون الأراضي العثماني - المادة 36: حقوق المتولي,stage_all_then_promote_p1_knowledge
knowledge_batch_07,knowledge_batch_08,scripts/final-import.sql,knowledge_documents,مجلة الأحكام العدلية - المادة 2: أركان الوقف,bc3e6223575021d7,assistant,knowledge_documents,P1,legacy_sql_insert_row,مجلة الأحكام العدلية - المادة 2: أركان الوقف,stage_all_then_promote_p1_knowledge
knowledge_batch_07,knowledge_batch_08,scripts/final-import.sql,knowledge_documents,مجلة الأحكام العدلية - المادة 3: شروط الواقف,682785d4b06056ef,assistant,knowledge_documents,P1,legacy_sql_insert_row,مجلة الأحكام العدلية - المادة 3: شروط الواقف,stage_all_then_promote_p1_knowledge
knowledge_batch_07,knowledge_batch_08,scripts/final-import.sql,knowledge_documents,مجلة الأحكام العدلية - المادة 6: استبدال الوقف,c885a3d95557d7d5,assistant,knowledge_documents,P1,legacy_sql_insert_row,مجلة الأحكام العدلية - المادة 6: استبدال الوقف,stage_all_then_promote_p1_knowledge
knowledge_batch_07,knowledge_batch_08,scripts/final-import.sql,knowledge_documents,قانون الأوقاف الأردني - المادة 2: تعريف الوقف الخيري,c7aaaabd04527e21,assistant,knowledge_documents,P1,legacy_sql_insert_row,قانون الأوقاف الأردني - المادة 2: تعريف الوقف الخيري,stage_all_then_promote_p1_knowledge
knowledge_batch_07,knowledge_batch_08,scripts/final-import.sql,knowledge_documents,قانون الأوقاف الأردني - المادة 3: الوقف الذري,dc3e466d2a2a88c6,assistant,knowledge_documents,P1,legacy_sql_insert_row,قانون الأوقاف الأردني - المادة 3: الوقف الذري,stage_all_then_promote_p1_knowledge
knowledge_batch_07,knowledge_batch_08,scripts/final-import.sql,knowledge_documents,قانون الأوقاف الأردني - المادة 15: صلاحيات المتولي,7e1c70661eaec4d0,assistant,knowledge_documents,P1,legacy_sql_insert_row,قانون الأوقاف الأردني - المادة 15: صلاحيات المتولي,stage_all_then_promote_p1_knowledge
knowledge_batch_07,knowledge_batch_08,scripts/final-import.sql,knowledge_documents,قانون الأوقاف الأردني - المادة 20: الإشراف على الأوقاف,1f4a35fc045fac5f,assistant,knowledge_documents,P1,legacy_sql_insert_row,قانون الأوقاف الأردني - المادة 20: الإشراف على الأوقاف,stage_all_then_promote_p1_knowledge
knowledge_batch_07,knowledge_batch_08,scripts/final-import.sql,knowledge_documents,قرار بقانون رقم 1 لسنة 2018 - المادة 2: أهداف الوزارة,4c6de51d0b4ba63d,assistant,knowledge_documents,P1,legacy_sql_insert_row,قرار بقانون رقم 1 لسنة 2018 - المادة 2: أهداف الوزارة,stage_all_then_promote_p1_knowledge
knowledge_batch_07,knowledge_batch_08,scripts/final-import.sql,knowledge_documents,قرار بقانون 2018 - المادة 5: المجلس الأعلى للأوقاف,6b89ad5e3d5834c5,assistant,knowledge_documents,P1,legacy_sql_insert_row,قرار بقانون 2018 - المادة 5: المجلس الأعلى للأوقاف,stage_all_then_promote_p1_knowledge
knowledge_batch_07,knowledge_batch_08,scripts/final-import.sql,knowledge_documents,قرار بقانون 2018 - المادة 10: حماية الأوقاف,394f46bb509a2633,assistant,knowledge_documents,P1,legacy_sql_insert_row,قرار بقانون 2018 - المادة 10: حماية الأوقاف,stage_all_then_promote_p1_knowledge
knowledge_batch_07,knowledge_batch_08,scripts/final-import.sql,knowledge_documents,الفقه الحنفي - تعريف الوقف,664efc54201d85d5,assistant,knowledge_documents,P1,legacy_sql_insert_row,الفقه الحنفي - تعريف الوقف,stage_all_then_promote_p1_knowledge
knowledge_batch_07,knowledge_batch_08,scripts/final-import.sql,knowledge_documents,الفقه الحنفي - شروط صحة الوقف,34c72112cdf33c68,assistant,knowledge_documents,P1,legacy_sql_insert_row,الفقه الحنفي - شروط صحة الوقف,stage_all_then_promote_p1_knowledge
knowledge_batch_07,knowledge_batch_08,scripts/final-import.sql,knowledge_documents,الفقه الحنفي - وقف المنقول,2124f085e747fb55,assistant,knowledge_documents,P1,legacy_sql_insert_row,الفقه الحنفي - وقف المنقول,stage_all_then_promote_p1_knowledge
knowledge_batch_07,knowledge_batch_08,scripts/final-import.sql,knowledge_documents,الفقه الحنفي - استبدال الوقف,82333275cb0db11f,assistant,knowledge_documents,P1,legacy_sql_insert_row,الفقه الحنفي - استبدال الوقف,stage_all_then_promote_p1_knowledge
knowledge_batch_07,knowledge_batch_08,scripts/final-import.sql,knowledge_documents,أوقاف القدس التاريخية - المسجد الأقصى,b3e77257ca9f65c3,assistant,knowledge_documents,P1,legacy_sql_insert_row,أوقاف القدس التاريخية - المسجد الأقصى,stage_all_then_promote_p1_knowledge
knowledge_batch_07,knowledge_batch_08,scripts/final-import.sql,knowledge_documents,أوقاف القدس - الأوقاف الصلاحية,666cf144cf3e7599,assistant,knowledge_documents,P1,legacy_sql_insert_row,أوقاف القدس - الأوقاف الصلاحية,stage_all_then_promote_p1_knowledge
knowledge_batch_07,knowledge_batch_08,scripts/final-import.sql,knowledge_documents,أوقاف القدس - الزوايا والتكايا,d2d284e11799a43a,assistant,knowledge_documents,P1,legacy_sql_insert_row,أوقاف القدس - الزوايا والتكايا,stage_all_then_promote_p1_knowledge
knowledge_batch_07,knowledge_batch_08,scripts/final-import.sql,knowledge_documents,أوقاف القدس - المدارس الوقفية,31665797ac2f9ecd,assistant,knowledge_documents,P1,legacy_sql_insert_row,أوقاف القدس - المدارس الوقفية,stage_all_then_promote_p1_knowledge
knowledge_batch_07,knowledge_batch_08,scripts/final-import.sql,knowledge_documents,قانون أملاك الغائبين الإسرائيلي 1950 - التعريف,acc3cf68fb5922fc,assistant,knowledge_documents,P1,legacy_sql_insert_row,قانون أملاك الغائبين الإسرائيلي 1950 - التعريف,stage_all_then_promote_p1_knowledge
knowledge_batch_07,knowledge_batch_08,scripts/final-import.sql,knowledge_documents,قانون أملاك الغائبين - الأوقاف,8dac4de9f76b1b8c,assistant,knowledge_documents,P1,legacy_sql_insert_row,قانون أملاك الغائبين - الأوقاف,stage_all_then_promote_p1_knowledge
knowledge_batch_07,knowledge_batch_08,scripts/final-import.sql,knowledge_documents,الانتداب البريطاني - قانون الأوقاف 1922,77b5f516b3b63d40,assistant,knowledge_documents,P1,legacy_sql_insert_row,الانتداب البريطاني - قانون الأوقاف 1922,stage_all_then_promote_p1_knowledge
knowledge_batch_07,knowledge_batch_08,scripts/final-import.sql,knowledge_documents,المجلس الإسلامي الأعلى - الصلاحيات,d52569e11959a627,assistant,knowledge_documents,P1,legacy_sql_insert_row,المجلس الإسلامي الأعلى - الصلاحيات,stage_all_then_promote_p1_knowledge
knowledge_batch_07,knowledge_batch_08,scripts/final-import.sql,knowledge_documents,الحاج أمين الحسيني - رئيس المجلس الإسلامي,e5bb053ddd8f81f4,assistant,knowledge_documents,P1,legacy_sql_insert_row,الحاج أمين الحسيني - رئيس المجلس الإسلامي,stage_all_then_promote_p1_knowledge
knowledge_batch_07,knowledge_batch_08,scripts/final-import.sql,knowledge_documents,ترميم المسجد الأقصى - الفترة البريطانية,fdec5984f0c56f96,assistant,knowledge_documents,P1,legacy_sql_insert_row,ترميم المسجد الأقصى - الفترة البريطانية,stage_all_then_promote_p1_knowledge
knowledge_batch_07,knowledge_batch_08,scripts/final-import.sql,knowledge_documents,الأوقاف في الضفة الغربية - الإدارة الأردنية,1f779bb0dcf706e9,assistant,knowledge_documents,P1,legacy_sql_insert_row,الأوقاف في الضفة الغربية - الإدارة الأردنية,stage_all_then_promote_p1_knowledge
knowledge_batch_07,knowledge_batch_08,scripts/final-import.sql,knowledge_documents,الأوقاف بعد 1967 - الاحتلال الإسرائيلي,58921e9daf74a616,assistant,knowledge_documents,P1,legacy_sql_insert_row,الأوقاف بعد 1967 - الاحتلال الإسرائيلي,stage_all_then_promote_p1_knowledge
knowledge_batch_07,knowledge_batch_08,scripts/final-import.sql,knowledge_documents,حارة المغاربة - الهدم,f0efdc6be35b3fd8,assistant,knowledge_documents,P1,legacy_sql_insert_row,حارة المغاربة - الهدم,stage_all_then_promote_p1_knowledge
knowledge_batch_07,knowledge_batch_08,scripts/final-import.sql,knowledge_documents,وقف أبو مدين الغوث - القدس,33f6c5cb69e48725,assistant,knowledge_documents,P1,legacy_sql_insert_row,وقف أبو مدين الغوث - القدس,stage_all_then_promote_p1_knowledge
knowledge_batch_07,knowledge_batch_08,scripts/final-import.sql,knowledge_documents,الفقه المالكي - تعريف الوقف,29fdf5560c5fcffe,assistant,knowledge_documents,P1,legacy_sql_insert_row,الفقه المالكي - تعريف الوقف,stage_all_then_promote_p1_knowledge
knowledge_batch_07,knowledge_batch_08,scripts/final-import.sql,knowledge_documents,الفقه الشافعي - تعريف الوقف,9332d1c0e1726d96,assistant,knowledge_documents,P1,legacy_sql_insert_row,الفقه الشافعي - تعريف الوقف,stage_all_then_promote_p1_knowledge
knowledge_batch_07,knowledge_batch_08,scripts/final-import.sql,knowledge_documents,الفقه الحنبلي - تعريف الوقف,1d259138765b8f0c,assistant,knowledge_documents,P1,legacy_sql_insert_row,الفقه الحنبلي - تعريف الوقف,stage_all_then_promote_p1_knowledge
knowledge_batch_07,knowledge_batch_08,scripts/final-import.sql,knowledge_documents,شروط الموقوف - الفقه الإسلامي,cd0e90c7bfb72b0a,assistant,knowledge_documents,P1,legacy_sql_insert_row,شروط الموقوف - الفقه الإسلامي,stage_all_then_promote_p1_knowledge
knowledge_batch_07,knowledge_batch_08,scripts/final-import.sql,knowledge_documents,الوقف على النفس - الخلاف الفقهي,864d5cd4232d341f,assistant,knowledge_documents,P1,legacy_sql_insert_row,الوقف على النفس - الخلاف الفقهي,stage_all_then_promote_p1_knowledge
knowledge_batch_07,knowledge_batch_08,scripts/final-import.sql,knowledge_documents,نظارة الوقف - الشروط والأحكام,b7310a105a04f51a,assistant,knowledge_documents,P1,legacy_sql_insert_row,نظارة الوقف - الشروط والأحكام,stage_all_then_promote_p1_knowledge
knowledge_batch_07,knowledge_batch_08,scripts/final-import.sql,knowledge_documents,شرط الواقف - الالتزام به,a6226e8adf634029,assistant,knowledge_documents,P1,legacy_sql_insert_row,شرط الواقف - الالتزام به,stage_all_then_promote_p1_knowledge
knowledge_batch_07,knowledge_batch_08,scripts/final-import.sql,knowledge_documents,الوقف المؤقت - حكمه,35ddc139f282b53c,assistant,knowledge_documents,P1,legacy_sql_insert_row,الوقف المؤقت - حكمه,stage_all_then_promote_p1_knowledge
knowledge_batch_07,knowledge_batch_08,scripts/final-import.sql,knowledge_documents,الوقف على غير المسلمين - الحكم,97de16fd246efa24,assistant,knowledge_documents,P1,legacy_sql_insert_row,الوقف على غير المسلمين - الحكم,stage_all_then_promote_p1_knowledge
knowledge_batch_07,knowledge_batch_08,scripts/final-import.sql,knowledge_documents,إحياء الوقف المتعطل - الأحكام,e800fb3fd6e32739,assistant,knowledge_documents,P1,legacy_sql_insert_row,إحياء الوقف المتعطل - الأحكام,stage_all_then_promote_p1_knowledge
knowledge_batch_07,knowledge_batch_08,scripts/final-import.sql,knowledge_documents,الوقف الأهلي - التعريف والأحكام,4a7d84adc10dd0e0,assistant,knowledge_documents,P1,legacy_sql_insert_row,الوقف الأهلي - التعريف والأحكام,stage_all_then_promote_p1_knowledge
knowledge_batch_07,knowledge_batch_08,scripts/final-import.sql,knowledge_documents,الوقف المشترك - الأحكام,08c71bdddd5351ed,assistant,knowledge_documents,P1,legacy_sql_insert_row,الوقف المشترك - الأحكام,stage_all_then_promote_p1_knowledge
knowledge_batch_07,knowledge_batch_08,scripts/final-import.sql,knowledge_documents,الوقف على المساجد - الفضل والأحكام,1dc0aa5feb84902f,assistant,knowledge_documents,P1,legacy_sql_insert_row,الوقف على المساجد - الفضل والأحكام,stage_all_then_promote_p1_knowledge
knowledge_batch_07,knowledge_batch_08,scripts/final-import.sql,knowledge_documents,قانون الأوقاف والشؤون الدينية رقم (26) لسنة 1966م وتعديلاته,6f4f5a77c76fcf3b,assistant,knowledge_documents,P1,legacy_sql_insert_row,قانون الأوقاف والشؤون الدينية رقم (26) لسنة 1966م وتعديلاته,stage_all_then_promote_p1_knowledge
knowledge_batch_07,knowledge_batch_08,scripts/final-import.sql,knowledge_documents,قانون الأراضي العثماني 1858,995af03f12aa715b,assistant,knowledge_documents,P1,legacy_sql_insert_row,قانون الأراضي العثماني 1858,stage_all_then_promote_p1_knowledge
knowledge_batch_07,knowledge_batch_08,scripts/final-import.sql,knowledge_documents,مجلة الأحكام العدلية - كتاب الوقف,8e9beb991e21e795,assistant,knowledge_documents,P1,legacy_sql_insert_row,مجلة الأحكام العدلية - كتاب الوقف,stage_all_then_promote_p1_knowledge
knowledge_batch_07,knowledge_batch_08,scripts/final-import.sql,knowledge_documents,المبسوط للسرخسي - كتاب الوقف,dd826b31d9b30cc3,assistant,knowledge_documents,P1,legacy_sql_insert_row,المبسوط للسرخسي - كتاب الوقف,stage_all_then_promote_p1_knowledge
knowledge_batch_07,knowledge_batch_08,scripts/final-import.sql,knowledge_documents,فتح القدير لابن الهمام - كتاب الوقف,4ab15c2ea55473b6,assistant,knowledge_documents,P1,legacy_sql_insert_row,فتح القدير لابن الهمام - كتاب الوقف,stage_all_then_promote_p1_knowledge
knowledge_batch_07,knowledge_batch_08,scripts/final-import.sql,knowledge_documents,فتاوى الوقف - سليمان الجاسر,99bfdcd9ffbeb682,assistant,knowledge_documents,P1,legacy_sql_insert_row,فتاوى الوقف - سليمان الجاسر,stage_all_then_promote_p1_knowledge
knowledge_batch_07,knowledge_batch_08,scripts/final-import.sql,knowledge_documents,مجموع فتاوى ابن تيمية - كتاب الوقف,2fb03118e81a01b2,assistant,knowledge_documents,P1,legacy_sql_insert_row,مجموع فتاوى ابن تيمية - كتاب الوقف,stage_all_then_promote_p1_knowledge
knowledge_batch_07,knowledge_batch_08,scripts/final-import.sql,knowledge_documents,تعليمات لجان رعاية المساجد رقم (2) لسنة 2023م,0f2c48e616218a98,assistant,knowledge_documents,P1,legacy_sql_insert_row,تعليمات لجان رعاية المساجد رقم (2) لسنة 2023م,stage_all_then_promote_p1_knowledge
knowledge_batch_07,knowledge_batch_08,scripts/final-import.sql,knowledge_documents,قرار بقانون رقم (2) لسنة 2023م بشأن تعديل قانون الأوقاف,1b57cb0c82e25a5a,assistant,knowledge_documents,P1,legacy_sql_insert_row,قرار بقانون رقم (2) لسنة 2023م بشأن تعديل قانون الأوقاف,stage_all_then_promote_p1_knowledge
knowledge_batch_07,knowledge_batch_08,scripts/final-import.sql,knowledge_documents,مهام وزارة الأوقاف والشؤون الدينية الفلسطينية,c1836e4fe9ee0bfc,assistant,knowledge_documents,P1,legacy_sql_insert_row,مهام وزارة الأوقاف والشؤون الدينية الفلسطينية,stage_all_then_promote_p1_knowledge
knowledge_batch_07,knowledge_batch_08,scripts/final-import.sql,knowledge_documents,نظام الوقف الذري في فلسطين,a3eb47b1ca468f6c,assistant,knowledge_documents,P1,legacy_sql_insert_row,نظام الوقف الذري في فلسطين,stage_all_then_promote_p1_knowledge
knowledge_batch_07,knowledge_batch_08,scripts/final-import.sql,knowledge_documents,تاريخ إدارة الأوقاف في فلسطين,760a858813005ee5,assistant,knowledge_documents,P1,legacy_sql_insert_row,تاريخ إدارة الأوقاف في فلسطين,stage_all_then_promote_p1_knowledge
knowledge_batch_07,knowledge_batch_08,scripts/final-import.sql,knowledge_documents,الوقف على المسجد الأقصى,de369f6ac4c74738,assistant,knowledge_documents,P1,legacy_sql_insert_row,الوقف على المسجد الأقصى,stage_all_then_promote_p1_knowledge
knowledge_batch_07,knowledge_batch_08,scripts/final-import.sql,knowledge_documents,حجة وقف مصطفى آغا (1821م),577a991ad277286f,assistant,knowledge_documents,P1,legacy_sql_insert_row,حجة وقف مصطفى آغا (1821م),stage_all_then_promote_p1_knowledge
knowledge_batch_07,knowledge_batch_08,scripts/final-import.sql,knowledge_documents,الحجج الوقفية في سجلات محكمة القدس الشرعية (القرن 11 هـ),54d18e12c9c67c1b,assistant,knowledge_documents,P1,legacy_sql_insert_row,الحجج الوقفية في سجلات محكمة القدس الشرعية (القرن 11 هـ),stage_all_then_promote_p1_knowledge
knowledge_batch_07,knowledge_batch_08,scripts/final-import.sql,knowledge_documents,أرشيفات القدس الإسلامية - مصادر لمسألة الوقف,50f43cad14001d55,assistant,knowledge_documents,P1,legacy_sql_insert_row,أرشيفات القدس الإسلامية - مصادر لمسألة الوقف,stage_all_then_promote_p1_knowledge
knowledge_batch_07,knowledge_batch_08,scripts/final-import.sql,knowledge_documents,أقدم وقف موثق في العالم (القرن 9 الميلادي),adf5bf008ffb1712,assistant,knowledge_documents,P1,legacy_sql_insert_row,أقدم وقف موثق في العالم (القرن 9 الميلادي),stage_all_then_promote_p1_knowledge
knowledge_batch_07,knowledge_batch_08,scripts/final-import.sql,knowledge_documents,إدارة الأوقاف في عهد الانتداب البريطاني,99ca41e3ca15269c,assistant,knowledge_documents,P1,legacy_sql_insert_row,إدارة الأوقاف في عهد الانتداب البريطاني,stage_all_then_promote_p1_knowledge
knowledge_batch_07,knowledge_batch_08,scripts/final-import.sql,knowledge_documents,الإشراف المعاصر على العقارات الوقفية,7b25d12886494653,assistant,knowledge_documents,P1,legacy_sql_insert_row,الإشراف المعاصر على العقارات الوقفية,stage_all_then_promote_p1_knowledge
knowledge_batch_07,knowledge_batch_08,scripts/batches/batch_01.sql,knowledge_documents,قانون الأراضي العثماني - المادة 1: تعريف الأراضي,5ca982de7ed9bed5,assistant,knowledge_documents,P1,legacy_sql_insert_row,قانون الأراضي العثماني - المادة 1: تعريف الأراضي,stage_all_then_promote_p1_knowledge
knowledge_batch_07,knowledge_batch_08,scripts/batches/batch_01.sql,knowledge_documents,قانون الأراضي العثماني - المادة 3: الأراضي الأميرية,98ad6fd282e0a9f0,assistant,knowledge_documents,P1,legacy_sql_insert_row,قانون الأراضي العثماني - المادة 3: الأراضي الأميرية,stage_all_then_promote_p1_knowledge
knowledge_batch_07,knowledge_batch_08,scripts/batches/batch_01.sql,knowledge_documents,قانون الأراضي العثماني - المادة 12: وقف الأراضي الأميرية,ec0d36e980ecec5f,assistant,knowledge_documents,P1,legacy_sql_insert_row,قانون الأراضي العثماني - المادة 12: وقف الأراضي الأميرية,stage_all_then_promote_p1_knowledge
knowledge_batch_07,knowledge_batch_08,scripts/batches/batch_01.sql,knowledge_documents,مجلة الأحكام العدلية - المادة 1: تعريف الوقف,a6a23851fa013e18,assistant,knowledge_documents,P1,legacy_sql_insert_row,مجلة الأحكام العدلية - المادة 1: تعريف الوقف,stage_all_then_promote_p1_knowledge
knowledge_batch_07,knowledge_batch_08,scripts/batches/batch_01.sql,knowledge_documents,مجلة الأحكام العدلية - المادة 5: شروط صحة الوقف,ff63dc86caed47f8,assistant,knowledge_documents,P1,legacy_sql_insert_row,مجلة الأحكام العدلية - المادة 5: شروط صحة الوقف,stage_all_then_promote_p1_knowledge
knowledge_batch_07,knowledge_batch_08,scripts/batches/batch_01.sql,knowledge_documents,قانون الأوقاف الأردني رقم 23 لسنة 1964 - المادة 1: التعاريف,671af1b6e5c937fd,assistant,knowledge_documents,P1,legacy_sql_insert_row,قانون الأوقاف الأردني رقم 23 لسنة 1964 - المادة 1: التعاريف,stage_all_then_promote_p1_knowledge
knowledge_batch_07,knowledge_batch_08,scripts/batches/batch_01.sql,knowledge_documents,قانون الأوقاف الأردني - المادة 10: إدارة الأوقاف,b10ca39aa871cf09,assistant,knowledge_documents,P1,legacy_sql_insert_row,قانون الأوقاف الأردني - المادة 10: إدارة الأوقاف,stage_all_then_promote_p1_knowledge
knowledge_batch_07,knowledge_batch_08,scripts/batches/batch_01.sql,knowledge_documents,قانون الأراضي العثماني - المادة 4: الأراضي الموقوفة,b81abf059830d0a0,assistant,knowledge_documents,P1,legacy_sql_insert_row,قانون الأراضي العثماني - المادة 4: الأراضي الموقوفة,stage_all_then_promote_p1_knowledge
knowledge_batch_07,knowledge_batch_08,scripts/batches/batch_01.sql,knowledge_documents,قانون الأراضي العثماني - المادة 36: حقوق المتولي,7763d4d8c6d843bb,assistant,knowledge_documents,P1,legacy_sql_insert_row,قانون الأراضي العثماني - المادة 36: حقوق المتولي,stage_all_then_promote_p1_knowledge
knowledge_batch_07,knowledge_batch_08,scripts/batches/batch_01.sql,knowledge_documents,مجلة الأحكام العدلية - المادة 2: أركان الوقف,6797ff0a9beb0c3d,assistant,knowledge_documents,P1,legacy_sql_insert_row,مجلة الأحكام العدلية - المادة 2: أركان الوقف,stage_all_then_promote_p1_knowledge
knowledge_batch_07,knowledge_batch_08,scripts/batches/batch_02.sql,knowledge_documents,مجلة الأحكام العدلية - المادة 3: شروط الواقف,fca9e59de139228f,assistant,knowledge_documents,P1,legacy_sql_insert_row,مجلة الأحكام العدلية - المادة 3: شروط الواقف,stage_all_then_promote_p1_knowledge
knowledge_batch_07,knowledge_batch_08,scripts/batches/batch_02.sql,knowledge_documents,مجلة الأحكام العدلية - المادة 6: استبدال الوقف,493d7b46aca17b0e,assistant,knowledge_documents,P1,legacy_sql_insert_row,مجلة الأحكام العدلية - المادة 6: استبدال الوقف,stage_all_then_promote_p1_knowledge
knowledge_batch_07,knowledge_batch_08,scripts/batches/batch_02.sql,knowledge_documents,قانون الأوقاف الأردني - المادة 2: تعريف الوقف الخيري,0c345fe607f576ca,assistant,knowledge_documents,P1,legacy_sql_insert_row,قانون الأوقاف الأردني - المادة 2: تعريف الوقف الخيري,stage_all_then_promote_p1_knowledge
knowledge_batch_07,knowledge_batch_08,scripts/batches/batch_02.sql,knowledge_documents,قانون الأوقاف الأردني - المادة 3: الوقف الذري,543506fb22e01416,assistant,knowledge_documents,P1,legacy_sql_insert_row,قانون الأوقاف الأردني - المادة 3: الوقف الذري,stage_all_then_promote_p1_knowledge
knowledge_batch_07,knowledge_batch_08,scripts/batches/batch_02.sql,knowledge_documents,قانون الأوقاف الأردني - المادة 15: صلاحيات المتولي,ca7b4b16317cfde4,assistant,knowledge_documents,P1,legacy_sql_insert_row,قانون الأوقاف الأردني - المادة 15: صلاحيات المتولي,stage_all_then_promote_p1_knowledge
knowledge_batch_07,knowledge_batch_08,scripts/batches/batch_02.sql,knowledge_documents,قانون الأوقاف الأردني - المادة 20: الإشراف على الأوقاف,4c21ce3e5001d5af,assistant,knowledge_documents,P1,legacy_sql_insert_row,قانون الأوقاف الأردني - المادة 20: الإشراف على الأوقاف,stage_all_then_promote_p1_knowledge
knowledge_batch_07,knowledge_batch_08,scripts/batches/batch_02.sql,knowledge_documents,قرار بقانون رقم 1 لسنة 2018 - المادة 2: أهداف الوزارة,4afba16d4f4d7456,assistant,knowledge_documents,P1,legacy_sql_insert_row,قرار بقانون رقم 1 لسنة 2018 - المادة 2: أهداف الوزارة,stage_all_then_promote_p1_knowledge
knowledge_batch_07,knowledge_batch_08,scripts/batches/batch_02.sql,knowledge_documents,قرار بقانون 2018 - المادة 5: المجلس الأعلى للأوقاف,6a4d9e56e39676ae,assistant,knowledge_documents,P1,legacy_sql_insert_row,قرار بقانون 2018 - المادة 5: المجلس الأعلى للأوقاف,stage_all_then_promote_p1_knowledge
knowledge_batch_07,knowledge_batch_08,scripts/batches/batch_02.sql,knowledge_documents,قرار بقانون 2018 - المادة 10: حماية الأوقاف,7f6bc1eaf2831157,assistant,knowledge_documents,P1,legacy_sql_insert_row,قرار بقانون 2018 - المادة 10: حماية الأوقاف,stage_all_then_promote_p1_knowledge
knowledge_batch_07,knowledge_batch_08,scripts/batches/batch_02.sql,knowledge_documents,الفقه الحنفي - تعريف الوقف,c8a3f4970349e51b,assistant,knowledge_documents,P1,legacy_sql_insert_row,الفقه الحنفي - تعريف الوقف,stage_all_then_promote_p1_knowledge
knowledge_batch_07,knowledge_batch_08,scripts/batches/batch_03.sql,knowledge_documents,الفقه الحنفي - شروط صحة الوقف,2143f08cbd3b216f,assistant,knowledge_documents,P1,legacy_sql_insert_row,الفقه الحنفي - شروط صحة الوقف,stage_all_then_promote_p1_knowledge
knowledge_batch_07,knowledge_batch_08,scripts/batches/batch_03.sql,knowledge_documents,الفقه الحنفي - وقف المنقول,735b0f1054524f8e,assistant,knowledge_documents,P1,legacy_sql_insert_row,الفقه الحنفي - وقف المنقول,stage_all_then_promote_p1_knowledge
knowledge_batch_07,knowledge_batch_08,scripts/batches/batch_03.sql,knowledge_documents,الفقه الحنفي - استبدال الوقف,4c115b3a8ea5e98f,assistant,knowledge_documents,P1,legacy_sql_insert_row,الفقه الحنفي - استبدال الوقف,stage_all_then_promote_p1_knowledge
knowledge_batch_07,knowledge_batch_08,scripts/batches/batch_03.sql,knowledge_documents,أوقاف القدس التاريخية - المسجد الأقصى,5bb0740e26983f49,assistant,knowledge_documents,P1,legacy_sql_insert_row,أوقاف القدس التاريخية - المسجد الأقصى,stage_all_then_promote_p1_knowledge
knowledge_batch_07,knowledge_batch_08,scripts/batches/batch_03.sql,knowledge_documents,أوقاف القدس - الأوقاف الصلاحية,0ac7cbf6ccc70189,assistant,knowledge_documents,P1,legacy_sql_insert_row,أوقاف القدس - الأوقاف الصلاحية,stage_all_then_promote_p1_knowledge
knowledge_batch_07,knowledge_batch_08,scripts/batches/batch_03.sql,knowledge_documents,أوقاف القدس - الزوايا والتكايا,6640bf2b501035fd,assistant,knowledge_documents,P1,legacy_sql_insert_row,أوقاف القدس - الزوايا والتكايا,stage_all_then_promote_p1_knowledge
knowledge_batch_07,knowledge_batch_08,scripts/batches/batch_03.sql,knowledge_documents,أوقاف القدس - المدارس الوقفية,4d8591cdec949bde,assistant,knowledge_documents,P1,legacy_sql_insert_row,أوقاف القدس - المدارس الوقفية,stage_all_then_promote_p1_knowledge
knowledge_batch_07,knowledge_batch_08,scripts/batches/batch_03.sql,knowledge_documents,قانون أملاك الغائبين الإسرائيلي 1950 - التعريف,5af7de2ee224ecf9,assistant,knowledge_documents,P1,legacy_sql_insert_row,قانون أملاك الغائبين الإسرائيلي 1950 - التعريف,stage_all_then_promote_p1_knowledge
knowledge_batch_07,knowledge_batch_08,scripts/batches/batch_03.sql,knowledge_documents,قانون أملاك الغائبين - الأوقاف,c488d4a9a5a81c79,assistant,knowledge_documents,P1,legacy_sql_insert_row,قانون أملاك الغائبين - الأوقاف,stage_all_then_promote_p1_knowledge
knowledge_batch_07,knowledge_batch_08,scripts/batches/batch_03.sql,knowledge_documents,الانتداب البريطاني - قانون الأوقاف 1922,7fd04f9f373967b3,assistant,knowledge_documents,P1,legacy_sql_insert_row,الانتداب البريطاني - قانون الأوقاف 1922,stage_all_then_promote_p1_knowledge
knowledge_batch_07,knowledge_batch_08,scripts/batches/batch_04.sql,knowledge_documents,المجلس الإسلامي الأعلى - الصلاحيات,c385a102abdd3bc2,assistant,knowledge_documents,P1,legacy_sql_insert_row,المجلس الإسلامي الأعلى - الصلاحيات,stage_all_then_promote_p1_knowledge
knowledge_batch_07,knowledge_batch_08,scripts/batches/batch_04.sql,knowledge_documents,الحاج أمين الحسيني - رئيس المجلس الإسلامي,93f1fe9c9d89c07f,assistant,knowledge_documents,P1,legacy_sql_insert_row,الحاج أمين الحسيني - رئيس المجلس الإسلامي,stage_all_then_promote_p1_knowledge
knowledge_batch_07,knowledge_batch_08,scripts/batches/batch_04.sql,knowledge_documents,ترميم المسجد الأقصى - الفترة البريطانية,bea53c182b8eb108,assistant,knowledge_documents,P1,legacy_sql_insert_row,ترميم المسجد الأقصى - الفترة البريطانية,stage_all_then_promote_p1_knowledge
knowledge_batch_07,knowledge_batch_08,scripts/batches/batch_04.sql,knowledge_documents,الأوقاف في الضفة الغربية - الإدارة الأردنية,9130647d4aed68e0,assistant,knowledge_documents,P1,legacy_sql_insert_row,الأوقاف في الضفة الغربية - الإدارة الأردنية,stage_all_then_promote_p1_knowledge
knowledge_batch_07,knowledge_batch_08,scripts/batches/batch_04.sql,knowledge_documents,الأوقاف بعد 1967 - الاحتلال الإسرائيلي,365b053f12379060,assistant,knowledge_documents,P1,legacy_sql_insert_row,الأوقاف بعد 1967 - الاحتلال الإسرائيلي,stage_all_then_promote_p1_knowledge
knowledge_batch_07,knowledge_batch_08,scripts/batches/batch_04.sql,knowledge_documents,حارة المغاربة - الهدم,958028d2b69ae72b,assistant,knowledge_documents,P1,legacy_sql_insert_row,حارة المغاربة - الهدم,stage_all_then_promote_p1_knowledge
knowledge_batch_07,knowledge_batch_08,scripts/batches/batch_04.sql,knowledge_documents,وقف أبو مدين الغوث - القدس,176db880f1e75fc2,assistant,knowledge_documents,P1,legacy_sql_insert_row,وقف أبو مدين الغوث - القدس,stage_all_then_promote_p1_knowledge
knowledge_batch_07,knowledge_batch_08,scripts/batches/batch_04.sql,knowledge_documents,الفقه المالكي - تعريف الوقف,58a96a7af41769b9,assistant,knowledge_documents,P1,legacy_sql_insert_row,الفقه المالكي - تعريف الوقف,stage_all_then_promote_p1_knowledge
knowledge_batch_07,knowledge_batch_08,scripts/batches/batch_04.sql,knowledge_documents,الفقه الشافعي - تعريف الوقف,ec0db62a6031b625,assistant,knowledge_documents,P1,legacy_sql_insert_row,الفقه الشافعي - تعريف الوقف,stage_all_then_promote_p1_knowledge
knowledge_batch_07,knowledge_batch_08,scripts/batches/batch_04.sql,knowledge_documents,الفقه الحنبلي - تعريف الوقف,4dec5f4c941a19e6,assistant,knowledge_documents,P1,legacy_sql_insert_row,الفقه الحنبلي - تعريف الوقف,stage_all_then_promote_p1_knowledge
knowledge_batch_07,knowledge_batch_08,scripts/batches/batch_05.sql,knowledge_documents,شروط الموقوف - الفقه الإسلامي,56c7ce138a4bcc8e,assistant,knowledge_documents,P1,legacy_sql_insert_row,شروط الموقوف - الفقه الإسلامي,stage_all_then_promote_p1_knowledge
knowledge_batch_07,knowledge_batch_08,scripts/batches/batch_05.sql,knowledge_documents,الوقف على النفس - الخلاف الفقهي,da47cd14e3128535,assistant,knowledge_documents,P1,legacy_sql_insert_row,الوقف على النفس - الخلاف الفقهي,stage_all_then_promote_p1_knowledge
knowledge_batch_07,knowledge_batch_08,scripts/batches/batch_05.sql,knowledge_documents,نظارة الوقف - الشروط والأحكام,9a1a88993b9c5e61,assistant,knowledge_documents,P1,legacy_sql_insert_row,نظارة الوقف - الشروط والأحكام,stage_all_then_promote_p1_knowledge
knowledge_batch_07,knowledge_batch_08,scripts/batches/batch_05.sql,knowledge_documents,شرط الواقف - الالتزام به,e3a19c84c86c4998,assistant,knowledge_documents,P1,legacy_sql_insert_row,شرط الواقف - الالتزام به,stage_all_then_promote_p1_knowledge
knowledge_batch_07,knowledge_batch_08,scripts/batches/batch_05.sql,knowledge_documents,الوقف المؤقت - حكمه,d195a9c02b35a000,assistant,knowledge_documents,P1,legacy_sql_insert_row,الوقف المؤقت - حكمه,stage_all_then_promote_p1_knowledge
knowledge_batch_07,knowledge_batch_08,scripts/batches/batch_05.sql,knowledge_documents,الوقف على غير المسلمين - الحكم,7c496ed84b6885c7,assistant,knowledge_documents,P1,legacy_sql_insert_row,الوقف على غير المسلمين - الحكم,stage_all_then_promote_p1_knowledge
knowledge_batch_07,knowledge_batch_08,scripts/batches/batch_05.sql,knowledge_documents,إحياء الوقف المتعطل - الأحكام,2af839be3e16ec9a,assistant,knowledge_documents,P1,legacy_sql_insert_row,إحياء الوقف المتعطل - الأحكام,stage_all_then_promote_p1_knowledge
knowledge_batch_07,knowledge_batch_08,scripts/batches/batch_05.sql,knowledge_documents,الوقف الأهلي - التعريف والأحكام,27da0c21d746fdac,assistant,knowledge_documents,P1,legacy_sql_insert_row,الوقف الأهلي - التعريف والأحكام,stage_all_then_promote_p1_knowledge
knowledge_batch_07,knowledge_batch_08,scripts/batches/batch_05.sql,knowledge_documents,الوقف المشترك - الأحكام,3c4ce9ece97451ba,assistant,knowledge_documents,P1,legacy_sql_insert_row,الوقف المشترك - الأحكام,stage_all_then_promote_p1_knowledge
knowledge_batch_07,knowledge_batch_08,scripts/batches/batch_05.sql,knowledge_documents,الوقف على المساجد - الفضل والأحكام,8b4392dea0b09fce,assistant,knowledge_documents,P1,legacy_sql_insert_row,الوقف على المساجد - الفضل والأحكام,stage_all_then_promote_p1_knowledge
knowledge_batch_07,knowledge_batch_08,scripts/batches/batch_06.sql,knowledge_documents,قانون الأوقاف والشؤون الدينية رقم (26) لسنة 1966م وتعديلاته,a882a484191f7fb0,assistant,knowledge_documents,P1,legacy_sql_insert_row,قانون الأوقاف والشؤون الدينية رقم (26) لسنة 1966م وتعديلاته,stage_all_then_promote_p1_knowledge
knowledge_batch_07,knowledge_batch_08,scripts/batches/batch_06.sql,knowledge_documents,قانون الأراضي العثماني 1858,aea6d755eb2dc821,assistant,knowledge_documents,P1,legacy_sql_insert_row,قانون الأراضي العثماني 1858,stage_all_then_promote_p1_knowledge
knowledge_batch_07,knowledge_batch_08,scripts/batches/batch_06.sql,knowledge_documents,مجلة الأحكام العدلية - كتاب الوقف,558ae42db3ab51bd,assistant,knowledge_documents,P1,legacy_sql_insert_row,مجلة الأحكام العدلية - كتاب الوقف,stage_all_then_promote_p1_knowledge
knowledge_batch_07,knowledge_batch_08,scripts/batches/batch_06.sql,knowledge_documents,المبسوط للسرخسي - كتاب الوقف,edb99bf89ccb5c0b,assistant,knowledge_documents,P1,legacy_sql_insert_row,المبسوط للسرخسي - كتاب الوقف,stage_all_then_promote_p1_knowledge
knowledge_batch_07,knowledge_batch_08,scripts/batches/batch_06.sql,knowledge_documents,فتح القدير لابن الهمام - كتاب الوقف,1ec679c2ed12d337,assistant,knowledge_documents,P1,legacy_sql_insert_row,فتح القدير لابن الهمام - كتاب الوقف,stage_all_then_promote_p1_knowledge
knowledge_batch_07,knowledge_batch_08,scripts/batches/batch_06.sql,knowledge_documents,فتاوى الوقف - سليمان الجاسر,4131b1ff53abae52,assistant,knowledge_documents,P1,legacy_sql_insert_row,فتاوى الوقف - سليمان الجاسر,stage_all_then_promote_p1_knowledge
knowledge_batch_07,knowledge_batch_08,scripts/batches/batch_06.sql,knowledge_documents,مجموع فتاوى ابن تيمية - كتاب الوقف,2df6fb0f35362544,assistant,knowledge_documents,P1,legacy_sql_insert_row,مجموع فتاوى ابن تيمية - كتاب الوقف,stage_all_then_promote_p1_knowledge
knowledge_batch_07,knowledge_batch_08,scripts/batches/batch_06.sql,knowledge_documents,تعليمات لجان رعاية المساجد رقم (2) لسنة 2023م,8b7983ad06d5475d,assistant,knowledge_documents,P1,legacy_sql_insert_row,تعليمات لجان رعاية المساجد رقم (2) لسنة 2023م,stage_all_then_promote_p1_knowledge
knowledge_batch_07,knowledge_batch_08,scripts/batches/batch_06.sql,knowledge_documents,قرار بقانون رقم (2) لسنة 2023م بشأن تعديل قانون الأوقاف,74a3274b7d021430,assistant,knowledge_documents,P1,legacy_sql_insert_row,قرار بقانون رقم (2) لسنة 2023م بشأن تعديل قانون الأوقاف,stage_all_then_promote_p1_knowledge
knowledge_batch_07,knowledge_batch_08,scripts/batches/batch_06.sql,knowledge_documents,مهام وزارة الأوقاف والشؤون الدينية الفلسطينية,32f5a92937ef16aa,assistant,knowledge_documents,P1,legacy_sql_insert_row,مهام وزارة الأوقاف والشؤون الدينية الفلسطينية,stage_all_then_promote_p1_knowledge
knowledge_batch_07,knowledge_batch_08,scripts/batches/batch_07.sql,knowledge_documents,نظام الوقف الذري في فلسطين,49d2d2b6f5c9cca7,assistant,knowledge_documents,P1,legacy_sql_insert_row,نظام الوقف الذري في فلسطين,stage_all_then_promote_p1_knowledge
knowledge_batch_07,knowledge_batch_08,scripts/batches/batch_07.sql,knowledge_documents,تاريخ إدارة الأوقاف في فلسطين,b93ef629b1b28853,assistant,knowledge_documents,P1,legacy_sql_insert_row,تاريخ إدارة الأوقاف في فلسطين,stage_all_then_promote_p1_knowledge
knowledge_batch_07,knowledge_batch_08,scripts/batches/batch_07.sql,knowledge_documents,الوقف على المسجد الأقصى,f9619c2e7df0c65e,assistant,knowledge_documents,P1,legacy_sql_insert_row,الوقف على المسجد الأقصى,stage_all_then_promote_p1_knowledge
knowledge_batch_07,knowledge_batch_08,scripts/batches/batch_07.sql,knowledge_documents,حجة وقف مصطفى آغا (1821م),66a3570e11185b80,assistant,knowledge_documents,P1,legacy_sql_insert_row,حجة وقف مصطفى آغا (1821م),stage_all_then_promote_p1_knowledge
knowledge_batch_07,knowledge_batch_08,scripts/batches/batch_07.sql,knowledge_documents,الحجج الوقفية في سجلات محكمة القدس الشرعية (القرن 11 هـ),e1d41aa0e53f0a6c,assistant,knowledge_documents,P1,legacy_sql_insert_row,الحجج الوقفية في سجلات محكمة القدس الشرعية (القرن 11 هـ),stage_all_then_promote_p1_knowledge
knowledge_batch_07,knowledge_batch_08,scripts/batches/batch_07.sql,knowledge_documents,أرشيفات القدس الإسلامية - مصادر لمسألة الوقف,bd2b95c6569c304c,assistant,knowledge_documents,P1,legacy_sql_insert_row,أرشيفات القدس الإسلامية - مصادر لمسألة الوقف,stage_all_then_promote_p1_knowledge
knowledge_batch_07,knowledge_batch_08,scripts/batches/batch_07.sql,knowledge_documents,أقدم وقف موثق في العالم (القرن 9 الميلادي),8f01b16bfd8f19ed,assistant,knowledge_documents,P1,legacy_sql_insert_row,أقدم وقف موثق في العالم (القرن 9 الميلادي),stage_all_then_promote_p1_knowledge
knowledge_batch_07,knowledge_batch_08,scripts/batches/batch_07.sql,knowledge_documents,إدارة الأوقاف في عهد الانتداب البريطاني,fa9eb172f75e745b,assistant,knowledge_documents,P1,legacy_sql_insert_row,إدارة الأوقاف في عهد الانتداب البريطاني,stage_all_then_promote_p1_knowledge
knowledge_batch_07,knowledge_batch_08,scripts/batches/batch_07.sql,knowledge_documents,الإشراف المعاصر على العقارات الوقفية,30ba567dcb7db1fc,assistant,knowledge_documents,P1,legacy_sql_insert_row,الإشراف المعاصر على العقارات الوقفية,stage_all_then_promote_p1_knowledge
knowledge_batch_07,knowledge_batch_08,.manus/db/db-query-1765143284155.json,knowledge_documents,قانون الأوقاف والشؤون والمقدسات الإسلامية رقم (26) لسنة 1966,8f6906582322d9ab,assistant,knowledge_documents,P1,legacy_sql_insert_row,قانون الأوقاف والشؤون والمقدسات الإسلامية رقم (26) لسنة 1966,stage_all_then_promote_p1_knowledge
knowledge_batch_07,knowledge_batch_08,.manus/db/db-query-1765143284155.json,knowledge_documents,قرار بقانون رقم (2) لسنة 2023 بشأن تعديل قانون الأوقاف,fb2a885011677a98,assistant,knowledge_documents,P1,legacy_sql_insert_row,قرار بقانون رقم (2) لسنة 2023 بشأن تعديل قانون الأوقاف,stage_all_then_promote_p1_knowledge
knowledge_batch_07,knowledge_batch_08,.manus/db/db-query-1765143284155.json,knowledge_documents,قانون المالكين والمستأجرين للعقارات الوقفية رقم (5) لسنة 1964,363840fb423787d0,assistant,knowledge_documents,P1,legacy_sql_insert_row,قانون المالكين والمستأجرين للعقارات الوقفية رقم (5) لسنة 1964,stage_all_then_promote_p1_knowledge
knowledge_batch_07,knowledge_batch_08,.manus/db/db-query-1765143284155.json,knowledge_documents,قانون إعفاء الأوقاف الخيرية من الضرائب والرسوم رقم (36) لسنة 1973,ece0d01e648a3c1b,assistant,knowledge_documents,P1,legacy_sql_insert_row,قانون إعفاء الأوقاف الخيرية من الضرائب والرسوم رقم (36) لسنة 1973,stage_all_then_promote_p1_knowledge
knowledge_batch_07,knowledge_batch_08,.manus/db/db-query-1765143284155.json,knowledge_documents,نظام الأوقاف والشؤون الإسلامية رقم (142) لسنة 1966,e776e912d238f35e,assistant,knowledge_documents,P1,legacy_sql_insert_row,نظام الأوقاف والشؤون الإسلامية رقم (142) لسنة 1966,stage_all_then_promote_p1_knowledge
knowledge_batch_07,knowledge_batch_08,.manus/db/db-query-1765143284155.json,knowledge_documents,قانون تشكيل المحاكم الشرعية رقم (19) لسنة 1972,aebc9ac2683bd95a,assistant,knowledge_documents,P1,legacy_sql_insert_row,قانون تشكيل المحاكم الشرعية رقم (19) لسنة 1972,stage_all_then_promote_p1_knowledge
knowledge_batch_07,knowledge_batch_08,.manus/db/db-query-1765143284155.json,knowledge_documents,قرار بقانون رقم (3) لسنة 2012 بشأن القضاء الشرعي,7dba79a1d2136980,assistant,knowledge_documents,P1,legacy_sql_insert_row,قرار بقانون رقم (3) لسنة 2012 بشأن القضاء الشرعي,stage_all_then_promote_p1_knowledge
knowledge_batch_07,knowledge_batch_08,.manus/db/db-query-1765143284155.json,knowledge_documents,مجلة الأحكام العدلية,78f09d25ec3ce5d1,assistant,knowledge_documents,P1,legacy_sql_insert_row,مجلة الأحكام العدلية,stage_all_then_promote_p1_knowledge
knowledge_batch_07,knowledge_batch_08,.manus/db/db-query-1765143321218.json,knowledge_documents,مجلة الأحكام العدلية + شروحها,536c3a616b26098b,assistant,knowledge_documents,P1,legacy_sql_insert_row,مجلة الأحكام العدلية + شروحها,stage_all_then_promote_p1_knowledge
knowledge_batch_07,knowledge_batch_08,.manus/db/db-query-1765143321218.json,knowledge_documents,مدونة أحكام الوقف الفقهية,5924c69c370536c4,assistant,knowledge_documents,P1,legacy_sql_insert_row,مدونة أحكام الوقف الفقهية,stage_all_then_promote_p1_knowledge
knowledge_batch_07,knowledge_batch_08,.manus/db/db-query-1765143321218.json,knowledge_documents,الموسوعة الفقهية في الوقف,b912ef48fac4a004,assistant,knowledge_documents,P1,legacy_sql_insert_row,الموسوعة الفقهية في الوقف,stage_all_then_promote_p1_knowledge
knowledge_batch_07,knowledge_batch_08,.manus/db/db-query-1765143321218.json,knowledge_documents,الوقف وتنميته في المجتمع الإسلامي المعاصر,d83d0c0141475e07,assistant,knowledge_documents,P1,legacy_sql_insert_row,الوقف وتنميته في المجتمع الإسلامي المعاصر,stage_all_then_promote_p1_knowledge
knowledge_batch_07,knowledge_batch_08,.manus/db/db-query-1765143321218.json,knowledge_documents,فقه الوقف - قضايا معاصرة,fe1e551b879bdf1b,assistant,knowledge_documents,P1,legacy_sql_insert_row,فقه الوقف - قضايا معاصرة,stage_all_then_promote_p1_knowledge
knowledge_batch_07,knowledge_batch_08,.manus/db/db-query-1765143321218.json,knowledge_documents,النتف في الفتاوى,e5ab821f28db86a3,assistant,knowledge_documents,P1,legacy_sql_insert_row,النتف في الفتاوى,stage_all_then_promote_p1_knowledge
knowledge_batch_07,knowledge_batch_08,.manus/db/db-query-1765143346752.json,knowledge_documents,الأوقاف الإسلامية في فلسطين ودورها في مواجهة الاحتلال الإسرائيلي,ce3eb412ca1d227c,assistant,knowledge_documents,P1,legacy_sql_insert_row,الأوقاف الإسلامية في فلسطين ودورها في مواجهة الاحتلال الإسرائيلي,stage_all_then_promote_p1_knowledge
knowledge_batch_07,knowledge_batch_08,.manus/db/db-query-1765143346752.json,knowledge_documents,أوقاف قضاء حيفا خلال فترة الانتداب البريطاني 1922-1948: دراسة وثائقية,ae279c2cdb56d00d,assistant,knowledge_documents,P1,legacy_sql_insert_row,أوقاف قضاء حيفا خلال فترة الانتداب البريطاني 1922-1948: دراسة وثائقية,stage_all_then_promote_p1_knowledge
knowledge_batch_07,knowledge_batch_08,.manus/db/db-query-1765143346752.json,knowledge_documents,النظام القانوني لتسوية الأراضي في فلسطين,c59f8c8d74fba33a,assistant,knowledge_documents,P1,legacy_sql_insert_row,النظام القانوني لتسوية الأراضي في فلسطين,stage_all_then_promote_p1_knowledge
knowledge_batch_07,knowledge_batch_08,.manus/db/db-query-1765143346752.json,knowledge_documents,القضاء الشرعي والكنسي في فلسطين,9a56903d1b76649d,assistant,knowledge_documents,P1,legacy_sql_insert_row,القضاء الشرعي والكنسي في فلسطين,stage_all_then_promote_p1_knowledge
knowledge_batch_07,knowledge_batch_08,.manus/db/db-query-1765143346752.json,knowledge_documents,تقرير الهيئة المستقلة لحقوق الإنسان عن الأوقاف الإسلامية في الضفة الغربية,45a3754a22d7ea22,assistant,knowledge_documents,P1,legacy_sql_insert_row,تقرير الهيئة المستقلة لحقوق الإنسان عن الأوقاف الإسلامية في الضفة الغربية,stage_all_then_promote_p1_knowledge
knowledge_batch_07,knowledge_batch_08,.manus/db/db-query-1765143346752.json,knowledge_documents,دراسات عن استثمار الأموال الموقوفة,30b4452867204354,assistant,knowledge_documents,P1,legacy_sql_insert_row,دراسات عن استثمار الأموال الموقوفة,stage_all_then_promote_p1_knowledge
knowledge_batch_07,knowledge_batch_08,.manus/db/db-query-1765143346752.json,knowledge_documents,دراسات عن الحوكمة والنزاهة في إدارة الأوقاف,11f0f220b6694b80,assistant,knowledge_documents,P1,legacy_sql_insert_row,دراسات عن الحوكمة والنزاهة في إدارة الأوقاف,stage_all_then_promote_p1_knowledge
knowledge_batch_07,knowledge_batch_08,.manus/db/db-query-1765143346752.json,knowledge_documents,قاعدة مقام للأحكام والتشريعات,0577eec85e771215,assistant,knowledge_documents,P1,legacy_sql_insert_row,قاعدة مقام للأحكام والتشريعات,stage_all_then_promote_p1_knowledge
knowledge_batch_07,knowledge_batch_08,.manus/db/db-query-1765143346752.json,knowledge_documents,ديوان القضاء الشرعي,1a59174b6c5d0c37,assistant,knowledge_documents,P1,legacy_sql_insert_row,ديوان القضاء الشرعي,stage_all_then_promote_p1_knowledge
knowledge_batch_07,knowledge_batch_08,.manus/db/db-query-1765143346752.json,knowledge_documents,ديوان قاضي القضاة / المحكمة العليا الشرعية,0361f0cf50013f10,assistant,knowledge_documents,P1,legacy_sql_insert_row,ديوان قاضي القضاة / المحكمة العليا الشرعية,stage_all_then_promote_p1_knowledge
knowledge_batch_07,knowledge_batch_08,.manus/db/db-query-1765145119332.json,knowledge_documents,تعريف الوقف في الفقه الإسلامي,0653b852dedd7f97,assistant,knowledge_documents,P1,legacy_sql_insert_row,تعريف الوقف في الفقه الإسلامي,stage_all_then_promote_p1_knowledge
knowledge_batch_07,knowledge_batch_08,.manus/db/db-query-1765145119332.json,knowledge_documents,الأدلة الشرعية على مشروعية الوقف,48f66f7c9cba44d3,assistant,knowledge_documents,P1,legacy_sql_insert_row,الأدلة الشرعية على مشروعية الوقف,stage_all_then_promote_p1_knowledge
knowledge_batch_07,knowledge_batch_08,.manus/db/db-query-1765145119332.json,knowledge_documents,شروط الوقف في الفقه الإسلامي,8278600fe0b6c4d6,assistant,knowledge_documents,P1,legacy_sql_insert_row,شروط الوقف في الفقه الإسلامي,stage_all_then_promote_p1_knowledge
knowledge_batch_07,knowledge_batch_08,.manus/db/db-query-1765145119332.json,knowledge_documents,تاريخ الأوقاف في فلسطين - العهد الراشدي,66b163744ed83b82,assistant,knowledge_documents,P1,legacy_sql_insert_row,تاريخ الأوقاف في فلسطين - العهد الراشدي,stage_all_then_promote_p1_knowledge
knowledge_batch_07,knowledge_batch_08,.manus/db/db-query-1765145162608.json,knowledge_documents,الأوقاف في العهد الأيوبي والمملوكي,45169b6cc1912660,assistant,knowledge_documents,P1,legacy_sql_insert_row,الأوقاف في العهد الأيوبي والمملوكي,stage_all_then_promote_p1_knowledge
knowledge_batch_07,knowledge_batch_08,.manus/db/db-query-1765145162608.json,knowledge_documents,نظام الأوقاف في العهد العثماني,dfb904c679f6b31d,assistant,knowledge_documents,P1,legacy_sql_insert_row,نظام الأوقاف في العهد العثماني,stage_all_then_promote_p1_knowledge
knowledge_batch_07,knowledge_batch_08,.manus/db/db-query-1765145162608.json,knowledge_documents,المسجد الأقصى المبارك - أعظم الأوقاف,171806c685c5ec85,assistant,knowledge_documents,P1,legacy_sql_insert_row,المسجد الأقصى المبارك - أعظم الأوقاف,stage_all_then_promote_p1_knowledge
knowledge_batch_07,knowledge_batch_08,.manus/db/db-query-1765145162608.json,knowledge_documents,أنواع الأوقاف في الفقه والقانون,797e9926b8fb68f2,assistant,knowledge_documents,P1,legacy_sql_insert_row,أنواع الأوقاف في الفقه والقانون,stage_all_then_promote_p1_knowledge
knowledge_batch_07,knowledge_batch_08,.manus/db/db-query-1765145206904.json,knowledge_documents,إدارة الأوقاف - النظام الشرعي والقانوني,54168ea5d68fd328,assistant,knowledge_documents,P1,legacy_sql_insert_row,إدارة الأوقاف - النظام الشرعي والقانوني,stage_all_then_promote_p1_knowledge
knowledge_batch_07,knowledge_batch_08,.manus/db/db-query-1765145206904.json,knowledge_documents,استثمار الأوقاف في الفقه المعاصر,ff2ecf397fa1815e,assistant,knowledge_documents,P1,legacy_sql_insert_row,استثمار الأوقاف في الفقه المعاصر,stage_all_then_promote_p1_knowledge
knowledge_batch_07,knowledge_batch_08,.manus/db/db-query-1765145206904.json,knowledge_documents,التحديات المعاصرة للأوقاف الفلسطينية,91cebaa8c1aada88,assistant,knowledge_documents,P1,legacy_sql_insert_row,التحديات المعاصرة للأوقاف الفلسطينية,stage_all_then_promote_p1_knowledge
knowledge_batch_07,knowledge_batch_08,.manus/db/db-query-1765145206904.json,knowledge_documents,دور الأوقاف في التنمية المستدامة,53788ba573ab641d,assistant,knowledge_documents,P1,legacy_sql_insert_row,دور الأوقاف في التنمية المستدامة,stage_all_then_promote_p1_knowledge
knowledge_batch_07,knowledge_batch_08,.manus/db/db-query-1767919471890.json,knowledge_documents,قانون الأراضي العثماني - المادة 1: تعريف الأراضي,4c37317a814f9396,assistant,knowledge_documents,P1,legacy_sql_insert_row,قانون الأراضي العثماني - المادة 1: تعريف الأراضي,stage_all_then_promote_p1_knowledge
knowledge_batch_07,knowledge_batch_08,.manus/db/db-query-1767974684070.json,knowledge_documents,متصرفية القدس أواخر العهد العثماني,abe3a63087b7cea6,assistant,knowledge_documents,P1,legacy_sql_insert_row,متصرفية القدس أواخر العهد العثماني,stage_all_then_promote_p1_knowledge
knowledge_batch_07,knowledge_batch_08,.manus/db/db-query-1767974684070.json,knowledge_documents,ديار بئر السبع: جنوب فلسطين العثماني - الأرض والمجتمع والدولة,995e8fb3c1b64c91,assistant,knowledge_documents,P1,legacy_sql_insert_row,ديار بئر السبع: جنوب فلسطين العثماني - الأرض والمجتمع والدولة,stage_all_then_promote_p1_knowledge
knowledge_batch_07,knowledge_batch_08,.manus/db/db-query-1767974684070.json,knowledge_documents,حق التصرف الوارد على الأراضي الأميرية وفقاً للتشريعات النافذة في فلسطين,cfa725a47875f1af,assistant,knowledge_documents,P1,legacy_sql_insert_row,حق التصرف الوارد على الأراضي الأميرية وفقاً للتشريعات النافذة في فلسطين,stage_all_then_promote_p1_knowledge
knowledge_batch_07,knowledge_batch_08,.manus/db/db-query-1767974684070.json,knowledge_documents,النظام القانوني للأراضي الأميرية في فلسطين,8901acab49f28fa3,assistant,knowledge_documents,P1,legacy_sql_insert_row,النظام القانوني للأراضي الأميرية في فلسطين,stage_all_then_promote_p1_knowledge
knowledge_batch_07,knowledge_batch_08,.manus/db/db-query-1767974684070.json,knowledge_documents,تسوية وتسجيل الأراضي في القدس الشرقية: الإشكاليات، التحديات والإسقاطات,402645e92c6b49dc,assistant,knowledge_documents,P1,legacy_sql_insert_row,تسوية وتسجيل الأراضي في القدس الشرقية: الإشكاليات، التحديات والإسقاطات,stage_all_then_promote_p1_knowledge
knowledge_batch_07,knowledge_batch_08,.manus/db/db-query-1767974699280.json,knowledge_documents,"Consequences of the Ottoman land law: Agrarian and privatization processes in Palestine, 1858–1918",04973f4fb5253549,assistant,knowledge_documents,P1,legacy_sql_insert_row,"Consequences of the Ottoman land law: Agrarian and privatization processes in Palestine, 1858–1918",stage_all_then_promote_p1_knowledge
knowledge_batch_07,knowledge_batch_08,.manus/db/db-query-1767974699280.json,knowledge_documents,Land privatization in nineteenth-century Ottoman Palestine,cae0f032c854fcdd,assistant,knowledge_documents,P1,legacy_sql_insert_row,Land privatization in nineteenth-century Ottoman Palestine,stage_all_then_promote_p1_knowledge
knowledge_batch_07,knowledge_batch_08,.manus/db/db-query-1767974699280.json,knowledge_documents,Land registry maps in Palestine during the Ottoman period,b488e6ab7a8b9cee,assistant,knowledge_documents,P1,legacy_sql_insert_row,Land registry maps in Palestine during the Ottoman period,stage_all_then_promote_p1_knowledge
knowledge_batch_07,knowledge_batch_08,.manus/db/db-query-1767974699280.json,knowledge_documents,Mind the Gap: An Archaeological View of Land Tenure and Usufruct Rights Around Jerusalem,6eb7be6e0841a7c3,assistant,knowledge_documents,P1,legacy_sql_insert_row,Mind the Gap: An Archaeological View of Land Tenure and Usufruct Rights Around Jerusalem,stage_all_then_promote_p1_knowledge
knowledge_batch_07,knowledge_batch_08,.manus/db/db-query-1767974719121.json,knowledge_documents,قانون الأراضي العثماني (1858),025fb42c56e5fa39,assistant,knowledge_documents,P1,legacy_sql_insert_row,قانون الأراضي العثماني (1858),stage_all_then_promote_p1_knowledge
knowledge_batch_07,knowledge_batch_08,.manus/db/db-query-1767974719121.json,knowledge_documents,نظام ملكية الأراضي في العهد العثماني,92163875750809a1,assistant,knowledge_documents,P1,legacy_sql_insert_row,نظام ملكية الأراضي في العهد العثماني,stage_all_then_promote_p1_knowledge
knowledge_batch_07,knowledge_batch_08,.manus/db/db-query-1767974719121.json,knowledge_documents,وثائق الملكية الفلسطينية في الأرشيف العثماني,ac9e587ed75e2626,assistant,knowledge_documents,P1,legacy_sql_insert_row,وثائق الملكية الفلسطينية في الأرشيف العثماني,stage_all_then_promote_p1_knowledge
knowledge_batch_07,knowledge_batch_08,.manus/db/db-query-1767974719121.json,knowledge_documents,الأرشيف العثماني بأيدٍ فلسطينية.. وثائق تثبت ملكية الأراضي,f330c967e8120d67,assistant,knowledge_documents,P1,legacy_sql_insert_row,الأرشيف العثماني بأيدٍ فلسطينية.. وثائق تثبت ملكية الأراضي,stage_all_then_promote_p1_knowledge
knowledge_batch_07,knowledge_batch_08,.manus/db/db-query-1767974719121.json,knowledge_documents,التنظيم القانوني للأراضي في فلسطين (1858 - الحاضر),5a30c99bcf46c5fd,assistant,knowledge_documents,P1,legacy_sql_insert_row,التنظيم القانوني للأراضي في فلسطين (1858 - الحاضر),stage_all_then_promote_p1_knowledge
knowledge_batch_07,knowledge_batch_08,.manus/db/db-query-1767975773406.json,land_references,سجلات الطابو العثماني - القدس,4b85002e29a06ac7,assistant,,P1,legacy_sql_insert_row,سجلات الطابو العثماني - القدس,stage_all_then_promote_p1_knowledge
knowledge_batch_07,knowledge_batch_08,.manus/db/db-query-1767975773406.json,land_references,وثائق الانتداب البريطاني - يافا,dc62daeba5946476,assistant,,P1,legacy_sql_insert_row,وثائق الانتداب البريطاني - يافا,stage_all_then_promote_p1_knowledge
knowledge_batch_07,knowledge_batch_08,.manus/db/db-query-1767975773406.json,land_references,قانون الأراضي الأردني رقم 40,e4cb365083a0d58a,assistant,,P1,legacy_sql_insert_row,قانون الأراضي الأردني رقم 40,stage_all_then_promote_p1_knowledge
knowledge_batch_07,knowledge_batch_08,.manus/db/db-query-1767975773406.json,land_references,خرائط المساحة العثمانية - نابلس,6bbcd97bb034e18b,assistant,,P1,legacy_sql_insert_row,خرائط المساحة العثمانية - نابلس,stage_all_then_promote_p1_knowledge
knowledge_batch_07,knowledge_batch_08,.manus/db/db-query-1767975773406.json,land_references,سجل الأراضي - الخليل,04eabcb8e3cee857,assistant,,P1,legacy_sql_insert_row,سجل الأراضي - الخليل,stage_all_then_promote_p1_knowledge
knowledge_batch_07,knowledge_batch_08,.manus/db/db-query-1767975773406.json,land_references,وثيقة وقف إبراهيمي,3204f91d496c2e7d,assistant,,P1,legacy_sql_insert_row,وثيقة وقف إبراهيمي,stage_all_then_promote_p1_knowledge
knowledge_batch_07,knowledge_batch_08,.manus/db/db-query-1767975773406.json,land_references,حكم محكمة العدل العليا - أراضي بيت لحم,dd7b1f35a3be3d94,assistant,,P1,legacy_sql_insert_row,حكم محكمة العدل العليا - أراضي بيت لحم,stage_all_then_promote_p1_knowledge
knowledge_batch_07,knowledge_batch_08,.manus/db/db-query-1767975773406.json,land_references,قانون الأراضي الفلسطيني,4c1f57dfbca648a1,assistant,,P1,legacy_sql_insert_row,قانون الأراضي الفلسطيني,stage_all_then_promote_p1_knowledge
knowledge_batch_07,knowledge_batch_08,.manus/db/db-query-1767975773406.json,land_references,سجلات الطابو - غزة,542f64664f9c3ba9,assistant,,P1,legacy_sql_insert_row,سجلات الطابو - غزة,stage_all_then_promote_p1_knowledge
knowledge_batch_07,knowledge_batch_08,.manus/db/db-query-1767975773406.json,land_references,وثائق الانتداب - حيفا,b326fdcb2ffa88df,assistant,,P1,legacy_sql_insert_row,وثائق الانتداب - حيفا,stage_all_then_promote_p1_knowledge
knowledge_batch_07,knowledge_batch_08,.manus/db/db-query-1767975773406.json,land_references,خرائط المساحة - رام الله,8ac8896111b86101,assistant,,P1,legacy_sql_insert_row,خرائط المساحة - رام الله,stage_all_then_promote_p1_knowledge
knowledge_batch_07,knowledge_batch_08,.manus/db/db-query-1767975773406.json,land_references,سجل أراضي جنين,16f6c3d5fe3c3f7e,assistant,,P1,legacy_sql_insert_row,سجل أراضي جنين,stage_all_then_promote_p1_knowledge
knowledge_batch_07,knowledge_batch_08,.manus/db/db-query-1769029505700.json,content_templates,Modern Landing,2676912316bc75d6,assistant,content_templates,P1,legacy_sql_insert_row,Modern Landing,stage_all_then_operational_register
knowledge_batch_07,knowledge_batch_08,.manus/db/db-query-1769029505700.json,content_templates,About Us,88ce107e5725c2a9,assistant,content_templates,P1,legacy_sql_insert_row,About Us,stage_all_then_operational_register
knowledge_batch_07,knowledge_batch_08,.manus/db/db-query-1769029505700.json,content_templates,Services Showcase,53689758cbf6b9bd,assistant,content_templates,P1,legacy_sql_insert_row,Services Showcase,stage_all_then_operational_register
knowledge_batch_07,knowledge_batch_08,.manus/db/db-query-1769029505700.json,content_templates,Portfolio Gallery,2a5081f7d99559f6,assistant,content_templates,P1,legacy_sql_insert_row,Portfolio Gallery,stage_all_then_operational_register
knowledge_batch_07,knowledge_batch_08,.manus/db/db-query-1769029505700.json,content_templates,Blog Layout,9b197f3b4f20fcd0,assistant,content_templates,P1,legacy_sql_insert_row,Blog Layout,stage_all_then_operational_register
knowledge_batch_07,knowledge_batch_08,.manus/db/db-query-1769029505700.json,content_templates,Documentation,bb2e8c161036eaf6,assistant,content_templates,P1,legacy_sql_insert_row,Documentation,stage_all_then_operational_register
knowledge_batch_07,knowledge_batch_08,.manus/db/db-query-1769029505700.json,content_templates,Dashboard Overview,581ab35efd4c08c8,assistant,content_templates,P1,legacy_sql_insert_row,Dashboard Overview,stage_all_then_operational_register
knowledge_batch_07,knowledge_batch_08,.manus/db/db-query-1769029505700.json,content_templates,E-commerce Home,f2cecf608a503e9d,assistant,content_templates,P1,legacy_sql_insert_row,E-commerce Home,stage_all_then_operational_register
knowledge_batch_07,knowledge_batch_08,.manus/db/db-query-1769029505700.json,content_templates,Educational Platform,822c382b8b58f2c7,assistant,content_templates,P1,legacy_sql_insert_row,Educational Platform,stage_all_then_operational_register
knowledge_batch_07,knowledge_batch_08,.manus/db/db-query-1769029505700.json,content_templates,Nonprofit Campaign,d1a55809dc58c64b,assistant,content_templates,P1,legacy_sql_insert_row,Nonprofit Campaign,stage_all_then_operational_register
knowledge_batch_07,knowledge_batch_08,.manus/db/db-query-1769208760921.json,roles,super_admin,cdb1d2d5cc33f92e,assistant,,Domain-mapped / no direct assistant ownership,legacy_sql_insert_row,super_admin,stage_only_review_or_domain_mapped
knowledge_batch_07,knowledge_batch_08,.manus/db/db-query-1769208760921.json,roles,admin,9487a92ca7211822,assistant,,Domain-mapped / no direct assistant ownership,legacy_sql_insert_row,admin,stage_only_review_or_domain_mapped
knowledge_batch_07,knowledge_batch_08,.manus/db/db-query-1769208760921.json,roles,editor,f3beae55774903a3,assistant,,Domain-mapped / no direct assistant ownership,legacy_sql_insert_row,editor,stage_only_review_or_domain_mapped
knowledge_batch_07,knowledge_batch_08,.manus/db/db-query-1769208760921.json,roles,viewer,b308e1a95f4af925,assistant,,Domain-mapped / no direct assistant ownership,legacy_sql_insert_row,viewer,stage_only_review_or_domain_mapped
knowledge_batch_07,knowledge_batch_08,.manus/db/db-query-1769208760921.json,permissions,users.create,33132a2b6b977deb,assistant,,Domain-mapped / no direct assistant ownership,legacy_sql_insert_row,users.create,stage_only_review_or_domain_mapped
knowledge_batch_07,knowledge_batch_08,.manus/db/db-query-1769208760921.json,permissions,users.read,d3686c8a25697624,assistant,,Domain-mapped / no direct assistant ownership,legacy_sql_insert_row,users.read,stage_only_review_or_domain_mapped
knowledge_batch_07,knowledge_batch_08,.manus/db/db-query-1769208760921.json,permissions,users.update,a1396952db953609,assistant,,Domain-mapped / no direct assistant ownership,legacy_sql_insert_row,users.update,stage_only_review_or_domain_mapped
knowledge_batch_07,knowledge_batch_08,.manus/db/db-query-1769208760921.json,permissions,users.delete,6e0aaa302c4e5963,assistant,,Domain-mapped / no direct assistant ownership,legacy_sql_insert_row,users.delete,stage_only_review_or_domain_mapped
knowledge_batch_07,knowledge_batch_08,.manus/db/db-query-1769208760921.json,permissions,content.create,2c7c6b9d53b0f010,assistant,,Domain-mapped / no direct assistant ownership,legacy_sql_insert_row,content.create,stage_only_review_or_domain_mapped
knowledge_batch_07,knowledge_batch_08,.manus/db/db-query-1769208760921.json,permissions,content.read,8368a1949b0a504f,assistant,,Domain-mapped / no direct assistant ownership,legacy_sql_insert_row,content.read,stage_only_review_or_domain_mapped
knowledge_batch_07,knowledge_batch_08,.manus/db/db-query-1769208760921.json,permissions,content.update,604cde92e531fbd0,assistant,,Domain-mapped / no direct assistant ownership,legacy_sql_insert_row,content.update,stage_only_review_or_domain_mapped
knowledge_batch_07,knowledge_batch_08,.manus/db/db-query-1769208760921.json,permissions,content.delete,20331a727a8dd887,assistant,,Domain-mapped / no direct assistant ownership,legacy_sql_insert_row,content.delete,stage_only_review_or_domain_mapped
knowledge_batch_07,knowledge_batch_08,.manus/db/db-query-1769208760921.json,permissions,settings.read,cfef6957c7cb414c,assistant,,Domain-mapped / no direct assistant ownership,legacy_sql_insert_row,settings.read,stage_only_review_or_domain_mapped
knowledge_batch_07,knowledge_batch_08,.manus/db/db-query-1769208760921.json,permissions,settings.update,1ff93c10f6d88011,assistant,,Domain-mapped / no direct assistant ownership,legacy_sql_insert_row,settings.update,stage_only_review_or_domain_mapped
knowledge_batch_07,knowledge_batch_08,.manus/db/db-query-1772922268453.json,__drizzle_migrations,,86bbe13dc8caf851,assistant,,Review,legacy_sql_insert_row,,stage_only_review_or_domain_mapped
knowledge_batch_07,knowledge_batch_08,.manus/db/db-query-1772922268453.json,__drizzle_migrations,,498482823cb24f17,assistant,,Review,legacy_sql_insert_row,,stage_only_review_or_domain_mapped
knowledge_batch_07,knowledge_batch_08,.manus/db/db-query-1772922268453.json,__drizzle_migrations,,515abc61e17c2ad4,assistant,,Review,legacy_sql_insert_row,,stage_only_review_or_domain_mapped
knowledge_batch_07,knowledge_batch_08,.manus/db/db-query-1772922268453.json,__drizzle_migrations,,e77051efdea67ce1,assistant,,Review,legacy_sql_insert_row,,stage_only_review_or_domain_mapped
knowledge_batch_07,knowledge_batch_08,.manus/db/db-query-1772922268453.json,__drizzle_migrations,,ab958f4622784933,assistant,,Review,legacy_sql_insert_row,,stage_only_review_or_domain_mapped
knowledge_batch_07,knowledge_batch_08,.manus/db/db-query-1772922268453.json,__drizzle_migrations,,19d3a8276df3a683,assistant,,Review,legacy_sql_insert_row,,stage_only_review_or_domain_mapped
knowledge_batch_07,knowledge_batch_08,.manus/db/db-query-1772922268453.json,__drizzle_migrations,,86b7b3be710a8380,assistant,,Review,legacy_sql_insert_row,,stage_only_review_or_domain_mapped
knowledge_batch_07,knowledge_batch_08,.manus/db/db-query-1772922268453.json,__drizzle_migrations,,f8095fbb08685aa3,assistant,,Review,legacy_sql_insert_row,,stage_only_review_or_domain_mapped
knowledge_batch_07,knowledge_batch_08,.manus/db/db-query-1772922268453.json,__drizzle_migrations,,4e3318dee65f66c2,assistant,,Review,legacy_sql_insert_row,,stage_only_review_or_domain_mapped
knowledge_batch_07,knowledge_batch_08,.manus/db/db-query-1772922268453.json,__drizzle_migrations,,c02f31b1bbd75c76,assistant,,Review,legacy_sql_insert_row,,stage_only_review_or_domain_mapped
knowledge_batch_07,knowledge_batch_08,.manus/db/db-query-1772922268453.json,__drizzle_migrations,,17e180fb83bfec4f,assistant,,Review,legacy_sql_insert_row,,stage_only_review_or_domain_mapped
knowledge_batch_07,knowledge_batch_08,.manus/db/db-query-1772922268453.json,__drizzle_migrations,,d7e58fcae9d7f5d4,assistant,,Review,legacy_sql_insert_row,,stage_only_review_or_domain_mapped
knowledge_batch_07,knowledge_batch_08,.manus/db/db-query-1772922268453.json,__drizzle_migrations,,ae22f5a82dfdb862,assistant,,Review,legacy_sql_insert_row,,stage_only_review_or_domain_mapped
knowledge_batch_07,knowledge_batch_08,.manus/db/db-query-1772922268453.json,__drizzle_migrations,,d6cc1a8ccac5adba,assistant,,Review,legacy_sql_insert_row,,stage_only_review_or_domain_mapped
knowledge_batch_07,knowledge_batch_08,.manus/db/db-query-1772922268453.json,__drizzle_migrations,,4cd5af4d315b4b24,assistant,,Review,legacy_sql_insert_row,,stage_only_review_or_domain_mapped
knowledge_batch_07,knowledge_batch_08,.manus/db/db-query-1772922268453.json,__drizzle_migrations,,1ae59d9d528ac631,assistant,,Review,legacy_sql_insert_row,,stage_only_review_or_domain_mapped
knowledge_batch_07,knowledge_batch_08,.manus/db/db-query-1772922268453.json,__drizzle_migrations,,bf36d2c0e69ffceb,assistant,,Review,legacy_sql_insert_row,,stage_only_review_or_domain_mapped
knowledge_batch_07,knowledge_batch_08,.manus/db/db-query-1772922268453.json,__drizzle_migrations,,52864a73fd9f3a83,assistant,,Review,legacy_sql_insert_row,,stage_only_review_or_domain_mapped
knowledge_batch_07,knowledge_batch_08,.manus/db/db-query-error-1765143239886.json,knowledge_base,قانون الأوقاف والشؤون والمقدسات الإسلامية رقم (26) لسنة 1966,2501b28c97dc4fdf,assistant,,Review,legacy_sql_insert_row,قانون الأوقاف والشؤون والمقدسات الإسلامية رقم (26) لسنة 1966,stage_only_review_or_domain_mapped
knowledge_batch_07,knowledge_batch_08,.manus/db/db-query-error-1765143239886.json,knowledge_base,قرار بقانون رقم (2) لسنة 2023 بشأن تعديل قانون الأوقاف,0dfeb13ff348ee9e,assistant,,Review,legacy_sql_insert_row,قرار بقانون رقم (2) لسنة 2023 بشأن تعديل قانون الأوقاف,stage_only_review_or_domain_mapped
knowledge_batch_07,knowledge_batch_08,.manus/db/db-query-error-1765143239886.json,knowledge_base,قانون المالكين والمستأجرين للعقارات الوقفية رقم (5) لسنة 1964,6bf3a35df002e502,assistant,,Review,legacy_sql_insert_row,قانون المالكين والمستأجرين للعقارات الوقفية رقم (5) لسنة 1964,stage_only_review_or_domain_mapped
knowledge_batch_07,knowledge_batch_08,.manus/db/db-query-error-1765143239886.json,knowledge_base,قانون إعفاء الأوقاف الخيرية من الضرائب والرسوم رقم (36) لسنة 1973,ed872e3376d09ec2,assistant,,Review,legacy_sql_insert_row,قانون إعفاء الأوقاف الخيرية من الضرائب والرسوم رقم (36) لسنة 1973,stage_only_review_or_domain_mapped
knowledge_batch_07,knowledge_batch_08,.manus/db/db-query-error-1765145073080.json,knowledge_documents,تعريف الوقف في الفقه الإسلامي,63c1406d0f00fdd8,assistant,knowledge_documents,P1,legacy_sql_insert_row,تعريف الوقف في الفقه الإسلامي,stage_all_then_promote_p1_knowledge
knowledge_batch_07,knowledge_batch_08,.manus/db/db-query-error-1767919336713.json,knowledge_documents,قانون الأراضي العثماني - المادة 1: تعريف الأراضي,b798ef2795b9adea,assistant,knowledge_documents,P1,legacy_sql_insert_row,قانون الأراضي العثماني - المادة 1: تعريف الأراضي,stage_all_then_promote_p1_knowledge
knowledge_batch_07,knowledge_batch_08,.manus/db/db-query-error-1767974647793.json,knowledge_documents,متصرفية القدس أواخر العهد العثماني,e43f1062c5dcd963,assistant,knowledge_documents,P1,legacy_sql_insert_row,متصرفية القدس أواخر العهد العثماني,stage_all_then_promote_p1_knowledge
knowledge_batch_07,knowledge_batch_08,.manus/db/db-query-error-1770368748592.json,page_settings,نموذج الذكاء الصناعي للأوقاف الإسلامية في فلسطين,ffe6f413dda08f6b,assistant,page_settings,P1,legacy_sql_insert_row,نموذج الذكاء الصناعي للأوقاف الإسلامية في فلسطين,stage_all_then_operational_register
knowledge_batch_07,knowledge_batch_08,.manus/db/db-query-error-1770368748592.json,page_settings,من نحن - نموذج الأوقاف,a06977d79ba9b1c8,assistant,page_settings,P1,legacy_sql_insert_row,من نحن - نموذج الأوقاف,stage_all_then_operational_register
knowledge_batch_07,knowledge_batch_08,.manus/db/db-query-error-1770368748592.json,page_settings,خدماتنا - نموذج الأوقاف,b80a2e6eb52455b9,assistant,page_settings,P1,legacy_sql_insert_row,خدماتنا - نموذج الأوقاف,stage_all_then_operational_register
knowledge_batch_07,knowledge_batch_08,.manus/db/db-query-error-1770368748592.json,page_settings,مراجع الأوقاف,109943a3f9029d23,assistant,page_settings,P1,legacy_sql_insert_row,مراجع الأوقاف,stage_all_then_operational_register
knowledge_batch_07,knowledge_batch_08,.manus/db/db-query-error-1770368748592.json,page_settings,قاعدة المعرفة,568852e40c436f07,assistant,page_settings,P1,legacy_sql_insert_row,قاعدة المعرفة,stage_all_then_operational_register
knowledge_batch_07,knowledge_batch_08,.manus/db/db-query-error-1770368748592.json,page_settings,اتصل بنا,4e8d25548c3f48be,assistant,page_settings,P1,legacy_sql_insert_row,اتصل بنا,stage_all_then_operational_register
knowledge_batch_07,knowledge_batch_08,.manus/db/db-query-error-1770368748592.json,page_settings,المدونة,2fa44cd5b71ef732,assistant,page_settings,P1,legacy_sql_insert_row,المدونة,stage_all_then_operational_register
knowledge_batch_07,knowledge_batch_08,new_references.json,legacy_json_content,العدل والإنصاف في معرفة أصول الفقه والاختلاف,10e212cdb865ec8a,assistant,,P1,legacy_json_content_record,العدل والإنصاف في معرفة أصول الفقه والاختلاف,stage_all_then_promote_p1_knowledge
knowledge_batch_07,knowledge_batch_08,new_references.json,legacy_json_content,قانون العدل والإنصاف للقضاء على مشكلات الأوقاف,a14076a6290d142a,assistant,,P1,legacy_json_content_record,قانون العدل والإنصاف للقضاء على مشكلات الأوقاف,stage_all_then_promote_p1_knowledge
knowledge_batch_07,knowledge_batch_08,new_references.json,legacy_json_content,المغني - ابن قدامة المقدسي,52c7ba54733ad312,assistant,,P1,legacy_json_content_record,المغني - ابن قدامة المقدسي,stage_all_then_promote_p1_knowledge
knowledge_batch_07,knowledge_batch_08,new_references.json,legacy_json_content,الأم - الإمام الشافعي,2476c4204c882c6a,assistant,,P1,legacy_json_content_record,الأم - الإمام الشافعي,stage_all_then_promote_p1_knowledge
knowledge_batch_07,knowledge_batch_08,new_references.json,legacy_json_content,المبسوط - السرخسي,7ba2e6be41eb445f,assistant,,P1,legacy_json_content_record,المبسوط - السرخسي,stage_all_then_promote_p1_knowledge
knowledge_batch_07,knowledge_batch_08,new_references.json,legacy_json_content,المدونة الكبرى - الإمام مالك,c2d43a0701e43264,assistant,,P1,legacy_json_content_record,المدونة الكبرى - الإمام مالك,stage_all_then_promote_p1_knowledge
knowledge_batch_07,knowledge_batch_08,new_references.json,legacy_json_content,الموافقات في أصول الشريعة - الشاطبي,0ba7fe0a96531bf9,assistant,,P1,legacy_json_content_record,الموافقات في أصول الشريعة - الشاطبي,stage_all_then_promote_p1_knowledge
knowledge_batch_07,knowledge_batch_08,new_references.json,legacy_json_content,إعلام الموقعين عن رب العالمين - ابن القيم,7eaa91d1547fd3c5,assistant,,P1,legacy_json_content_record,إعلام الموقعين عن رب العالمين - ابن القيم,stage_all_then_promote_p1_knowledge
knowledge_batch_07,knowledge_batch_08,new_references.json,legacy_json_content,الأشباه والنظائر - السيوطي,95904d2f7a824365,assistant,,P1,legacy_json_content_record,الأشباه والنظائر - السيوطي,stage_all_then_promote_p1_knowledge
knowledge_batch_07,knowledge_batch_08,new_references.json,legacy_json_content,المجلة العدلية (مجلة الأحكام العدلية),08e371fcd654a46d,assistant,,P1,legacy_json_content_record,المجلة العدلية (مجلة الأحكام العدلية),stage_all_then_promote_p1_knowledge
knowledge_batch_07,knowledge_batch_08,new_references.json,legacy_json_content,الفقه الإسلامي وأدلته - وهبة الزحيلي,58a12fdb792d8c6f,assistant,,P1,legacy_json_content_record,الفقه الإسلامي وأدلته - وهبة الزحيلي,stage_all_then_promote_p1_knowledge
knowledge_batch_07,knowledge_batch_08,new_references.json,legacy_json_content,أحكام الوقف في الشريعة الإسلامية - محمد عبيد الكبيسي,492c28f3abc0d654,assistant,,P1,legacy_json_content_record,أحكام الوقف في الشريعة الإسلامية - محمد عبيد الكبيسي,stage_all_then_promote_p1_knowledge
knowledge_batch_07,knowledge_batch_08,new_references.json,legacy_json_content,الوقف الإسلامي: تطوره، إدارته، تنميته - منذر قحف,2b38ab7dfbac88da,assistant,,P1,legacy_json_content_record,الوقف الإسلامي: تطوره، إدارته، تنميته - منذر قحف,stage_all_then_promote_p1_knowledge
knowledge_batch_07,knowledge_batch_08,new_references.json,legacy_json_content,قانون الأوقاف الفلسطيني رقم 2 لسنة 2014,f12fb2452f131d86,assistant,,P1,legacy_json_content_record,قانون الأوقاف الفلسطيني رقم 2 لسنة 2014,stage_all_then_promote_p1_knowledge
knowledge_batch_07,knowledge_batch_08,new_references.json,legacy_json_content,الأوقاف الإسلامية في القدس الشريف - كامل جميل العسلي,7c01d7b1089db8c9,assistant,,P1,legacy_json_content_record,الأوقاف الإسلامية في القدس الشريف - كامل جميل العسلي,stage_all_then_promote_p1_knowledge
knowledge_batch_07,knowledge_batch_08,new_references.json,legacy_json_content,الأوقاف في فلسطين: دراسة تاريخية وثائقية,c59a68b91406df14,assistant,,P1,legacy_json_content_record,الأوقاف في فلسطين: دراسة تاريخية وثائقية,stage_all_then_promote_p1_knowledge
knowledge_batch_07,knowledge_batch_08,new_references.json,legacy_json_content,نظام الأوقاف في التطبيق المعاصر - عبد الله بن ناصر السدحان,acb9fa760957d578,assistant,,P1,legacy_json_content_record,نظام الأوقاف في التطبيق المعاصر - عبد الله بن ناصر السدحان,stage_all_then_promote_p1_knowledge
knowledge_batch_07,knowledge_batch_08,new_references.json,legacy_json_content,الوقف الإسلامي بين النظرية والتطبيق - حسن عبد الله الأمين,4ff48defb42a8cbb,assistant,,P1,legacy_json_content_record,الوقف الإسلامي بين النظرية والتطبيق - حسن عبد الله الأمين,stage_all_then_promote_p1_knowledge
knowledge_batch_07,knowledge_batch_08,new_references.json,legacy_json_content,دور الوقف في المجتمع الإسلامي المعاصر - يوسف القرضاوي,0d9a948330641eab,assistant,,P1,legacy_json_content_record,دور الوقف في المجتمع الإسلامي المعاصر - يوسف القرضاوي,stage_all_then_promote_p1_knowledge
knowledge_batch_07,knowledge_batch_08,new_references.json,legacy_json_content,الأوقاف والسياسة في مصر - إبراهيم البيومي غانم,9b0f0966b762e089,assistant,,P1,legacy_json_content_record,الأوقاف والسياسة في مصر - إبراهيم البيومي غانم,stage_all_then_promote_p1_knowledge
knowledge_batch_07,knowledge_batch_08,new_references.json,legacy_json_content,الوقف ودوره في تنمية المجتمع - عبد العزيز الخياط,0ab46218387b79c1,assistant,,P1,legacy_json_content_record,الوقف ودوره في تنمية المجتمع - عبد العزيز الخياط,stage_all_then_promote_p1_knowledge
knowledge_batch_07,knowledge_batch_08,new_references.json,legacy_json_content,صيغ تمويلية مستحدثة للأوقاف - عبد الله بن منصور الغفيلي,9dafc1072d534a28,assistant,,P1,legacy_json_content_record,صيغ تمويلية مستحدثة للأوقاف - عبد الله بن منصور الغفيلي,stage_all_then_promote_p1_knowledge
knowledge_batch_07,knowledge_batch_08,new_references.json,legacy_json_content,إدارة وتنمية أموال الوقف - ماجد أبو رخية,e4e079ceb3fe1009,assistant,,P1,legacy_json_content_record,إدارة وتنمية أموال الوقف - ماجد أبو رخية,stage_all_then_promote_p1_knowledge
knowledge_batch_07,knowledge_batch_08,scripts/basic_references.json,legacy_json_content,قانون الأراضي العثماني - المادة 1: تعريف الأراضي,9c4403d368424a81,assistant,,P1,legacy_json_content_record,قانون الأراضي العثماني - المادة 1: تعريف الأراضي,stage_all_then_promote_p1_knowledge
knowledge_batch_07,knowledge_batch_08,scripts/basic_references.json,legacy_json_content,قانون الأراضي العثماني - المادة 3: الأراضي الأميرية,ccc319fc6973de09,assistant,,P1,legacy_json_content_record,قانون الأراضي العثماني - المادة 3: الأراضي الأميرية,stage_all_then_promote_p1_knowledge
knowledge_batch_07,knowledge_batch_08,scripts/basic_references.json,legacy_json_content,قانون الأراضي العثماني - المادة 12: وقف الأراضي الأميرية,44a4357c9a543f1b,assistant,,P1,legacy_json_content_record,قانون الأراضي العثماني - المادة 12: وقف الأراضي الأميرية,stage_all_then_promote_p1_knowledge
knowledge_batch_07,knowledge_batch_08,scripts/basic_references.json,legacy_json_content,مجلة الأحكام العدلية - المادة 1: تعريف الوقف,546949c9ed4ac29f,assistant,,P1,legacy_json_content_record,مجلة الأحكام العدلية - المادة 1: تعريف الوقف,stage_all_then_promote_p1_knowledge
knowledge_batch_07,knowledge_batch_08,scripts/basic_references.json,legacy_json_content,مجلة الأحكام العدلية - المادة 5: شروط صحة الوقف,4fdf464c5d754bd4,assistant,,P1,legacy_json_content_record,مجلة الأحكام العدلية - المادة 5: شروط صحة الوقف,stage_all_then_promote_p1_knowledge
knowledge_batch_07,knowledge_batch_08,scripts/basic_references.json,legacy_json_content,قانون الأوقاف الأردني رقم 23 لسنة 1964 - المادة 1: التعاريف,d4e2c9ca99248fe6,assistant,,P1,legacy_json_content_record,قانون الأوقاف الأردني رقم 23 لسنة 1964 - المادة 1: التعاريف,stage_all_then_promote_p1_knowledge
knowledge_batch_07,knowledge_batch_08,scripts/basic_references.json,legacy_json_content,قانون الأوقاف الأردني - المادة 10: إدارة الأوقاف,31b00dade03d1e70,assistant,,P1,legacy_json_content_record,قانون الأوقاف الأردني - المادة 10: إدارة الأوقاف,stage_all_then_promote_p1_knowledge
knowledge_batch_07,knowledge_batch_08,scripts/additional_references.json,legacy_json_content,قانون الأراضي العثماني - المادة 4: الأراضي الموقوفة,22abe6c34351d48e,assistant,,P1,legacy_json_content_record,قانون الأراضي العثماني - المادة 4: الأراضي الموقوفة,stage_all_then_promote_p1_knowledge
knowledge_batch_07,knowledge_batch_08,scripts/additional_references.json,legacy_json_content,قانون الأراضي العثماني - المادة 36: حقوق المتولي,65f4fd926418fd4f,assistant,,P1,legacy_json_content_record,قانون الأراضي العثماني - المادة 36: حقوق المتولي,stage_all_then_promote_p1_knowledge
knowledge_batch_07,knowledge_batch_08,scripts/additional_references.json,legacy_json_content,مجلة الأحكام العدلية - المادة 2: أركان الوقف,05cb4c11858ab00d,assistant,,P1,legacy_json_content_record,مجلة الأحكام العدلية - المادة 2: أركان الوقف,stage_all_then_promote_p1_knowledge
knowledge_batch_07,knowledge_batch_08,scripts/additional_references.json,legacy_json_content,مجلة الأحكام العدلية - المادة 3: شروط الواقف,3af5f3a9e50a9fb5,assistant,,P1,legacy_json_content_record,مجلة الأحكام العدلية - المادة 3: شروط الواقف,stage_all_then_promote_p1_knowledge
knowledge_batch_07,knowledge_batch_08,scripts/additional_references.json,legacy_json_content,مجلة الأحكام العدلية - المادة 6: استبدال الوقف,ec3d524bcbaa3c80,assistant,,P1,legacy_json_content_record,مجلة الأحكام العدلية - المادة 6: استبدال الوقف,stage_all_then_promote_p1_knowledge
knowledge_batch_07,knowledge_batch_08,scripts/additional_references.json,legacy_json_content,قانون الأوقاف الأردني - المادة 2: تعريف الوقف الخيري,64e91eaec67405a2,assistant,,P1,legacy_json_content_record,قانون الأوقاف الأردني - المادة 2: تعريف الوقف الخيري,stage_all_then_promote_p1_knowledge
knowledge_batch_07,knowledge_batch_08,scripts/additional_references.json,legacy_json_content,قانون الأوقاف الأردني - المادة 3: الوقف الذري,6939b73c023a7f51,assistant,,P1,legacy_json_content_record,قانون الأوقاف الأردني - المادة 3: الوقف الذري,stage_all_then_promote_p1_knowledge
knowledge_batch_07,knowledge_batch_08,scripts/additional_references.json,legacy_json_content,قانون الأوقاف الأردني - المادة 15: صلاحيات المتولي,e67c621531e67e08,assistant,,P1,legacy_json_content_record,قانون الأوقاف الأردني - المادة 15: صلاحيات المتولي,stage_all_then_promote_p1_knowledge
knowledge_batch_07,knowledge_batch_08,scripts/additional_references.json,legacy_json_content,قانون الأوقاف الأردني - المادة 20: الإشراف على الأوقاف,9f5ae55d26b839b2,assistant,,P1,legacy_json_content_record,قانون الأوقاف الأردني - المادة 20: الإشراف على الأوقاف,stage_all_then_promote_p1_knowledge
knowledge_batch_07,knowledge_batch_08,scripts/additional_references.json,legacy_json_content,قرار بقانون رقم 1 لسنة 2018 - المادة 2: أهداف الوزارة,8bc2a6e91c0501ab,assistant,,P1,legacy_json_content_record,قرار بقانون رقم 1 لسنة 2018 - المادة 2: أهداف الوزارة,stage_all_then_promote_p1_knowledge
knowledge_batch_07,knowledge_batch_08,scripts/additional_references.json,legacy_json_content,قرار بقانون 2018 - المادة 5: المجلس الأعلى للأوقاف,aff71d32dc9eb8a2,assistant,,P1,legacy_json_content_record,قرار بقانون 2018 - المادة 5: المجلس الأعلى للأوقاف,stage_all_then_promote_p1_knowledge
knowledge_batch_07,knowledge_batch_08,scripts/additional_references.json,legacy_json_content,قرار بقانون 2018 - المادة 10: حماية الأوقاف,b14a26155fb98296,assistant,,P1,legacy_json_content_record,قرار بقانون 2018 - المادة 10: حماية الأوقاف,stage_all_then_promote_p1_knowledge
knowledge_batch_07,knowledge_batch_08,scripts/additional_references.json,legacy_json_content,الفقه الحنفي - تعريف الوقف,db802c0e3089a313,assistant,,P1,legacy_json_content_record,الفقه الحنفي - تعريف الوقف,stage_all_then_promote_p1_knowledge
knowledge_batch_07,knowledge_batch_08,scripts/additional_references.json,legacy_json_content,الفقه الحنفي - شروط صحة الوقف,59b81f9e0f433dda,assistant,,P1,legacy_json_content_record,الفقه الحنفي - شروط صحة الوقف,stage_all_then_promote_p1_knowledge
knowledge_batch_07,knowledge_batch_08,scripts/additional_references.json,legacy_json_content,الفقه الحنفي - وقف المنقول,530c8280dbea7594,assistant,,P1,legacy_json_content_record,الفقه الحنفي - وقف المنقول,stage_all_then_promote_p1_knowledge
knowledge_batch_07,knowledge_batch_08,scripts/additional_references.json,legacy_json_content,الفقه الحنفي - استبدال الوقف,55851f34b18a38d8,assistant,,P1,legacy_json_content_record,الفقه الحنفي - استبدال الوقف,stage_all_then_promote_p1_knowledge
knowledge_batch_07,knowledge_batch_08,scripts/additional_references.json,legacy_json_content,أوقاف القدس التاريخية - المسجد الأقصى,960319e0a12325bb,assistant,,P1,legacy_json_content_record,أوقاف القدس التاريخية - المسجد الأقصى,stage_all_then_promote_p1_knowledge
knowledge_batch_07,knowledge_batch_08,scripts/additional_references.json,legacy_json_content,أوقاف القدس - الأوقاف الصلاحية,704ae205bef475a9,assistant,,P1,legacy_json_content_record,أوقاف القدس - الأوقاف الصلاحية,stage_all_then_promote_p1_knowledge
knowledge_batch_07,knowledge_batch_08,scripts/additional_references.json,legacy_json_content,أوقاف القدس - الزوايا والتكايا,46e0d08263e75674,assistant,,P1,legacy_json_content_record,أوقاف القدس - الزوايا والتكايا,stage_all_then_promote_p1_knowledge
knowledge_batch_07,knowledge_batch_08,scripts/additional_references.json,legacy_json_content,أوقاف القدس - المدارس الوقفية,064db90acc321496,assistant,,P1,legacy_json_content_record,أوقاف القدس - المدارس الوقفية,stage_all_then_promote_p1_knowledge
knowledge_batch_07,knowledge_batch_08,scripts/additional_references.json,legacy_json_content,قانون أملاك الغائبين الإسرائيلي 1950 - التعريف,1c54378d437a481e,assistant,,P1,legacy_json_content_record,قانون أملاك الغائبين الإسرائيلي 1950 - التعريف,stage_all_then_promote_p1_knowledge
knowledge_batch_07,knowledge_batch_08,scripts/additional_references.json,legacy_json_content,قانون أملاك الغائبين - الأوقاف,6cb694346bf8a403,assistant,,P1,legacy_json_content_record,قانون أملاك الغائبين - الأوقاف,stage_all_then_promote_p1_knowledge
knowledge_batch_07,knowledge_batch_08,scripts/additional_references.json,legacy_json_content,الانتداب البريطاني - قانون الأوقاف 1922,36e9d46cbecafd14,assistant,,P1,legacy_json_content_record,الانتداب البريطاني - قانون الأوقاف 1922,stage_all_then_promote_p1_knowledge
knowledge_batch_07,knowledge_batch_08,scripts/additional_references.json,legacy_json_content,المجلس الإسلامي الأعلى - الصلاحيات,2398ebeedb659373,assistant,,P1,legacy_json_content_record,المجلس الإسلامي الأعلى - الصلاحيات,stage_all_then_promote_p1_knowledge
knowledge_batch_07,knowledge_batch_08,scripts/additional_references.json,legacy_json_content,الحاج أمين الحسيني - رئيس المجلس الإسلامي,7755bccbf4864d48,assistant,,P1,legacy_json_content_record,الحاج أمين الحسيني - رئيس المجلس الإسلامي,stage_all_then_promote_p1_knowledge
knowledge_batch_07,knowledge_batch_08,scripts/additional_references.json,legacy_json_content,ترميم المسجد الأقصى - الفترة البريطانية,646a652eaa3c1f10,assistant,,P1,legacy_json_content_record,ترميم المسجد الأقصى - الفترة البريطانية,stage_all_then_promote_p1_knowledge
knowledge_batch_07,knowledge_batch_08,scripts/additional_references.json,legacy_json_content,الأوقاف في الضفة الغربية - الإدارة الأردنية,c2afb8d10e2e12ed,assistant,,P1,legacy_json_content_record,الأوقاف في الضفة الغربية - الإدارة الأردنية,stage_all_then_promote_p1_knowledge
knowledge_batch_07,knowledge_batch_08,scripts/additional_references.json,legacy_json_content,الأوقاف بعد 1967 - الاحتلال الإسرائيلي,a57997a82d1b1076,assistant,,P1,legacy_json_content_record,الأوقاف بعد 1967 - الاحتلال الإسرائيلي,stage_all_then_promote_p1_knowledge
knowledge_batch_07,knowledge_batch_08,scripts/additional_references.json,legacy_json_content,حارة المغاربة - الهدم,3764177b03c7e649,assistant,,P1,legacy_json_content_record,حارة المغاربة - الهدم,stage_all_then_promote_p1_knowledge
knowledge_batch_07,knowledge_batch_08,scripts/additional_references.json,legacy_json_content,وقف أبو مدين الغوث - القدس,a7e1b4f7a14876b0,assistant,,P1,legacy_json_content_record,وقف أبو مدين الغوث - القدس,stage_all_then_promote_p1_knowledge
knowledge_batch_07,knowledge_batch_08,scripts/additional_references.json,legacy_json_content,الفقه المالكي - تعريف الوقف,29e43983fb8aa45f,assistant,,P1,legacy_json_content_record,الفقه المالكي - تعريف الوقف,stage_all_then_promote_p1_knowledge
knowledge_batch_07,knowledge_batch_08,scripts/additional_references.json,legacy_json_content,الفقه الشافعي - تعريف الوقف,6293a96c7ba261ed,assistant,,P1,legacy_json_content_record,الفقه الشافعي - تعريف الوقف,stage_all_then_promote_p1_knowledge
knowledge_batch_07,knowledge_batch_08,scripts/additional_references.json,legacy_json_content,الفقه الحنبلي - تعريف الوقف,d41e2bf1d3755142,assistant,,P1,legacy_json_content_record,الفقه الحنبلي - تعريف الوقف,stage_all_then_promote_p1_knowledge
knowledge_batch_07,knowledge_batch_08,scripts/additional_references.json,legacy_json_content,شروط الموقوف - الفقه الإسلامي,cbb560216a68d511,assistant,,P1,legacy_json_content_record,شروط الموقوف - الفقه الإسلامي,stage_all_then_promote_p1_knowledge
knowledge_batch_07,knowledge_batch_08,scripts/additional_references.json,legacy_json_content,الوقف على النفس - الخلاف الفقهي,04bca07337beba3a,assistant,,P1,legacy_json_content_record,الوقف على النفس - الخلاف الفقهي,stage_all_then_promote_p1_knowledge
knowledge_batch_07,knowledge_batch_08,scripts/additional_references.json,legacy_json_content,نظارة الوقف - الشروط والأحكام,dcc92f946d2c1ee8,assistant,,P1,legacy_json_content_record,نظارة الوقف - الشروط والأحكام,stage_all_then_promote_p1_knowledge
knowledge_batch_07,knowledge_batch_08,scripts/additional_references.json,legacy_json_content,شرط الواقف - الالتزام به,63fa9255ec6281ab,assistant,,P1,legacy_json_content_record,شرط الواقف - الالتزام به,stage_all_then_promote_p1_knowledge
knowledge_batch_07,knowledge_batch_08,scripts/additional_references.json,legacy_json_content,الوقف المؤقت - حكمه,85011c62565275d8,assistant,,P1,legacy_json_content_record,الوقف المؤقت - حكمه,stage_all_then_promote_p1_knowledge
knowledge_batch_07,knowledge_batch_08,scripts/additional_references.json,legacy_json_content,الوقف على غير المسلمين - الحكم,63aba2a625adb05e,assistant,,P1,legacy_json_content_record,الوقف على غير المسلمين - الحكم,stage_all_then_promote_p1_knowledge
knowledge_batch_07,knowledge_batch_08,scripts/additional_references.json,legacy_json_content,إحياء الوقف المتعطل - الأحكام,e1ee9879af236ea9,assistant,,P1,legacy_json_content_record,إحياء الوقف المتعطل - الأحكام,stage_all_then_promote_p1_knowledge
knowledge_batch_07,knowledge_batch_08,scripts/additional_references.json,legacy_json_content,الوقف الأهلي - التعريف والأحكام,130db6dcc0fe7eda,assistant,,P1,legacy_json_content_record,الوقف الأهلي - التعريف والأحكام,stage_all_then_promote_p1_knowledge
knowledge_batch_07,knowledge_batch_08,scripts/additional_references.json,legacy_json_content,الوقف المشترك - الأحكام,5d36b84e47762de0,assistant,,P1,legacy_json_content_record,الوقف المشترك - الأحكام,stage_all_then_promote_p1_knowledge
knowledge_batch_07,knowledge_batch_08,scripts/additional_references.json,legacy_json_content,الوقف على المساجد - الفضل والأحكام,170de6b7aae787a3,assistant,,P1,legacy_json_content_record,الوقف على المساجد - الفضل والأحكام,stage_all_then_promote_p1_knowledge
knowledge_batch_07,knowledge_batch_08,research_data/knowledge_base.json,legacy_json_content,قانون الأوقاف والشؤون الدينية رقم (26) لسنة 1966م وتعديلاته,cb5063aceff737f2,assistant,,P1,legacy_json_content_record,قانون الأوقاف والشؤون الدينية رقم (26) لسنة 1966م وتعديلاته,stage_all_then_promote_p1_knowledge
knowledge_batch_07,knowledge_batch_08,research_data/knowledge_base.json,legacy_json_content,قانون الأراضي العثماني 1858,27a852257c93406a,assistant,,P1,legacy_json_content_record,قانون الأراضي العثماني 1858,stage_all_then_promote_p1_knowledge
knowledge_batch_07,knowledge_batch_08,research_data/knowledge_base.json,legacy_json_content,مجلة الأحكام العدلية - كتاب الوقف,3113185845954b99,assistant,,P1,legacy_json_content_record,مجلة الأحكام العدلية - كتاب الوقف,stage_all_then_promote_p1_knowledge
knowledge_batch_07,knowledge_batch_08,research_data/knowledge_base.json,legacy_json_content,المبسوط للسرخسي - كتاب الوقف,1724e715f0ae3e54,assistant,,P1,legacy_json_content_record,المبسوط للسرخسي - كتاب الوقف,stage_all_then_promote_p1_knowledge
knowledge_batch_07,knowledge_batch_08,research_data/knowledge_base.json,legacy_json_content,فتح القدير لابن الهمام - كتاب الوقف,de60fb0fbe1099c6,assistant,,P1,legacy_json_content_record,فتح القدير لابن الهمام - كتاب الوقف,stage_all_then_promote_p1_knowledge
knowledge_batch_07,knowledge_batch_08,research_data/knowledge_base.json,legacy_json_content,فتاوى الوقف - سليمان الجاسر,d28a656045157d12,assistant,,P1,legacy_json_content_record,فتاوى الوقف - سليمان الجاسر,stage_all_then_promote_p1_knowledge
knowledge_batch_07,knowledge_batch_08,research_data/knowledge_base.json,legacy_json_content,مجموع فتاوى ابن تيمية - كتاب الوقف,28ef2f677be4a43c,assistant,,P1,legacy_json_content_record,مجموع فتاوى ابن تيمية - كتاب الوقف,stage_all_then_promote_p1_knowledge
knowledge_batch_07,knowledge_batch_08,research_data/knowledge_base.json,legacy_json_content,تعليمات لجان رعاية المساجد رقم (2) لسنة 2023م,ff7a7f68c85d5454,assistant,,P1,legacy_json_content_record,تعليمات لجان رعاية المساجد رقم (2) لسنة 2023م,stage_all_then_promote_p1_knowledge
knowledge_batch_07,knowledge_batch_08,research_data/knowledge_base.json,legacy_json_content,قرار بقانون رقم (2) لسنة 2023م بشأن تعديل قانون الأوقاف,c69a8db87ad9d302,assistant,,P1,legacy_json_content_record,قرار بقانون رقم (2) لسنة 2023م بشأن تعديل قانون الأوقاف,stage_all_then_promote_p1_knowledge
knowledge_batch_07,knowledge_batch_08,research_data/knowledge_base.json,legacy_json_content,مهام وزارة الأوقاف والشؤون الدينية الفلسطينية,36170bea6b419887,assistant,,P1,legacy_json_content_record,مهام وزارة الأوقاف والشؤون الدينية الفلسطينية,stage_all_then_promote_p1_knowledge
knowledge_batch_07,knowledge_batch_08,research_data/knowledge_base.json,legacy_json_content,نظام الوقف الذري في فلسطين,1fe4dd540055a8af,assistant,,P1,legacy_json_content_record,نظام الوقف الذري في فلسطين,stage_all_then_promote_p1_knowledge
knowledge_batch_07,knowledge_batch_08,research_data/knowledge_base.json,legacy_json_content,تاريخ إدارة الأوقاف في فلسطين,f0385d344ee63385,assistant,,P1,legacy_json_content_record,تاريخ إدارة الأوقاف في فلسطين,stage_all_then_promote_p1_knowledge
knowledge_batch_07,knowledge_batch_08,research_data/knowledge_base.json,legacy_json_content,الوقف على المسجد الأقصى,00a5217b60b37c78,assistant,,P1,legacy_json_content_record,الوقف على المسجد الأقصى,stage_all_then_promote_p1_knowledge
knowledge_batch_07,knowledge_batch_08,research_data/knowledge_base.json,legacy_json_content,حجة وقف مصطفى آغا (1821م),d04eceee644762d7,assistant,,P1,legacy_json_content_record,حجة وقف مصطفى آغا (1821م),stage_all_then_promote_p1_knowledge
knowledge_batch_07,knowledge_batch_08,research_data/knowledge_base.json,legacy_json_content,الحجج الوقفية في سجلات محكمة القدس الشرعية (القرن 11 هـ),9597f9ed500f5f49,assistant,,P1,legacy_json_content_record,الحجج الوقفية في سجلات محكمة القدس الشرعية (القرن 11 هـ),stage_all_then_promote_p1_knowledge
knowledge_batch_07,knowledge_batch_08,research_data/knowledge_base.json,legacy_json_content,أرشيفات القدس الإسلامية - مصادر لمسألة الوقف,8b2232485a0eccfd,assistant,,P1,legacy_json_content_record,أرشيفات القدس الإسلامية - مصادر لمسألة الوقف,stage_all_then_promote_p1_knowledge
knowledge_batch_07,knowledge_batch_08,research_data/knowledge_base.json,legacy_json_content,أقدم وقف موثق في العالم (القرن 9 الميلادي),e7e5efd4dc6aea58,assistant,,P1,legacy_json_content_record,أقدم وقف موثق في العالم (القرن 9 الميلادي),stage_all_then_promote_p1_knowledge
knowledge_batch_07,knowledge_batch_08,research_data/knowledge_base.json,legacy_json_content,إدارة الأوقاف في عهد الانتداب البريطاني,0838a48ee0b76191,assistant,,P1,legacy_json_content_record,إدارة الأوقاف في عهد الانتداب البريطاني,stage_all_then_promote_p1_knowledge
knowledge_batch_07,knowledge_batch_08,research_data/knowledge_base.json,legacy_json_content,الإشراف المعاصر على العقارات الوقفية,f296970bcbd15565,assistant,,P1,legacy_json_content_record,الإشراف المعاصر على العقارات الوقفية,stage_all_then_promote_p1_knowledge
knowledge_batch_07,knowledge_batch_08,research_data/jerusalem_land_references.json,legacy_json_content,متصرفية القدس أواخر العهد العثماني,70a93ef14d706393,assistant,,P1,legacy_json_content_record,متصرفية القدس أواخر العهد العثماني,stage_all_then_promote_p1_knowledge
knowledge_batch_07,knowledge_batch_08,research_data/jerusalem_land_references.json,legacy_json_content,ديار بئر السبع: جنوب فلسطين العثماني - الأرض والمجتمع والدولة,00da39a865acbdc1,assistant,,P1,legacy_json_content_record,ديار بئر السبع: جنوب فلسطين العثماني - الأرض والمجتمع والدولة,stage_all_then_promote_p1_knowledge
knowledge_batch_07,knowledge_batch_08,research_data/jerusalem_land_references.json,legacy_json_content,حق التصرف الوارد على الأراضي الأميرية وفقاً للتشريعات النافذة في فلسطين,81ce7685fbc8e6d5,assistant,,P1,legacy_json_content_record,حق التصرف الوارد على الأراضي الأميرية وفقاً للتشريعات النافذة في فلسطين,stage_all_then_promote_p1_knowledge
knowledge_batch_07,knowledge_batch_08,research_data/jerusalem_land_references.json,legacy_json_content,النظام القانوني للأراضي الأميرية في فلسطين,130920162302e491,assistant,,P1,legacy_json_content_record,النظام القانوني للأراضي الأميرية في فلسطين,stage_all_then_promote_p1_knowledge
knowledge_batch_07,knowledge_batch_08,research_data/jerusalem_land_references.json,legacy_json_content,تسوية وتسجيل الأراضي في القدس الشرقية: الإشكاليات، التحديات والإسقاطات,eca9549d10280a5d,assistant,,P1,legacy_json_content_record,تسوية وتسجيل الأراضي في القدس الشرقية: الإشكاليات، التحديات والإسقاطات,stage_all_then_promote_p1_knowledge
knowledge_batch_07,knowledge_batch_08,research_data/jerusalem_land_references.json,legacy_json_content,"Consequences of the Ottoman land law: Agrarian and privatization processes in Palestine, 1858–1918",54162b2600364643,assistant,,P1,legacy_json_content_record,"Consequences of the Ottoman land law: Agrarian and privatization processes in Palestine, 1858–1918",stage_all_then_promote_p1_knowledge
knowledge_batch_07,knowledge_batch_08,research_data/jerusalem_land_references.json,legacy_json_content,Land privatization in nineteenth-century Ottoman Palestine,f383dfc6b3c7739a,assistant,,P1,legacy_json_content_record,Land privatization in nineteenth-century Ottoman Palestine,stage_all_then_promote_p1_knowledge
knowledge_batch_07,knowledge_batch_08,research_data/jerusalem_land_references.json,legacy_json_content,Land registry maps in Palestine during the Ottoman period,33556d541ad2ed0b,assistant,,P1,legacy_json_content_record,Land registry maps in Palestine during the Ottoman period,stage_all_then_promote_p1_knowledge
knowledge_batch_07,knowledge_batch_08,research_data/jerusalem_land_references.json,legacy_json_content,Mind the Gap: An Archaeological View of Land Tenure and Usufruct Rights Around Jerusalem,fd62f16f4a27bf02,assistant,,P1,legacy_json_content_record,Mind the Gap: An Archaeological View of Land Tenure and Usufruct Rights Around Jerusalem,stage_all_then_promote_p1_knowledge
knowledge_batch_07,knowledge_batch_08,research_data/jerusalem_land_references.json,legacy_json_content,قانون الأراضي العثماني (1858),6bbf723d97f66e85,assistant,,P1,legacy_json_content_record,قانون الأراضي العثماني (1858),stage_all_then_promote_p1_knowledge
knowledge_batch_07,knowledge_batch_08,research_data/jerusalem_land_references.json,legacy_json_content,نظام ملكية الأراضي في العهد العثماني,27c3ff35e78dc071,assistant,,P1,legacy_json_content_record,نظام ملكية الأراضي في العهد العثماني,stage_all_then_promote_p1_knowledge
knowledge_batch_07,knowledge_batch_08,research_data/jerusalem_land_references.json,legacy_json_content,وثائق الملكية الفلسطينية في الأرشيف العثماني,5763cd927b5aeb61,assistant,,P1,legacy_json_content_record,وثائق الملكية الفلسطينية في الأرشيف العثماني,stage_all_then_promote_p1_knowledge
knowledge_batch_07,knowledge_batch_08,research_data/jerusalem_land_references.json,legacy_json_content,الأرشيف العثماني بأيدٍ فلسطينية.. وثائق تثبت ملكية الأراضي,290db4ae4536d1b7,assistant,,P1,legacy_json_content_record,الأرشيف العثماني بأيدٍ فلسطينية.. وثائق تثبت ملكية الأراضي,stage_all_then_promote_p1_knowledge
knowledge_batch_07,knowledge_batch_08,research_data/jerusalem_land_references.json,legacy_json_content,التنظيم القانوني للأراضي في فلسطين (1858 - الحاضر),54a6baa455c5d8de,assistant,,P1,legacy_json_content_record,التنظيم القانوني للأراضي في فلسطين (1858 - الحاضر),stage_all_then_promote_p1_knowledge
knowledge_batch_07,knowledge_batch_08,knowledge_batch_03_old_db_extracted/old_db_knowledge_register_extracted_sanitized.json,legacy_json_content,سجلات الطابو العثماني - القدس,19f41ac092fe5299,assistant,,P1,legacy_json_content_record,سجلات الطابو العثماني - القدس,stage_all_then_promote_p1_knowledge
knowledge_batch_07,knowledge_batch_08,knowledge_batch_03_old_db_extracted/old_db_knowledge_register_extracted_sanitized.json,legacy_json_content,Minimal Test Document,71280dde79cc955b,assistant,,P1,legacy_json_content_record,Minimal Test Document,stage_all_then_promote_p1_knowledge
knowledge_batch_07,knowledge_batch_08,knowledge_batch_03_old_db_extracted/old_db_knowledge_register_extracted_sanitized.json,legacy_json_content,إدارة الأوقاف في عهد الانتداب البريطاني,92a5654e614e5305,assistant,,P1,legacy_json_content_record,إدارة الأوقاف في عهد الانتداب البريطاني,stage_all_then_promote_p1_knowledge
knowledge_batch_07,knowledge_batch_08,knowledge_batch_03_old_db_extracted/old_db_knowledge_register_extracted_sanitized.json,legacy_json_content,نظام ملكية الأراضي في العهد العثماني,86d4a1c56391be17,assistant,,P1,legacy_json_content_record,نظام ملكية الأراضي في العهد العثماني,stage_all_then_promote_p1_knowledge
knowledge_batch_07,knowledge_batch_08,knowledge_batch_03_old_db_extracted/old_db_knowledge_register_extracted_sanitized.json,legacy_json_content,إدارة وتنمية أموال الوقف - ماجد أبو رخية,5ace579b111ae4c2,assistant,,P1,legacy_json_content_record,إدارة وتنمية أموال الوقف - ماجد أبو رخية,stage_all_then_promote_p1_knowledge
knowledge_batch_07,knowledge_batch_08,knowledge_batch_03_old_db_extracted/old_db_knowledge_register_extracted_sanitized.json,legacy_json_content,الإشراف المعاصر على العقارات الوقفية,932a3e110f474ef6,assistant,,P1,legacy_json_content_record,الإشراف المعاصر على العقارات الوقفية,stage_all_then_promote_p1_knowledge
knowledge_batch_07,knowledge_batch_08,knowledge_batch_03_old_db_extracted/old_db_knowledge_register_extracted_sanitized.json,legacy_json_content,الوقف الإسلامي: تطوره، إدارته، تنميته - منذر قحف,92d784615c24f0d0,assistant,,P1,legacy_json_content_record,الوقف الإسلامي: تطوره، إدارته، تنميته - منذر قحف,stage_all_then_promote_p1_knowledge
knowledge_batch_07,knowledge_batch_08,knowledge_batch_03_old_db_extracted/old_db_knowledge_register_extracted_sanitized.json,legacy_json_content,تعليمات لجان رعاية المساجد رقم (2) لسنة 2023م,2dd1a1e2df4914c1,assistant,,P1,legacy_json_content_record,تعليمات لجان رعاية المساجد رقم (2) لسنة 2023م,stage_all_then_promote_p1_knowledge
knowledge_batch_07,knowledge_batch_08,knowledge_batch_03_old_db_extracted/old_db_knowledge_register_extracted_sanitized.json,legacy_json_content,مهام وزارة الأوقاف والشؤون الدينية الفلسطينية,45e41b70face7587,assistant,,P1,legacy_json_content_record,مهام وزارة الأوقاف والشؤون الدينية الفلسطينية,stage_all_then_promote_p1_knowledge
knowledge_batch_07,knowledge_batch_08,knowledge_batch_03_old_db_extracted/old_db_knowledge_register_extracted_sanitized.json,legacy_json_content,نظام الأوقاف في التطبيق المعاصر - عبد الله بن ناصر السدحان,58768ae0884ca3ac,assistant,,P1,legacy_json_content_record,نظام الأوقاف في التطبيق المعاصر - عبد الله بن ناصر السدحان,stage_all_then_promote_p1_knowledge
knowledge_batch_07,knowledge_batch_08,knowledge_batch_03_old_db_extracted/old_db_knowledge_register_extracted_sanitized.json,legacy_json_content,إدارة الأوقاف في عهد الانتداب البريطاني,6579fb8b5ea0b487,assistant,,P1,legacy_json_content_record,إدارة الأوقاف في عهد الانتداب البريطاني,stage_all_then_promote_p1_knowledge
knowledge_batch_07,knowledge_batch_08,knowledge_batch_03_old_db_extracted/old_db_knowledge_register_extracted_sanitized.json,legacy_json_content,الأوقاف والسياسة في مصر - إبراهيم البيومي غانم,e92cbdb01a2886a7,assistant,,P1,legacy_json_content_record,الأوقاف والسياسة في مصر - إبراهيم البيومي غانم,stage_all_then_promote_p1_knowledge
knowledge_batch_07,knowledge_batch_08,knowledge_batch_03_old_db_extracted/old_db_knowledge_register_extracted_sanitized.json,legacy_json_content,تاريخ إدارة الأوقاف في فلسطين,4f0f10ef52517c55,assistant,,P1,legacy_json_content_record,تاريخ إدارة الأوقاف في فلسطين,stage_all_then_promote_p1_knowledge
knowledge_batch_07,knowledge_batch_08,knowledge_batch_03_old_db_extracted/old_db_knowledge_register_extracted_sanitized.json,legacy_json_content,أحكام الوقف في الشريعة الإسلامية - محمد عبيد الكبيسي,754280996cd8dde0,assistant,,P1,legacy_json_content_record,أحكام الوقف في الشريعة الإسلامية - محمد عبيد الكبيسي,stage_all_then_promote_p1_knowledge
knowledge_batch_07,knowledge_batch_08,knowledge_batch_03_old_db_extracted/old_db_knowledge_register_extracted_sanitized.json,legacy_json_content,إحياء الوقف المتعطل - الأحكام,c0800078930541fd,assistant,,P1,legacy_json_content_record,إحياء الوقف المتعطل - الأحكام,stage_all_then_promote_p1_knowledge
knowledge_batch_07,knowledge_batch_08,knowledge_batch_03_old_db_extracted/old_db_knowledge_register_extracted_sanitized.json,legacy_json_content,الوقف الإسلامي بين النظرية والتطبيق - حسن عبد الله الأمين,e3608a000826cf25,assistant,,P1,legacy_json_content_record,الوقف الإسلامي بين النظرية والتطبيق - حسن عبد الله الأمين,stage_all_then_promote_p1_knowledge
knowledge_batch_07,knowledge_batch_08,knowledge_batch_03_old_db_extracted/old_db_knowledge_register_extracted_sanitized.json,legacy_json_content,النظام القانوني للأراضي الأميرية في فلسطين,9e651a769b8bd444,assistant,,P1,legacy_json_content_record,النظام القانوني للأراضي الأميرية في فلسطين,stage_all_then_promote_p1_knowledge
knowledge_batch_07,knowledge_batch_08,knowledge_batch_03_old_db_extracted/old_db_knowledge_register_extracted_sanitized.json,legacy_json_content,حق التصرف الوارد على الأراضي الأميرية وفقاً للتشريعات النافذة في فلسطين,22f00baba79dacc0,assistant,,P1,legacy_json_content_record,حق التصرف الوارد على الأراضي الأميرية وفقاً للتشريعات النافذة في فلسطين,stage_all_then_promote_p1_knowledge
knowledge_batch_07,knowledge_batch_08,knowledge_batch_03_old_db_extracted/old_db_knowledge_register_extracted_sanitized.json,legacy_json_content,ديار بئر السبع: جنوب فلسطين العثماني - الأرض والمجتمع والدولة,7d82f9598a552f81,assistant,,P1,legacy_json_content_record,ديار بئر السبع: جنوب فلسطين العثماني - الأرض والمجتمع والدولة,stage_all_then_promote_p1_knowledge
knowledge_batch_07,knowledge_batch_08,knowledge_batch_03_old_db_extracted/old_db_knowledge_register_extracted_sanitized.json,legacy_json_content,قانون الأراضي العثماني (1858),9594c00de73f7b0f,assistant,,P1,legacy_json_content_record,قانون الأراضي العثماني (1858),stage_all_then_promote_p1_knowledge
knowledge_batch_07,knowledge_batch_08,knowledge_batch_03_old_db_extracted/old_db_knowledge_register_extracted_sanitized.json,legacy_json_content,قانون الأراضي العثماني (1858),667e23b41acc7c1b,assistant,,P1,legacy_json_content_record,قانون الأراضي العثماني (1858),stage_all_then_promote_p1_knowledge
knowledge_batch_07,knowledge_batch_08,knowledge_batch_03_old_db_extracted/old_db_knowledge_register_extracted_sanitized.json,legacy_json_content,قانون الأراضي العثماني - المادة 12: وقف الأراضي الأميرية,14a1263f75465ea4,assistant,,P1,legacy_json_content_record,قانون الأراضي العثماني - المادة 12: وقف الأراضي الأميرية,stage_all_then_promote_p1_knowledge
knowledge_batch_07,knowledge_batch_08,knowledge_batch_03_old_db_extracted/old_db_knowledge_register_extracted_sanitized.json,legacy_json_content,قانون الأراضي العثماني - المادة 1: تعريف الأراضي,4dee384006942af6,assistant,,P1,legacy_json_content_record,قانون الأراضي العثماني - المادة 1: تعريف الأراضي,stage_all_then_promote_p1_knowledge
knowledge_batch_07,knowledge_batch_08,knowledge_batch_03_old_db_extracted/old_db_knowledge_register_extracted_sanitized.json,legacy_json_content,قانون الأراضي العثماني - المادة 3: الأراضي الأميرية,12fa12a29e7aec2b,assistant,,P1,legacy_json_content_record,قانون الأراضي العثماني - المادة 3: الأراضي الأميرية,stage_all_then_promote_p1_knowledge
knowledge_batch_07,knowledge_batch_08,knowledge_batch_03_old_db_extracted/old_db_knowledge_register_extracted_sanitized.json,legacy_json_content,قانون العدل والإنصاف للقضاء على مشكلات الأوقاف - محمد قدري باشا,d53a12793659c105,assistant,,P1,legacy_json_content_record,قانون العدل والإنصاف للقضاء على مشكلات الأوقاف - محمد قدري باشا,stage_all_then_promote_p1_knowledge
knowledge_batch_07,knowledge_batch_08,knowledge_batch_03_old_db_extracted/old_db_knowledge_register_extracted_sanitized.json,legacy_json_content,مجلة الأحكام العدلية,7ca0bdbeca04114c,assistant,,P1,legacy_json_content_record,مجلة الأحكام العدلية,stage_all_then_promote_p1_knowledge
knowledge_batch_07,knowledge_batch_08,knowledge_batch_03_old_db_extracted/old_db_knowledge_register_extracted_sanitized.json,legacy_json_content,التنظيم القانوني للأراضي في فلسطين (1858 - الحاضر),e765acff172b8539,assistant,,P1,legacy_json_content_record,التنظيم القانوني للأراضي في فلسطين (1858 - الحاضر),stage_all_then_promote_p1_knowledge
knowledge_batch_07,knowledge_batch_08,knowledge_batch_03_old_db_extracted/old_db_knowledge_register_extracted_sanitized.json,legacy_json_content,قرار بقانون رقم (2) لسنة 2023م بشأن تعديل قانون الأوقاف,22b8d943624675ee,assistant,,P1,legacy_json_content_record,قرار بقانون رقم (2) لسنة 2023م بشأن تعديل قانون الأوقاف,stage_all_then_promote_p1_knowledge
knowledge_batch_07,knowledge_batch_08,knowledge_batch_03_old_db_extracted/old_db_knowledge_register_extracted_sanitized.json,legacy_json_content,نظام الوقف الذري في فلسطين,7c36c9700af4abff,assistant,,P1,legacy_json_content_record,نظام الوقف الذري في فلسطين,stage_all_then_promote_p1_knowledge
knowledge_batch_07,knowledge_batch_08,knowledge_batch_03_old_db_extracted/old_db_knowledge_register_extracted_sanitized.json,legacy_json_content,الانتداب البريطاني - قانون الأوقاف 1922,44e737a7ccc3780f,assistant,,P1,legacy_json_content_record,الانتداب البريطاني - قانون الأوقاف 1922,stage_all_then_promote_p1_knowledge
knowledge_batch_07,knowledge_batch_08,knowledge_batch_03_old_db_extracted/old_db_knowledge_register_extracted_sanitized.json,legacy_json_content,مجلة الأحكام العدلية - المادة 1: تعريف الوقف,9bb2ef6105dd0fb9,assistant,,P1,legacy_json_content_record,مجلة الأحكام العدلية - المادة 1: تعريف الوقف,stage_all_then_promote_p1_knowledge
knowledge_batch_07,knowledge_batch_08,knowledge_batch_03_old_db_extracted/old_db_knowledge_register_extracted_sanitized.json,legacy_json_content,مجلة الأحكام العدلية - المادة 5: شروط صحة الوقف,5b134fc2b7d77d60,assistant,,P1,legacy_json_content_record,مجلة الأحكام العدلية - المادة 5: شروط صحة الوقف,stage_all_then_promote_p1_knowledge
knowledge_batch_07,knowledge_batch_08,knowledge_batch_03_old_db_extracted/old_db_knowledge_register_extracted_sanitized.json,legacy_json_content,المجلة العدلية (مجلة الأحكام العدلية),5ea3672713681996,assistant,,P1,legacy_json_content_record,المجلة العدلية (مجلة الأحكام العدلية),stage_all_then_promote_p1_knowledge
knowledge_batch_07,knowledge_batch_08,knowledge_batch_03_old_db_extracted/old_db_knowledge_register_extracted_sanitized.json,legacy_json_content,قانون أملاك الغائبين - الأوقاف,ff12287480bd21a3,assistant,,P1,legacy_json_content_record,قانون أملاك الغائبين - الأوقاف,stage_all_then_promote_p1_knowledge
knowledge_batch_07,knowledge_batch_08,knowledge_batch_03_old_db_extracted/old_db_knowledge_register_extracted_sanitized.json,legacy_json_content,قانون أملاك الغائبين الإسرائيلي 1950 - التعريف,fb3fde96dfc5ee09,assistant,,P1,legacy_json_content_record,قانون أملاك الغائبين الإسرائيلي 1950 - التعريف,stage_all_then_promote_p1_knowledge
knowledge_batch_07,knowledge_batch_08,knowledge_batch_03_old_db_extracted/old_db_knowledge_register_extracted_sanitized.json,legacy_json_content,قانون الأراضي العثماني - المادة 12: وقف الأراضي الأميرية,f6ec320415877fb7,assistant,,P1,legacy_json_content_record,قانون الأراضي العثماني - المادة 12: وقف الأراضي الأميرية,stage_all_then_promote_p1_knowledge
knowledge_batch_07,knowledge_batch_08,knowledge_batch_03_old_db_extracted/old_db_knowledge_register_extracted_sanitized.json,legacy_json_content,قانون الأراضي العثماني - المادة 1: تعريف الأراضي,8eda2eb6bdf9dc3e,assistant,,P1,legacy_json_content_record,قانون الأراضي العثماني - المادة 1: تعريف الأراضي,stage_all_then_promote_p1_knowledge
knowledge_batch_07,knowledge_batch_08,knowledge_batch_03_old_db_extracted/old_db_knowledge_register_extracted_sanitized.json,legacy_json_content,قانون الأراضي العثماني - المادة 36: حقوق المتولي,3b9cfed853a1c6c5,assistant,,P1,legacy_json_content_record,قانون الأراضي العثماني - المادة 36: حقوق المتولي,stage_all_then_promote_p1_knowledge
knowledge_batch_07,knowledge_batch_08,knowledge_batch_03_old_db_extracted/old_db_knowledge_register_extracted_sanitized.json,legacy_json_content,قانون الأراضي العثماني - المادة 3: الأراضي الأميرية,8c5955e389b1e544,assistant,,P1,legacy_json_content_record,قانون الأراضي العثماني - المادة 3: الأراضي الأميرية,stage_all_then_promote_p1_knowledge
knowledge_batch_07,knowledge_batch_08,knowledge_batch_03_old_db_extracted/old_db_knowledge_register_extracted_sanitized.json,legacy_json_content,قانون الأراضي العثماني - المادة 4: الأراضي الموقوفة,07c703d5b8df191d,assistant,,P1,legacy_json_content_record,قانون الأراضي العثماني - المادة 4: الأراضي الموقوفة,stage_all_then_promote_p1_knowledge
knowledge_batch_07,knowledge_batch_08,knowledge_batch_03_old_db_extracted/old_db_knowledge_register_extracted_sanitized.json,legacy_json_content,قانون الأراضي العثماني 1858,a085361f34cf0436,assistant,,P1,legacy_json_content_record,قانون الأراضي العثماني 1858,stage_all_then_promote_p1_knowledge
knowledge_batch_07,knowledge_batch_08,knowledge_batch_03_old_db_extracted/old_db_knowledge_register_extracted_sanitized.json,legacy_json_content,قانون الأوقاف الأردني - المادة 10: إدارة الأوقاف,407292d8e8fbcc61,assistant,,P1,legacy_json_content_record,قانون الأوقاف الأردني - المادة 10: إدارة الأوقاف,stage_all_then_promote_p1_knowledge
knowledge_batch_07,knowledge_batch_08,knowledge_batch_03_old_db_extracted/old_db_knowledge_register_extracted_sanitized.json,legacy_json_content,قانون الأوقاف الأردني - المادة 15: صلاحيات المتولي,cbea432a19212d52,assistant,,P1,legacy_json_content_record,قانون الأوقاف الأردني - المادة 15: صلاحيات المتولي,stage_all_then_promote_p1_knowledge
knowledge_batch_07,knowledge_batch_08,knowledge_batch_03_old_db_extracted/old_db_knowledge_register_extracted_sanitized.json,legacy_json_content,قانون الأوقاف الأردني - المادة 20: الإشراف على الأوقاف,e173027106afa1dd,assistant,,P1,legacy_json_content_record,قانون الأوقاف الأردني - المادة 20: الإشراف على الأوقاف,stage_all_then_promote_p1_knowledge
knowledge_batch_07,knowledge_batch_08,knowledge_batch_03_old_db_extracted/old_db_knowledge_register_extracted_sanitized.json,legacy_json_content,قانون الأوقاف الأردني - المادة 2: تعريف الوقف الخيري,c9974e6923a05761,assistant,,P1,legacy_json_content_record,قانون الأوقاف الأردني - المادة 2: تعريف الوقف الخيري,stage_all_then_promote_p1_knowledge
knowledge_batch_07,knowledge_batch_08,knowledge_batch_03_old_db_extracted/old_db_knowledge_register_extracted_sanitized.json,legacy_json_content,قانون الأوقاف الأردني - المادة 3: الوقف الذري,5c4265e67023611e,assistant,,P1,legacy_json_content_record,قانون الأوقاف الأردني - المادة 3: الوقف الذري,stage_all_then_promote_p1_knowledge
knowledge_batch_07,knowledge_batch_08,knowledge_batch_03_old_db_extracted/old_db_knowledge_register_extracted_sanitized.json,legacy_json_content,قانون الأوقاف الأردني رقم 23 لسنة 1964 - المادة 1: التعاريف,c64597c81b10b7d0,assistant,,P1,legacy_json_content_record,قانون الأوقاف الأردني رقم 23 لسنة 1964 - المادة 1: التعاريف,stage_all_then_promote_p1_knowledge
knowledge_batch_07,knowledge_batch_08,knowledge_batch_03_old_db_extracted/old_db_knowledge_register_extracted_sanitized.json,legacy_json_content,قانون الأوقاف الفلسطيني رقم 2 لسنة 2014,a7feacc9ac126431,assistant,,P1,legacy_json_content_record,قانون الأوقاف الفلسطيني رقم 2 لسنة 2014,stage_all_then_promote_p1_knowledge
knowledge_batch_07,knowledge_batch_08,knowledge_batch_03_old_db_extracted/old_db_knowledge_register_extracted_sanitized.json,legacy_json_content,قانون الأوقاف والشؤون الدينية رقم (26) لسنة 1966م وتعديلاته,0a872a52e5a39c0d,assistant,,P1,legacy_json_content_record,قانون الأوقاف والشؤون الدينية رقم (26) لسنة 1966م وتعديلاته,stage_all_then_promote_p1_knowledge
knowledge_batch_07,knowledge_batch_08,knowledge_batch_03_old_db_extracted/old_db_knowledge_register_extracted_sanitized.json,legacy_json_content,قانون العدل والإنصاف للقضاء على مشكلات الأوقاف,1ae8401d21b823f8,assistant,,P1,legacy_json_content_record,قانون العدل والإنصاف للقضاء على مشكلات الأوقاف,stage_all_then_promote_p1_knowledge
knowledge_batch_07,knowledge_batch_08,knowledge_batch_03_old_db_extracted/old_db_knowledge_register_extracted_sanitized.json,legacy_json_content,قرار بقانون 2018 - المادة 10: حماية الأوقاف,3f1657ea42e3bc75,assistant,,P1,legacy_json_content_record,قرار بقانون 2018 - المادة 10: حماية الأوقاف,stage_all_then_promote_p1_knowledge
knowledge_batch_07,knowledge_batch_08,knowledge_batch_03_old_db_extracted/old_db_knowledge_register_extracted_sanitized.json,legacy_json_content,قرار بقانون 2018 - المادة 5: المجلس الأعلى للأوقاف,5c3b23c5cd84553b,assistant,,P1,legacy_json_content_record,قرار بقانون 2018 - المادة 5: المجلس الأعلى للأوقاف,stage_all_then_promote_p1_knowledge
knowledge_batch_07,knowledge_batch_08,knowledge_batch_03_old_db_extracted/old_db_knowledge_register_extracted_sanitized.json,legacy_json_content,قرار بقانون رقم 1 لسنة 2018 - المادة 2: أهداف الوزارة,e62ff31459b196c0,assistant,,P1,legacy_json_content_record,قرار بقانون رقم 1 لسنة 2018 - المادة 2: أهداف الوزارة,stage_all_then_promote_p1_knowledge
knowledge_batch_07,knowledge_batch_08,knowledge_batch_03_old_db_extracted/old_db_knowledge_register_extracted_sanitized.json,legacy_json_content,مجلة الأحكام العدلية - كتاب الوقف,f9554712bb02823f,assistant,,P1,legacy_json_content_record,مجلة الأحكام العدلية - كتاب الوقف,stage_all_then_promote_p1_knowledge
knowledge_batch_07,knowledge_batch_08,knowledge_batch_03_old_db_extracted/old_db_knowledge_register_extracted_sanitized.json,legacy_json_content,مجلة الأحكام العدلية - المادة 2: أركان الوقف,e7b057fbd56a5112,assistant,,P1,legacy_json_content_record,مجلة الأحكام العدلية - المادة 2: أركان الوقف,stage_all_then_promote_p1_knowledge
knowledge_batch_07,knowledge_batch_08,knowledge_batch_03_old_db_extracted/old_db_knowledge_register_extracted_sanitized.json,legacy_json_content,مجلة الأحكام العدلية - المادة 3: شروط الواقف,b7b77061bdf0f0fa,assistant,,P1,legacy_json_content_record,مجلة الأحكام العدلية - المادة 3: شروط الواقف,stage_all_then_promote_p1_knowledge
knowledge_batch_07,knowledge_batch_08,knowledge_batch_03_old_db_extracted/old_db_knowledge_register_extracted_sanitized.json,legacy_json_content,مجلة الأحكام العدلية - المادة 6: استبدال الوقف,87029937a4a7000f,assistant,,P1,legacy_json_content_record,مجلة الأحكام العدلية - المادة 6: استبدال الوقف,stage_all_then_promote_p1_knowledge
knowledge_batch_07,knowledge_batch_08,knowledge_batch_03_old_db_extracted/old_db_knowledge_register_extracted_sanitized.json,legacy_json_content,اختبار التصنيف 3,3eb71a69cf9851c7,assistant,,P1,legacy_json_content_record,اختبار التصنيف 3,stage_all_then_promote_p1_knowledge
knowledge_batch_07,knowledge_batch_08,knowledge_batch_03_old_db_extracted/old_db_knowledge_register_extracted_sanitized.json,legacy_json_content,الإشراف المعاصر على العقارات الوقفية,3ba0d972c82d02aa,assistant,,P1,legacy_json_content_record,الإشراف المعاصر على العقارات الوقفية,stage_all_then_promote_p1_knowledge
knowledge_batch_07,knowledge_batch_08,knowledge_batch_03_old_db_extracted/old_db_knowledge_register_extracted_sanitized.json,legacy_json_content,اختبار timestamp,e1090c9946311a25,assistant,,P1,legacy_json_content_record,اختبار timestamp,stage_all_then_promote_p1_knowledge
knowledge_batch_07,knowledge_batch_08,knowledge_batch_03_old_db_extracted/old_db_knowledge_register_extracted_sanitized.json,legacy_json_content,الأوقاف في الدولة العثمانية,c73c2ede08f1ede7,assistant,,P1,legacy_json_content_record,الأوقاف في الدولة العثمانية,stage_all_then_promote_p1_knowledge
knowledge_batch_07,knowledge_batch_08,knowledge_batch_03_old_db_extracted/old_db_knowledge_register_extracted_sanitized.json,legacy_json_content,الأوقاف في الدولة العثمانية,ac1c30930322a672,assistant,,P1,legacy_json_content_record,الأوقاف في الدولة العثمانية,stage_all_then_promote_p1_knowledge
knowledge_batch_07,knowledge_batch_08,knowledge_batch_03_old_db_extracted/old_db_knowledge_register_extracted_sanitized.json,legacy_json_content,الحاج أمين الحسيني - رئيس المجلس الإسلامي,9328992723d3c426,assistant,,P1,legacy_json_content_record,الحاج أمين الحسيني - رئيس المجلس الإسلامي,stage_all_then_promote_p1_knowledge
knowledge_batch_07,knowledge_batch_08,knowledge_batch_03_old_db_extracted/old_db_knowledge_register_extracted_sanitized.json,legacy_json_content,المجلس الإسلامي الأعلى (فلسطين),31d7aef4cb8db2a8,assistant,,P1,legacy_json_content_record,المجلس الإسلامي الأعلى (فلسطين),stage_all_then_promote_p1_knowledge
knowledge_batch_07,knowledge_batch_08,knowledge_batch_03_old_db_extracted/old_db_knowledge_register_extracted_sanitized.json,legacy_json_content,متصرفية القدس أواخر العهد العثماني,9a42cfa5312d690b,assistant,,P1,legacy_json_content_record,متصرفية القدس أواخر العهد العثماني,stage_all_then_promote_p1_knowledge
knowledge_batch_07,knowledge_batch_08,knowledge_batch_03_old_db_extracted/old_db_knowledge_register_extracted_sanitized.json,legacy_json_content,اختبار التصنيف 2,1629d030752b447d,assistant,,P1,legacy_json_content_record,اختبار التصنيف 2,stage_all_then_promote_p1_knowledge
knowledge_batch_07,knowledge_batch_08,knowledge_batch_03_old_db_extracted/old_db_knowledge_register_extracted_sanitized.json,legacy_json_content,الأم - الإمام الشافعي - محمد بن إدريس الشافعي,9c02c9e1c8d9faf7,assistant,,P1,legacy_json_content_record,الأم - الإمام الشافعي - محمد بن إدريس الشافعي,stage_all_then_promote_p1_knowledge
knowledge_batch_07,knowledge_batch_08,knowledge_batch_03_old_db_extracted/old_db_knowledge_register_extracted_sanitized.json,legacy_json_content,العدل والإنصاف في معرفة أصول الفقه والاختلاف - أبو يعقوب يوسف بن إبراهيم الوارجلاني,ed0d98d5a472f1d6,assistant,,P1,legacy_json_content_record,العدل والإنصاف في معرفة أصول الفقه والاختلاف - أبو يعقوب يوسف بن إبراهيم الوارجلاني,stage_all_then_promote_p1_knowledge
knowledge_batch_07,knowledge_batch_08,knowledge_batch_03_old_db_extracted/old_db_knowledge_register_extracted_sanitized.json,legacy_json_content,المبسوط - السرخسي - شمس الأئمة محمد بن أحمد السرخسي,38222b8085bfee41,assistant,,P1,legacy_json_content_record,المبسوط - السرخسي - شمس الأئمة محمد بن أحمد السرخسي,stage_all_then_promote_p1_knowledge
knowledge_batch_07,knowledge_batch_08,knowledge_batch_03_old_db_extracted/old_db_knowledge_register_extracted_sanitized.json,legacy_json_content,المغني - ابن قدامة المقدسي - موفق الدين عبد الله بن أحمد بن قدامة المقدسي,3b2e111488301a00,assistant,,P1,legacy_json_content_record,المغني - ابن قدامة المقدسي - موفق الدين عبد الله بن أحمد بن قدامة المقدسي,stage_all_then_promote_p1_knowledge
knowledge_batch_07,knowledge_batch_08,knowledge_batch_03_old_db_extracted/old_db_knowledge_register_extracted_sanitized.json,legacy_json_content,الوقف الإسلامي بين النظرية والتطبيق - حسن عبد الله الأمين - حسن عبد الله الأمين,8862742312bbe58d,assistant,,P1,legacy_json_content_record,الوقف الإسلامي بين النظرية والتطبيق - حسن عبد الله الأمين - حسن عبد الله الأمين,stage_all_then_promote_p1_knowledge
knowledge_batch_07,knowledge_batch_08,knowledge_batch_03_old_db_extracted/old_db_knowledge_register_extracted_sanitized.json,legacy_json_content,"Consequences of the Ottoman land law: Agrarian and privatization processes in Palestine, 1858–1918",ba35387842945121,assistant,,P1,legacy_json_content_record,"Consequences of the Ottoman land law: Agrarian and privatization processes in Palestine, 1858–1918",stage_all_then_promote_p1_knowledge
knowledge_batch_07,knowledge_batch_08,knowledge_batch_03_old_db_extracted/old_db_knowledge_register_extracted_sanitized.json,legacy_json_content,اختبار التصنيف,96bf169425b78e27,assistant,,P1,legacy_json_content_record,اختبار التصنيف,stage_all_then_promote_p1_knowledge
knowledge_batch_07,knowledge_batch_08,knowledge_batch_03_old_db_extracted/old_db_knowledge_register_extracted_sanitized.json,legacy_json_content,ناظر الوقف,0e9998b696991b6b,assistant,,P1,legacy_json_content_record,ناظر الوقف,stage_all_then_promote_p1_knowledge
knowledge_batch_07,knowledge_batch_08,knowledge_batch_03_old_db_extracted/old_db_knowledge_register_extracted_sanitized.json,legacy_json_content,وقف (إسلام),7fe15ce0819ed453,assistant,,P1,legacy_json_content_record,وقف (إسلام),stage_all_then_promote_p1_knowledge
knowledge_batch_07,knowledge_batch_08,knowledge_batch_03_old_db_extracted/old_db_knowledge_register_extracted_sanitized.json,legacy_json_content,Mamluk and Ottoman Endowment Deeds as a Source for Geographical-Historical Research: The Waqfiyya of Haseki Sultan (1552 CE),4425f64367d7a90b,assistant,,P1,legacy_json_content_record,Mamluk and Ottoman Endowment Deeds as a Source for Geographical-Historical Research: The Waqfiyya of Haseki Sultan (1552 CE),stage_all_then_promote_p1_knowledge
knowledge_batch_07,knowledge_batch_08,knowledge_batch_03_old_db_extracted/old_db_knowledge_register_extracted_sanitized.json,legacy_json_content,اختبار المستخدم,965a7fefb15c0f4b,assistant,,P1,legacy_json_content_record,اختبار المستخدم,stage_all_then_promote_p1_knowledge
knowledge_batch_07,knowledge_batch_08,knowledge_batch_03_old_db_extracted/old_db_knowledge_register_extracted_sanitized.json,legacy_json_content,الأرشيف العثماني بأيدٍ فلسطينية.. وثائق تثبت ملكية الأراضي,37864bb5f74ca1f7,assistant,,P1,legacy_json_content_record,الأرشيف العثماني بأيدٍ فلسطينية.. وثائق تثبت ملكية الأراضي,stage_all_then_promote_p1_knowledge
knowledge_batch_07,knowledge_batch_08,knowledge_batch_03_old_db_extracted/old_db_knowledge_register_extracted_sanitized.json,legacy_json_content,وثائق الملكية الفلسطينية في الأرشيف العثماني,71c6a0c4d07b43f0,assistant,,P1,legacy_json_content_record,وثائق الملكية الفلسطينية في الأرشيف العثماني,stage_all_then_promote_p1_knowledge
knowledge_batch_07,knowledge_batch_08,knowledge_batch_03_old_db_extracted/old_db_knowledge_register_extracted_sanitized.json,legacy_json_content,الوقف ودوره في تنمية المجتمع - عبد العزيز الخياط,a2c8ba50fc624bed,assistant,,P1,legacy_json_content_record,الوقف ودوره في تنمية المجتمع - عبد العزيز الخياط,stage_all_then_promote_p1_knowledge
knowledge_batch_07,knowledge_batch_08,knowledge_batch_03_old_db_extracted/old_db_knowledge_register_extracted_sanitized.json,legacy_json_content,صيغ تمويلية مستحدثة للأوقاف - عبد الله بن منصور الغفيلي,6d8ccf93cfda2532,assistant,,P1,legacy_json_content_record,صيغ تمويلية مستحدثة للأوقاف - عبد الله بن منصور الغفيلي,stage_all_then_promote_p1_knowledge
knowledge_batch_07,knowledge_batch_08,knowledge_batch_03_old_db_extracted/old_db_knowledge_register_extracted_sanitized.json,legacy_json_content,أرشيفات القدس الإسلامية - مصادر لمسألة الوقف,24937c47a516b41d,assistant,,P1,legacy_json_content_record,أرشيفات القدس الإسلامية - مصادر لمسألة الوقف,stage_all_then_promote_p1_knowledge
knowledge_batch_07,knowledge_batch_08,knowledge_batch_03_old_db_extracted/old_db_knowledge_register_extracted_sanitized.json,legacy_json_content,أقدم وقف موثق في العالم (القرن 9 الميلادي),10b8db790c9b5ed0,assistant,,P1,legacy_json_content_record,أقدم وقف موثق في العالم (القرن 9 الميلادي),stage_all_then_promote_p1_knowledge
knowledge_batch_07,knowledge_batch_08,knowledge_batch_03_old_db_extracted/old_db_knowledge_register_extracted_sanitized.json,legacy_json_content,أوقاف القدس - الأوقاف الصلاحية,4e0e2b3e5a0563f1,assistant,,P1,legacy_json_content_record,أوقاف القدس - الأوقاف الصلاحية,stage_all_then_promote_p1_knowledge
knowledge_batch_07,knowledge_batch_08,knowledge_batch_03_old_db_extracted/old_db_knowledge_register_extracted_sanitized.json,legacy_json_content,أوقاف القدس - الزوايا والتكايا,5f26cb7a3ce1b748,assistant,,P1,legacy_json_content_record,أوقاف القدس - الزوايا والتكايا,stage_all_then_promote_p1_knowledge
knowledge_batch_07,knowledge_batch_08,knowledge_batch_03_old_db_extracted/old_db_knowledge_register_extracted_sanitized.json,legacy_json_content,أوقاف القدس - المدارس الوقفية,fa120efa2dbc44fd,assistant,,P1,legacy_json_content_record,أوقاف القدس - المدارس الوقفية,stage_all_then_promote_p1_knowledge
knowledge_batch_07,knowledge_batch_08,knowledge_batch_03_old_db_extracted/old_db_knowledge_register_extracted_sanitized.json,legacy_json_content,أوقاف القدس التاريخية - المسجد الأقصى,2c3c6c816e7ecca8,assistant,,P1,legacy_json_content_record,أوقاف القدس التاريخية - المسجد الأقصى,stage_all_then_promote_p1_knowledge
knowledge_batch_07,knowledge_batch_08,knowledge_batch_03_old_db_extracted/old_db_knowledge_register_extracted_sanitized.json,legacy_json_content,الأوقاف الإسلامية في القدس الشريف - كامل جميل العسلي,10f947a4d41472df,assistant,,P1,legacy_json_content_record,الأوقاف الإسلامية في القدس الشريف - كامل جميل العسلي,stage_all_then_promote_p1_knowledge
knowledge_batch_07,knowledge_batch_08,knowledge_batch_03_old_db_extracted/old_db_knowledge_register_extracted_sanitized.json,legacy_json_content,الأوقاف بعد 1967 - الاحتلال الإسرائيلي,3c5e13519fb35b40,assistant,,P1,legacy_json_content_record,الأوقاف بعد 1967 - الاحتلال الإسرائيلي,stage_all_then_promote_p1_knowledge
knowledge_batch_07,knowledge_batch_08,knowledge_batch_03_old_db_extracted/old_db_knowledge_register_extracted_sanitized.json,legacy_json_content,الأوقاف في الضفة الغربية - الإدارة الأردنية,d977358bf095f880,assistant,,P1,legacy_json_content_record,الأوقاف في الضفة الغربية - الإدارة الأردنية,stage_all_then_promote_p1_knowledge
knowledge_batch_07,knowledge_batch_08,knowledge_batch_03_old_db_extracted/old_db_knowledge_register_extracted_sanitized.json,legacy_json_content,الحاج أمين الحسيني - رئيس المجلس الإسلامي,469d241fd77142d0,assistant,,P1,legacy_json_content_record,الحاج أمين الحسيني - رئيس المجلس الإسلامي,stage_all_then_promote_p1_knowledge
knowledge_batch_07,knowledge_batch_08,knowledge_batch_03_old_db_extracted/old_db_knowledge_register_extracted_sanitized.json,legacy_json_content,المجلس الإسلامي الأعلى - الصلاحيات,7e60bba35237b4ef,assistant,,P1,legacy_json_content_record,المجلس الإسلامي الأعلى - الصلاحيات,stage_all_then_promote_p1_knowledge
knowledge_batch_07,knowledge_batch_08,knowledge_batch_03_old_db_extracted/old_db_knowledge_register_extracted_sanitized.json,legacy_json_content,ترميم المسجد الأقصى - الفترة البريطانية,f7ff2ed4d6d79b78,assistant,,P1,legacy_json_content_record,ترميم المسجد الأقصى - الفترة البريطانية,stage_all_then_promote_p1_knowledge
knowledge_batch_07,knowledge_batch_08,knowledge_batch_03_old_db_extracted/old_db_knowledge_register_extracted_sanitized.json,legacy_json_content,حارة المغاربة - الهدم,0e868c7c9ed8a564,assistant,,P1,legacy_json_content_record,حارة المغاربة - الهدم,stage_all_then_promote_p1_knowledge
knowledge_batch_07,knowledge_batch_08,knowledge_batch_03_old_db_extracted/old_db_knowledge_register_extracted_sanitized.json,legacy_json_content,وقف أبو مدين الغوث - القدس,b2ed56ae63f55aa5,assistant,,P1,legacy_json_content_record,وقف أبو مدين الغوث - القدس,stage_all_then_promote_p1_knowledge
knowledge_batch_07,knowledge_batch_08,knowledge_batch_03_old_db_extracted/old_db_knowledge_register_extracted_sanitized.json,legacy_json_content,إعلام الموقعين عن رب العالمين - ابن القيم,ac417468ba54799d,assistant,,P1,legacy_json_content_record,إعلام الموقعين عن رب العالمين - ابن القيم,stage_all_then_promote_p1_knowledge
knowledge_batch_07,knowledge_batch_08,knowledge_batch_03_old_db_extracted/old_db_knowledge_register_extracted_sanitized.json,legacy_json_content,الأشباه والنظائر - السيوطي,c62204b8e1d59689,assistant,,P1,legacy_json_content_record,الأشباه والنظائر - السيوطي,stage_all_then_promote_p1_knowledge
knowledge_batch_07,knowledge_batch_08,knowledge_batch_03_old_db_extracted/old_db_knowledge_register_extracted_sanitized.json,legacy_json_content,الأم - الإمام الشافعي,3d54792e4f6fa131,assistant,,P1,legacy_json_content_record,الأم - الإمام الشافعي,stage_all_then_promote_p1_knowledge
knowledge_batch_07,knowledge_batch_08,knowledge_batch_03_old_db_extracted/old_db_knowledge_register_extracted_sanitized.json,legacy_json_content,العدل والإنصاف في معرفة أصول الفقه والاختلاف,7409c26412994a50,assistant,,P1,legacy_json_content_record,العدل والإنصاف في معرفة أصول الفقه والاختلاف,stage_all_then_promote_p1_knowledge
knowledge_batch_07,knowledge_batch_08,knowledge_batch_03_old_db_extracted/old_db_knowledge_register_extracted_sanitized.json,legacy_json_content,الفقه الإسلامي وأدلته - وهبة الزحيلي,8c4e9fe6e8592e66,assistant,,P1,legacy_json_content_record,الفقه الإسلامي وأدلته - وهبة الزحيلي,stage_all_then_promote_p1_knowledge
knowledge_batch_07,knowledge_batch_08,knowledge_batch_03_old_db_extracted/old_db_knowledge_register_extracted_sanitized.json,legacy_json_content,المبسوط - السرخسي,3df71efbaeaae724,assistant,,P1,legacy_json_content_record,المبسوط - السرخسي,stage_all_then_promote_p1_knowledge
knowledge_batch_07,knowledge_batch_08,knowledge_batch_03_old_db_extracted/old_db_knowledge_register_extracted_sanitized.json,legacy_json_content,المدونة الكبرى - الإمام مالك,4940bbb400cb4d5f,assistant,,P1,legacy_json_content_record,المدونة الكبرى - الإمام مالك,stage_all_then_promote_p1_knowledge
knowledge_batch_07,knowledge_batch_08,knowledge_batch_03_old_db_extracted/old_db_knowledge_register_extracted_sanitized.json,legacy_json_content,المغني - ابن قدامة المقدسي,ed21c343b6c1c9c2,assistant,,P1,legacy_json_content_record,المغني - ابن قدامة المقدسي,stage_all_then_promote_p1_knowledge
knowledge_batch_07,knowledge_batch_08,knowledge_batch_03_old_db_extracted/old_db_knowledge_register_extracted_sanitized.json,legacy_json_content,الموافقات في أصول الشريعة - الشاطبي,418085e998cf06d3,assistant,,P1,legacy_json_content_record,الموافقات في أصول الشريعة - الشاطبي,stage_all_then_promote_p1_knowledge
knowledge_batch_07,knowledge_batch_08,knowledge_batch_03_old_db_extracted/old_db_knowledge_register_extracted_sanitized.json,legacy_json_content,الوقف الأهلي - التعريف والأحكام,3f7d4e9155f67f92,assistant,,P1,legacy_json_content_record,الوقف الأهلي - التعريف والأحكام,stage_all_then_promote_p1_knowledge
knowledge_batch_07,knowledge_batch_08,knowledge_batch_03_old_db_extracted/old_db_knowledge_register_extracted_sanitized.json,legacy_json_content,الوقف المؤقت - حكمه,87c98f5f6102b272,assistant,,P1,legacy_json_content_record,الوقف المؤقت - حكمه,stage_all_then_promote_p1_knowledge
knowledge_batch_07,knowledge_batch_08,knowledge_batch_03_old_db_extracted/old_db_knowledge_register_extracted_sanitized.json,legacy_json_content,الوقف المشترك - الأحكام,f885a0832802591d,assistant,,P1,legacy_json_content_record,الوقف المشترك - الأحكام,stage_all_then_promote_p1_knowledge
knowledge_batch_07,knowledge_batch_08,knowledge_batch_03_old_db_extracted/old_db_knowledge_register_extracted_sanitized.json,legacy_json_content,الوقف على المساجد - الفضل والأحكام,04062b80edf0897d,assistant,,P1,legacy_json_content_record,الوقف على المساجد - الفضل والأحكام,stage_all_then_promote_p1_knowledge
knowledge_batch_07,knowledge_batch_08,knowledge_batch_03_old_db_extracted/old_db_knowledge_register_extracted_sanitized.json,legacy_json_content,الوقف على النفس - الخلاف الفقهي,8bc3516bf479fa14,assistant,,P1,legacy_json_content_record,الوقف على النفس - الخلاف الفقهي,stage_all_then_promote_p1_knowledge
knowledge_batch_07,knowledge_batch_08,knowledge_batch_03_old_db_extracted/old_db_knowledge_register_extracted_sanitized.json,legacy_json_content,الوقف على غير المسلمين - الحكم,26d48c3d998043b3,assistant,,P1,legacy_json_content_record,الوقف على غير المسلمين - الحكم,stage_all_then_promote_p1_knowledge
knowledge_batch_07,knowledge_batch_08,knowledge_batch_03_old_db_extracted/old_db_knowledge_register_extracted_sanitized.json,legacy_json_content,دور الوقف في المجتمع الإسلامي المعاصر - يوسف القرضاوي,dd450b32b70174b7,assistant,,P1,legacy_json_content_record,دور الوقف في المجتمع الإسلامي المعاصر - يوسف القرضاوي,stage_all_then_promote_p1_knowledge
knowledge_batch_07,knowledge_batch_08,knowledge_batch_03_old_db_extracted/old_db_knowledge_register_extracted_sanitized.json,legacy_json_content,شرط الواقف - الالتزام به,feb4a6c7ee353161,assistant,,P1,legacy_json_content_record,شرط الواقف - الالتزام به,stage_all_then_promote_p1_knowledge
knowledge_batch_07,knowledge_batch_08,knowledge_batch_03_old_db_extracted/old_db_knowledge_register_extracted_sanitized.json,legacy_json_content,شروط الموقوف - الفقه الإسلامي,ae08c29ab480e514,assistant,,P1,legacy_json_content_record,شروط الموقوف - الفقه الإسلامي,stage_all_then_promote_p1_knowledge
knowledge_batch_07,knowledge_batch_08,knowledge_batch_03_old_db_extracted/old_db_knowledge_register_extracted_sanitized.json,legacy_json_content,فتاوى الوقف - سليمان الجاسر,dcd68def35ef820a,assistant,,P1,legacy_json_content_record,فتاوى الوقف - سليمان الجاسر,stage_all_then_promote_p1_knowledge
knowledge_batch_07,knowledge_batch_08,knowledge_batch_03_old_db_extracted/old_db_knowledge_register_extracted_sanitized.json,legacy_json_content,نظارة الوقف - الشروط والأحكام,27041b5e10a284df,assistant,,P1,legacy_json_content_record,نظارة الوقف - الشروط والأحكام,stage_all_then_promote_p1_knowledge
knowledge_batch_07,knowledge_batch_08,knowledge_batch_03_old_db_extracted/old_db_knowledge_register_extracted_sanitized.json,legacy_json_content,الوقف على المسجد الأقصى,f010df42272b77c5,assistant,,P1,legacy_json_content_record,الوقف على المسجد الأقصى,stage_all_then_promote_p1_knowledge
knowledge_batch_07,knowledge_batch_08,knowledge_batch_03_old_db_extracted/old_db_knowledge_register_extracted_sanitized.json,legacy_json_content,Mind the Gap: An Archaeological View of Land Tenure and Usufruct Rights Around Jerusalem,0813c503aab28ac1,assistant,,P1,legacy_json_content_record,Mind the Gap: An Archaeological View of Land Tenure and Usufruct Rights Around Jerusalem,stage_all_then_promote_p1_knowledge
knowledge_batch_07,knowledge_batch_08,knowledge_batch_03_old_db_extracted/old_db_knowledge_register_extracted_sanitized.json,legacy_json_content,متصرفية القدس أواخر العهد العثماني,2ae5ae0271103816,assistant,,P1,legacy_json_content_record,متصرفية القدس أواخر العهد العثماني,stage_all_then_promote_p1_knowledge
knowledge_batch_07,knowledge_batch_08,knowledge_batch_03_old_db_extracted/old_db_knowledge_register_extracted_sanitized.json,legacy_json_content,المبسوط للسرخسي - كتاب الوقف,1ad0ee5a8db0401f,assistant,,P1,legacy_json_content_record,المبسوط للسرخسي - كتاب الوقف,stage_all_then_promote_p1_knowledge
knowledge_batch_07,knowledge_batch_08,knowledge_batch_03_old_db_extracted/old_db_knowledge_register_extracted_sanitized.json,legacy_json_content,"Consequences of the Ottoman land law: Agrarian and privatization processes in Palestine, 1858–1918",c422c5debd34b6f3,assistant,,P1,legacy_json_content_record,"Consequences of the Ottoman land law: Agrarian and privatization processes in Palestine, 1858–1918",stage_all_then_promote_p1_knowledge
knowledge_batch_07,knowledge_batch_08,knowledge_batch_03_old_db_extracted/old_db_knowledge_register_extracted_sanitized.json,legacy_json_content,Land privatization in nineteenth-century Ottoman Palestine,1578218809db95f5,assistant,,P1,legacy_json_content_record,Land privatization in nineteenth-century Ottoman Palestine,stage_all_then_promote_p1_knowledge
knowledge_batch_07,knowledge_batch_08,knowledge_batch_03_old_db_extracted/old_db_knowledge_register_extracted_sanitized.json,legacy_json_content,Land registry maps in Palestine during the Ottoman period,719b50fd41b8937c,assistant,,P1,legacy_json_content_record,Land registry maps in Palestine during the Ottoman period,stage_all_then_promote_p1_knowledge
knowledge_batch_07,knowledge_batch_08,knowledge_batch_03_old_db_extracted/old_db_knowledge_register_extracted_sanitized.json,legacy_json_content,تسوية وتسجيل الأراضي في القدس الشرقية: الإشكاليات، التحديات والإسقاطات,f77eaeee29643635,assistant,,P1,legacy_json_content_record,تسوية وتسجيل الأراضي في القدس الشرقية: الإشكاليات، التحديات والإسقاطات,stage_all_then_promote_p1_knowledge
knowledge_batch_07,knowledge_batch_08,knowledge_batch_03_old_db_extracted/old_db_knowledge_register_extracted_sanitized.json,legacy_json_content,"Consequences of the Ottoman land law: Agrarian and privatization processes in Palestine, 1858–1918",3abcbb83f83b583d,assistant,,P1,legacy_json_content_record,"Consequences of the Ottoman land law: Agrarian and privatization processes in Palestine, 1858–1918",stage_all_then_promote_p1_knowledge
knowledge_batch_07,knowledge_batch_08,knowledge_batch_03_old_db_extracted/old_db_knowledge_register_extracted_sanitized.json,legacy_json_content,الوقف كأداة لزيادة القوة السياسية وتعزيزها: نموذج وقف خاصكي سلطان في العهد العثماني خلال أواخر القرن الثامن عشر,cfda79b749854d93,assistant,,P1,legacy_json_content_record,الوقف كأداة لزيادة القوة السياسية وتعزيزها: نموذج وقف خاصكي سلطان في العهد العثماني خلال أواخر القرن الثامن عشر,stage_all_then_promote_p1_knowledge
knowledge_batch_07,knowledge_batch_08,knowledge_batch_03_old_db_extracted/old_db_knowledge_register_extracted_sanitized.json,legacy_json_content,الأوقاف في فلسطين: دراسة تاريخية وثائقية,38d2887408688047,assistant,,P1,legacy_json_content_record,الأوقاف في فلسطين: دراسة تاريخية وثائقية,stage_all_then_promote_p1_knowledge
knowledge_batch_07,knowledge_batch_08,knowledge_batch_03_old_db_extracted/old_db_knowledge_register_extracted_sanitized.json,legacy_json_content,الحجج الوقفية في سجلات محكمة القدس الشرعية (القرن 11 هـ),0100bb50e1e2d3d2,assistant,,P1,legacy_json_content_record,الحجج الوقفية في سجلات محكمة القدس الشرعية (القرن 11 هـ),stage_all_then_promote_p1_knowledge
knowledge_batch_07,knowledge_batch_08,knowledge_batch_03_old_db_extracted/old_db_knowledge_register_extracted_sanitized.json,legacy_json_content,حجة وقف مصطفى آغا (1821م),6896197cf767ba16,assistant,,P1,legacy_json_content_record,حجة وقف مصطفى آغا (1821م),stage_all_then_promote_p1_knowledge
knowledge_batch_07,knowledge_batch_08,knowledge_batch_03_old_db_extracted/old_db_knowledge_register_extracted_sanitized.json,legacy_json_content,الفقه الحنبلي - تعريف الوقف,20088dc2b7fedd0c,assistant,,P1,legacy_json_content_record,الفقه الحنبلي - تعريف الوقف,stage_all_then_promote_p1_knowledge
knowledge_batch_07,knowledge_batch_08,knowledge_batch_03_old_db_extracted/old_db_knowledge_register_extracted_sanitized.json,legacy_json_content,الفقه الحنفي - استبدال الوقف,486fe448b8169e85,assistant,,P1,legacy_json_content_record,الفقه الحنفي - استبدال الوقف,stage_all_then_promote_p1_knowledge
knowledge_batch_07,knowledge_batch_08,knowledge_batch_03_old_db_extracted/old_db_knowledge_register_extracted_sanitized.json,legacy_json_content,الفقه الحنفي - تعريف الوقف,efc4c8a4e33f4598,assistant,,P1,legacy_json_content_record,الفقه الحنفي - تعريف الوقف,stage_all_then_promote_p1_knowledge
knowledge_batch_07,knowledge_batch_08,knowledge_batch_03_old_db_extracted/old_db_knowledge_register_extracted_sanitized.json,legacy_json_content,الفقه الحنفي - شروط صحة الوقف,40d305f3c72eb1e9,assistant,,P1,legacy_json_content_record,الفقه الحنفي - شروط صحة الوقف,stage_all_then_promote_p1_knowledge
knowledge_batch_07,knowledge_batch_08,knowledge_batch_03_old_db_extracted/old_db_knowledge_register_extracted_sanitized.json,legacy_json_content,الفقه الحنفي - وقف المنقول,036c298d724311ec,assistant,,P1,legacy_json_content_record,الفقه الحنفي - وقف المنقول,stage_all_then_promote_p1_knowledge
knowledge_batch_07,knowledge_batch_08,knowledge_batch_03_old_db_extracted/old_db_knowledge_register_extracted_sanitized.json,legacy_json_content,الفقه الشافعي - تعريف الوقف,a54cf7c5bcf7c26d,assistant,,P1,legacy_json_content_record,الفقه الشافعي - تعريف الوقف,stage_all_then_promote_p1_knowledge
knowledge_batch_07,knowledge_batch_08,knowledge_batch_03_old_db_extracted/old_db_knowledge_register_extracted_sanitized.json,legacy_json_content,الفقه المالكي - تعريف الوقف,2dcd3acd69f6d4fa,assistant,,P1,legacy_json_content_record,الفقه المالكي - تعريف الوقف,stage_all_then_promote_p1_knowledge
knowledge_batch_07,knowledge_batch_08,knowledge_batch_03_old_db_extracted/old_db_knowledge_register_extracted_sanitized.json,legacy_json_content,المبسوط للسرخسي - كتاب الوقف,c576ad2664fadfcf,assistant,,P1,legacy_json_content_record,المبسوط للسرخسي - كتاب الوقف,stage_all_then_promote_p1_knowledge
knowledge_batch_07,knowledge_batch_08,knowledge_batch_03_old_db_extracted/old_db_knowledge_register_extracted_sanitized.json,legacy_json_content,فتح القدير لابن الهمام - كتاب الوقف,c176ea5ea9208996,assistant,,P1,legacy_json_content_record,فتح القدير لابن الهمام - كتاب الوقف,stage_all_then_promote_p1_knowledge
knowledge_batch_07,knowledge_batch_08,knowledge_batch_03_old_db_extracted/old_db_knowledge_register_extracted_sanitized.json,legacy_json_content,مجموع فتاوى ابن تيمية - كتاب الوقف,06e13fad0bedba52,assistant,,P1,legacy_json_content_record,مجموع فتاوى ابن تيمية - كتاب الوقف,stage_all_then_promote_p1_knowledge
knowledge_batch_07,knowledge_batch_08,knowledge_batch_04_review_queue/review_queue_import_candidates_v1.json,legacy_json_content,سجلات الطابو العثماني - القدس,6e605fdc5f82a919,assistant,,P1,legacy_json_content_record,سجلات الطابو العثماني - القدس,stage_all_then_promote_p1_knowledge
knowledge_batch_07,knowledge_batch_08,knowledge_batch_04_review_queue/review_queue_import_candidates_v1.json,legacy_json_content,Minimal Test Document,b2072d0381815c62,assistant,,P1,legacy_json_content_record,Minimal Test Document,stage_all_then_promote_p1_knowledge
knowledge_batch_07,knowledge_batch_08,knowledge_batch_04_review_queue/review_queue_import_candidates_v1.json,legacy_json_content,إدارة الأوقاف في عهد الانتداب البريطاني,07d89a47ff67fbc6,assistant,,P1,legacy_json_content_record,إدارة الأوقاف في عهد الانتداب البريطاني,stage_all_then_promote_p1_knowledge
knowledge_batch_07,knowledge_batch_08,knowledge_batch_04_review_queue/review_queue_import_candidates_v1.json,legacy_json_content,نظام ملكية الأراضي في العهد العثماني,5bf2b1fa3b336627,assistant,,P1,legacy_json_content_record,نظام ملكية الأراضي في العهد العثماني,stage_all_then_promote_p1_knowledge
knowledge_batch_07,knowledge_batch_08,knowledge_batch_04_review_queue/review_queue_import_candidates_v1.json,legacy_json_content,إدارة وتنمية أموال الوقف - ماجد أبو رخية,bbe9bcb04c7afd1c,assistant,,P1,legacy_json_content_record,إدارة وتنمية أموال الوقف - ماجد أبو رخية,stage_all_then_promote_p1_knowledge
knowledge_batch_07,knowledge_batch_08,knowledge_batch_04_review_queue/review_queue_import_candidates_v1.json,legacy_json_content,الإشراف المعاصر على العقارات الوقفية,8856a27f7fcbc45a,assistant,,P1,legacy_json_content_record,الإشراف المعاصر على العقارات الوقفية,stage_all_then_promote_p1_knowledge
knowledge_batch_07,knowledge_batch_08,knowledge_batch_04_review_queue/review_queue_import_candidates_v1.json,legacy_json_content,الوقف الإسلامي: تطوره، إدارته، تنميته - منذر قحف,4531394f88019ecb,assistant,,P1,legacy_json_content_record,الوقف الإسلامي: تطوره، إدارته، تنميته - منذر قحف,stage_all_then_promote_p1_knowledge
knowledge_batch_07,knowledge_batch_08,knowledge_batch_04_review_queue/review_queue_import_candidates_v1.json,legacy_json_content,تعليمات لجان رعاية المساجد رقم (2) لسنة 2023م,2fc06b068be1fbcb,assistant,,P1,legacy_json_content_record,تعليمات لجان رعاية المساجد رقم (2) لسنة 2023م,stage_all_then_promote_p1_knowledge
knowledge_batch_07,knowledge_batch_08,knowledge_batch_04_review_queue/review_queue_import_candidates_v1.json,legacy_json_content,مهام وزارة الأوقاف والشؤون الدينية الفلسطينية,816a38b6e7895d7d,assistant,,P1,legacy_json_content_record,مهام وزارة الأوقاف والشؤون الدينية الفلسطينية,stage_all_then_promote_p1_knowledge
knowledge_batch_07,knowledge_batch_08,knowledge_batch_04_review_queue/review_queue_import_candidates_v1.json,legacy_json_content,نظام الأوقاف في التطبيق المعاصر - عبد الله بن ناصر السدحان,ded39de3233f8ad8,assistant,,P1,legacy_json_content_record,نظام الأوقاف في التطبيق المعاصر - عبد الله بن ناصر السدحان,stage_all_then_promote_p1_knowledge
knowledge_batch_07,knowledge_batch_08,knowledge_batch_04_review_queue/review_queue_import_candidates_v1.json,legacy_json_content,إدارة الأوقاف في عهد الانتداب البريطاني,054f25184dfecc15,assistant,,P1,legacy_json_content_record,إدارة الأوقاف في عهد الانتداب البريطاني,stage_all_then_promote_p1_knowledge
knowledge_batch_07,knowledge_batch_08,knowledge_batch_04_review_queue/review_queue_import_candidates_v1.json,legacy_json_content,الأوقاف والسياسة في مصر - إبراهيم البيومي غانم,77894709148da261,assistant,,P1,legacy_json_content_record,الأوقاف والسياسة في مصر - إبراهيم البيومي غانم,stage_all_then_promote_p1_knowledge
knowledge_batch_07,knowledge_batch_08,knowledge_batch_04_review_queue/review_queue_import_candidates_v1.json,legacy_json_content,تاريخ إدارة الأوقاف في فلسطين,5e525fb056b90e0c,assistant,,P1,legacy_json_content_record,تاريخ إدارة الأوقاف في فلسطين,stage_all_then_promote_p1_knowledge
knowledge_batch_07,knowledge_batch_08,knowledge_batch_04_review_queue/review_queue_import_candidates_v1.json,legacy_json_content,أحكام الوقف في الشريعة الإسلامية - محمد عبيد الكبيسي,2d5aa768dad65cc6,assistant,,P1,legacy_json_content_record,أحكام الوقف في الشريعة الإسلامية - محمد عبيد الكبيسي,stage_all_then_promote_p1_knowledge
knowledge_batch_07,knowledge_batch_08,knowledge_batch_04_review_queue/review_queue_import_candidates_v1.json,legacy_json_content,إحياء الوقف المتعطل - الأحكام,16b9b0f31d7ae1be,assistant,,P1,legacy_json_content_record,إحياء الوقف المتعطل - الأحكام,stage_all_then_promote_p1_knowledge
knowledge_batch_07,knowledge_batch_08,knowledge_batch_04_review_queue/review_queue_import_candidates_v1.json,legacy_json_content,الوقف الإسلامي بين النظرية والتطبيق - حسن عبد الله الأمين,b176b0cb716f184f,assistant,,P1,legacy_json_content_record,الوقف الإسلامي بين النظرية والتطبيق - حسن عبد الله الأمين,stage_all_then_promote_p1_knowledge
knowledge_batch_07,knowledge_batch_08,knowledge_batch_04_review_queue/review_queue_import_candidates_v1.json,legacy_json_content,النظام القانوني للأراضي الأميرية في فلسطين,f2027ce79f5c405d,assistant,,P1,legacy_json_content_record,النظام القانوني للأراضي الأميرية في فلسطين,stage_all_then_promote_p1_knowledge
knowledge_batch_07,knowledge_batch_08,knowledge_batch_04_review_queue/review_queue_import_candidates_v1.json,legacy_json_content,حق التصرف الوارد على الأراضي الأميرية وفقاً للتشريعات النافذة في فلسطين,c6b42cc8860f9580,assistant,,P1,legacy_json_content_record,حق التصرف الوارد على الأراضي الأميرية وفقاً للتشريعات النافذة في فلسطين,stage_all_then_promote_p1_knowledge
knowledge_batch_07,knowledge_batch_08,knowledge_batch_04_review_queue/review_queue_import_candidates_v1.json,legacy_json_content,ديار بئر السبع: جنوب فلسطين العثماني - الأرض والمجتمع والدولة,0ddbe43f7b1783bb,assistant,,P1,legacy_json_content_record,ديار بئر السبع: جنوب فلسطين العثماني - الأرض والمجتمع والدولة,stage_all_then_promote_p1_knowledge
knowledge_batch_07,knowledge_batch_08,knowledge_batch_04_review_queue/review_queue_import_candidates_v1.json,legacy_json_content,قانون الأراضي العثماني (1858),d62fd73d4e4e9111,assistant,,P1,legacy_json_content_record,قانون الأراضي العثماني (1858),stage_all_then_promote_p1_knowledge
knowledge_batch_07,knowledge_batch_08,knowledge_batch_04_review_queue/review_queue_import_candidates_v1.json,legacy_json_content,قانون الأراضي العثماني (1858),92f02a65b21c58a3,assistant,,P1,legacy_json_content_record,قانون الأراضي العثماني (1858),stage_all_then_promote_p1_knowledge
knowledge_batch_07,knowledge_batch_08,knowledge_batch_04_review_queue/review_queue_import_candidates_v1.json,legacy_json_content,قانون الأراضي العثماني - المادة 12: وقف الأراضي الأميرية,3e55c61522579b59,assistant,,P1,legacy_json_content_record,قانون الأراضي العثماني - المادة 12: وقف الأراضي الأميرية,stage_all_then_promote_p1_knowledge
knowledge_batch_07,knowledge_batch_08,knowledge_batch_04_review_queue/review_queue_import_candidates_v1.json,legacy_json_content,قانون الأراضي العثماني - المادة 1: تعريف الأراضي,89093822ff34e490,assistant,,P1,legacy_json_content_record,قانون الأراضي العثماني - المادة 1: تعريف الأراضي,stage_all_then_promote_p1_knowledge
knowledge_batch_07,knowledge_batch_08,knowledge_batch_04_review_queue/review_queue_import_candidates_v1.json,legacy_json_content,قانون الأراضي العثماني - المادة 3: الأراضي الأميرية,2ff5e77747f198cd,assistant,,P1,legacy_json_content_record,قانون الأراضي العثماني - المادة 3: الأراضي الأميرية,stage_all_then_promote_p1_knowledge
knowledge_batch_07,knowledge_batch_08,knowledge_batch_04_review_queue/review_queue_import_candidates_v1.json,legacy_json_content,قانون العدل والإنصاف للقضاء على مشكلات الأوقاف - محمد قدري باشا,f24d4b136e6b9775,assistant,,P1,legacy_json_content_record,قانون العدل والإنصاف للقضاء على مشكلات الأوقاف - محمد قدري باشا,stage_all_then_promote_p1_knowledge
knowledge_batch_07,knowledge_batch_08,knowledge_batch_04_review_queue/review_queue_import_candidates_v1.json,legacy_json_content,مجلة الأحكام العدلية,189ff5b48d2debd0,assistant,,P1,legacy_json_content_record,مجلة الأحكام العدلية,stage_all_then_promote_p1_knowledge
knowledge_batch_07,knowledge_batch_08,knowledge_batch_04_review_queue/review_queue_import_candidates_v1.json,legacy_json_content,التنظيم القانوني للأراضي في فلسطين (1858 - الحاضر),73fe55a3ef5ec0e2,assistant,,P1,legacy_json_content_record,التنظيم القانوني للأراضي في فلسطين (1858 - الحاضر),stage_all_then_promote_p1_knowledge
knowledge_batch_07,knowledge_batch_08,knowledge_batch_04_review_queue/review_queue_import_candidates_v1.json,legacy_json_content,قرار بقانون رقم (2) لسنة 2023م بشأن تعديل قانون الأوقاف,78ff1c1345beaf75,assistant,,P1,legacy_json_content_record,قرار بقانون رقم (2) لسنة 2023م بشأن تعديل قانون الأوقاف,stage_all_then_promote_p1_knowledge
knowledge_batch_07,knowledge_batch_08,knowledge_batch_04_review_queue/review_queue_import_candidates_v1.json,legacy_json_content,نظام الوقف الذري في فلسطين,b5905ce301103514,assistant,,P1,legacy_json_content_record,نظام الوقف الذري في فلسطين,stage_all_then_promote_p1_knowledge
knowledge_batch_07,knowledge_batch_08,knowledge_batch_04_review_queue/review_queue_import_candidates_v1.json,legacy_json_content,الانتداب البريطاني - قانون الأوقاف 1922,bd48eba8c406c548,assistant,,P1,legacy_json_content_record,الانتداب البريطاني - قانون الأوقاف 1922,stage_all_then_promote_p1_knowledge
knowledge_batch_07,knowledge_batch_08,knowledge_batch_04_review_queue/review_queue_import_candidates_v1.json,legacy_json_content,مجلة الأحكام العدلية - المادة 1: تعريف الوقف,4fe473838f66a3b6,assistant,,P1,legacy_json_content_record,مجلة الأحكام العدلية - المادة 1: تعريف الوقف,stage_all_then_promote_p1_knowledge
knowledge_batch_07,knowledge_batch_08,knowledge_batch_04_review_queue/review_queue_import_candidates_v1.json,legacy_json_content,مجلة الأحكام العدلية - المادة 5: شروط صحة الوقف,4495d54af077d1b2,assistant,,P1,legacy_json_content_record,مجلة الأحكام العدلية - المادة 5: شروط صحة الوقف,stage_all_then_promote_p1_knowledge
knowledge_batch_07,knowledge_batch_08,knowledge_batch_04_review_queue/review_queue_import_candidates_v1.json,legacy_json_content,المجلة العدلية (مجلة الأحكام العدلية),5b2117b121db5904,assistant,,P1,legacy_json_content_record,المجلة العدلية (مجلة الأحكام العدلية),stage_all_then_promote_p1_knowledge
knowledge_batch_07,knowledge_batch_08,knowledge_batch_04_review_queue/review_queue_import_candidates_v1.json,legacy_json_content,قانون أملاك الغائبين - الأوقاف,15904ec6cc3c071d,assistant,,P1,legacy_json_content_record,قانون أملاك الغائبين - الأوقاف,stage_all_then_promote_p1_knowledge
knowledge_batch_07,knowledge_batch_08,knowledge_batch_04_review_queue/review_queue_import_candidates_v1.json,legacy_json_content,قانون أملاك الغائبين الإسرائيلي 1950 - التعريف,bc4646bf80f510c8,assistant,,P1,legacy_json_content_record,قانون أملاك الغائبين الإسرائيلي 1950 - التعريف,stage_all_then_promote_p1_knowledge
knowledge_batch_07,knowledge_batch_08,knowledge_batch_04_review_queue/review_queue_import_candidates_v1.json,legacy_json_content,قانون الأراضي العثماني - المادة 12: وقف الأراضي الأميرية,42d98dc3d6ca09a7,assistant,,P1,legacy_json_content_record,قانون الأراضي العثماني - المادة 12: وقف الأراضي الأميرية,stage_all_then_promote_p1_knowledge
knowledge_batch_07,knowledge_batch_08,knowledge_batch_04_review_queue/review_queue_import_candidates_v1.json,legacy_json_content,قانون الأراضي العثماني - المادة 1: تعريف الأراضي,55f7faf61b42650e,assistant,,P1,legacy_json_content_record,قانون الأراضي العثماني - المادة 1: تعريف الأراضي,stage_all_then_promote_p1_knowledge
knowledge_batch_07,knowledge_batch_08,knowledge_batch_04_review_queue/review_queue_import_candidates_v1.json,legacy_json_content,قانون الأراضي العثماني - المادة 36: حقوق المتولي,aed63b17b859dc29,assistant,,P1,legacy_json_content_record,قانون الأراضي العثماني - المادة 36: حقوق المتولي,stage_all_then_promote_p1_knowledge
knowledge_batch_07,knowledge_batch_08,knowledge_batch_04_review_queue/review_queue_import_candidates_v1.json,legacy_json_content,قانون الأراضي العثماني - المادة 3: الأراضي الأميرية,519fd208166d04c8,assistant,,P1,legacy_json_content_record,قانون الأراضي العثماني - المادة 3: الأراضي الأميرية,stage_all_then_promote_p1_knowledge
knowledge_batch_07,knowledge_batch_08,knowledge_batch_04_review_queue/review_queue_import_candidates_v1.json,legacy_json_content,قانون الأراضي العثماني - المادة 4: الأراضي الموقوفة,8b831ecb53464c02,assistant,,P1,legacy_json_content_record,قانون الأراضي العثماني - المادة 4: الأراضي الموقوفة,stage_all_then_promote_p1_knowledge
knowledge_batch_07,knowledge_batch_08,knowledge_batch_04_review_queue/review_queue_import_candidates_v1.json,legacy_json_content,قانون الأراضي العثماني 1858,c995d1ff26b73c10,assistant,,P1,legacy_json_content_record,قانون الأراضي العثماني 1858,stage_all_then_promote_p1_knowledge
knowledge_batch_07,knowledge_batch_08,knowledge_batch_04_review_queue/review_queue_import_candidates_v1.json,legacy_json_content,قانون الأوقاف الأردني - المادة 10: إدارة الأوقاف,2ff0fbc4e018d283,assistant,,P1,legacy_json_content_record,قانون الأوقاف الأردني - المادة 10: إدارة الأوقاف,stage_all_then_promote_p1_knowledge
knowledge_batch_07,knowledge_batch_08,knowledge_batch_04_review_queue/review_queue_import_candidates_v1.json,legacy_json_content,قانون الأوقاف الأردني - المادة 15: صلاحيات المتولي,39ba07a7110e7e91,assistant,,P1,legacy_json_content_record,قانون الأوقاف الأردني - المادة 15: صلاحيات المتولي,stage_all_then_promote_p1_knowledge
knowledge_batch_07,knowledge_batch_08,knowledge_batch_04_review_queue/review_queue_import_candidates_v1.json,legacy_json_content,قانون الأوقاف الأردني - المادة 20: الإشراف على الأوقاف,e12145e4eb9ac483,assistant,,P1,legacy_json_content_record,قانون الأوقاف الأردني - المادة 20: الإشراف على الأوقاف,stage_all_then_promote_p1_knowledge
knowledge_batch_07,knowledge_batch_08,knowledge_batch_04_review_queue/review_queue_import_candidates_v1.json,legacy_json_content,قانون الأوقاف الأردني - المادة 2: تعريف الوقف الخيري,ad8bd10a61f6e384,assistant,,P1,legacy_json_content_record,قانون الأوقاف الأردني - المادة 2: تعريف الوقف الخيري,stage_all_then_promote_p1_knowledge
knowledge_batch_07,knowledge_batch_08,knowledge_batch_04_review_queue/review_queue_import_candidates_v1.json,legacy_json_content,قانون الأوقاف الأردني - المادة 3: الوقف الذري,5a98ff360515050a,assistant,,P1,legacy_json_content_record,قانون الأوقاف الأردني - المادة 3: الوقف الذري,stage_all_then_promote_p1_knowledge
knowledge_batch_07,knowledge_batch_08,knowledge_batch_04_review_queue/review_queue_import_candidates_v1.json,legacy_json_content,قانون الأوقاف الأردني رقم 23 لسنة 1964 - المادة 1: التعاريف,a4dbe8cee49de589,assistant,,P1,legacy_json_content_record,قانون الأوقاف الأردني رقم 23 لسنة 1964 - المادة 1: التعاريف,stage_all_then_promote_p1_knowledge
knowledge_batch_07,knowledge_batch_08,knowledge_batch_04_review_queue/review_queue_import_candidates_v1.json,legacy_json_content,قانون الأوقاف الفلسطيني رقم 2 لسنة 2014,812f386c5b1ea088,assistant,,P1,legacy_json_content_record,قانون الأوقاف الفلسطيني رقم 2 لسنة 2014,stage_all_then_promote_p1_knowledge
knowledge_batch_07,knowledge_batch_08,knowledge_batch_04_review_queue/review_queue_import_candidates_v1.json,legacy_json_content,قانون الأوقاف والشؤون الدينية رقم (26) لسنة 1966م وتعديلاته,4c0647c3dccf7a51,assistant,,P1,legacy_json_content_record,قانون الأوقاف والشؤون الدينية رقم (26) لسنة 1966م وتعديلاته,stage_all_then_promote_p1_knowledge
knowledge_batch_07,knowledge_batch_08,knowledge_batch_04_review_queue/review_queue_import_candidates_v1.json,legacy_json_content,قانون العدل والإنصاف للقضاء على مشكلات الأوقاف,ab81a884712ea21e,assistant,,P1,legacy_json_content_record,قانون العدل والإنصاف للقضاء على مشكلات الأوقاف,stage_all_then_promote_p1_knowledge
knowledge_batch_07,knowledge_batch_08,knowledge_batch_04_review_queue/review_queue_import_candidates_v1.json,legacy_json_content,قرار بقانون 2018 - المادة 10: حماية الأوقاف,43b4b8e6c6830a5a,assistant,,P1,legacy_json_content_record,قرار بقانون 2018 - المادة 10: حماية الأوقاف,stage_all_then_promote_p1_knowledge
knowledge_batch_07,knowledge_batch_08,knowledge_batch_04_review_queue/review_queue_import_candidates_v1.json,legacy_json_content,قرار بقانون 2018 - المادة 5: المجلس الأعلى للأوقاف,e68322a74107e327,assistant,,P1,legacy_json_content_record,قرار بقانون 2018 - المادة 5: المجلس الأعلى للأوقاف,stage_all_then_promote_p1_knowledge
knowledge_batch_07,knowledge_batch_08,knowledge_batch_04_review_queue/review_queue_import_candidates_v1.json,legacy_json_content,قرار بقانون رقم 1 لسنة 2018 - المادة 2: أهداف الوزارة,bf09a52df11f6acf,assistant,,P1,legacy_json_content_record,قرار بقانون رقم 1 لسنة 2018 - المادة 2: أهداف الوزارة,stage_all_then_promote_p1_knowledge
knowledge_batch_07,knowledge_batch_08,knowledge_batch_04_review_queue/review_queue_import_candidates_v1.json,legacy_json_content,مجلة الأحكام العدلية - كتاب الوقف,68d57816a1527f0f,assistant,,P1,legacy_json_content_record,مجلة الأحكام العدلية - كتاب الوقف,stage_all_then_promote_p1_knowledge
knowledge_batch_07,knowledge_batch_08,knowledge_batch_04_review_queue/review_queue_import_candidates_v1.json,legacy_json_content,مجلة الأحكام العدلية - المادة 2: أركان الوقف,cd43f84d4cbe10c6,assistant,,P1,legacy_json_content_record,مجلة الأحكام العدلية - المادة 2: أركان الوقف,stage_all_then_promote_p1_knowledge
knowledge_batch_07,knowledge_batch_08,knowledge_batch_04_review_queue/review_queue_import_candidates_v1.json,legacy_json_content,مجلة الأحكام العدلية - المادة 3: شروط الواقف,6b50bf66ef6c9b89,assistant,,P1,legacy_json_content_record,مجلة الأحكام العدلية - المادة 3: شروط الواقف,stage_all_then_promote_p1_knowledge
knowledge_batch_07,knowledge_batch_08,knowledge_batch_04_review_queue/review_queue_import_candidates_v1.json,legacy_json_content,مجلة الأحكام العدلية - المادة 6: استبدال الوقف,8c00830adc090a0c,assistant,,P1,legacy_json_content_record,مجلة الأحكام العدلية - المادة 6: استبدال الوقف,stage_all_then_promote_p1_knowledge
knowledge_batch_07,knowledge_batch_08,knowledge_batch_04_review_queue/review_queue_import_candidates_v1.json,legacy_json_content,اختبار التصنيف 3,0aaccb7ff09b0356,assistant,,P1,legacy_json_content_record,اختبار التصنيف 3,stage_all_then_promote_p1_knowledge
knowledge_batch_07,knowledge_batch_08,knowledge_batch_04_review_queue/review_queue_import_candidates_v1.json,legacy_json_content,الإشراف المعاصر على العقارات الوقفية,e3a77d349e95e786,assistant,,P1,legacy_json_content_record,الإشراف المعاصر على العقارات الوقفية,stage_all_then_promote_p1_knowledge
knowledge_batch_07,knowledge_batch_08,knowledge_batch_04_review_queue/review_queue_import_candidates_v1.json,legacy_json_content,اختبار timestamp,a261769693bc7f3b,assistant,,P1,legacy_json_content_record,اختبار timestamp,stage_all_then_promote_p1_knowledge
knowledge_batch_07,knowledge_batch_08,knowledge_batch_04_review_queue/review_queue_import_candidates_v1.json,legacy_json_content,الأوقاف في الدولة العثمانية,bd60ed08000250bc,assistant,,P1,legacy_json_content_record,الأوقاف في الدولة العثمانية,stage_all_then_promote_p1_knowledge
knowledge_batch_07,knowledge_batch_08,knowledge_batch_04_review_queue/review_queue_import_candidates_v1.json,legacy_json_content,الأوقاف في الدولة العثمانية,8c323300fa9c91cb,assistant,,P1,legacy_json_content_record,الأوقاف في الدولة العثمانية,stage_all_then_promote_p1_knowledge
knowledge_batch_07,knowledge_batch_08,knowledge_batch_04_review_queue/review_queue_import_candidates_v1.json,legacy_json_content,الحاج أمين الحسيني - رئيس المجلس الإسلامي,6211fe1626e4a2a6,assistant,,P1,legacy_json_content_record,الحاج أمين الحسيني - رئيس المجلس الإسلامي,stage_all_then_promote_p1_knowledge
knowledge_batch_07,knowledge_batch_08,knowledge_batch_04_review_queue/review_queue_import_candidates_v1.json,legacy_json_content,المجلس الإسلامي الأعلى (فلسطين),ed611fdc021a3abb,assistant,,P1,legacy_json_content_record,المجلس الإسلامي الأعلى (فلسطين),stage_all_then_promote_p1_knowledge
knowledge_batch_07,knowledge_batch_08,knowledge_batch_04_review_queue/review_queue_import_candidates_v1.json,legacy_json_content,متصرفية القدس أواخر العهد العثماني,0497669f3cb8bcea,assistant,,P1,legacy_json_content_record,متصرفية القدس أواخر العهد العثماني,stage_all_then_promote_p1_knowledge
knowledge_batch_07,knowledge_batch_08,knowledge_batch_04_review_queue/review_queue_import_candidates_v1.json,legacy_json_content,اختبار التصنيف 2,2d69645e6d90e8f5,assistant,,P1,legacy_json_content_record,اختبار التصنيف 2,stage_all_then_promote_p1_knowledge
knowledge_batch_07,knowledge_batch_08,knowledge_batch_04_review_queue/review_queue_import_candidates_v1.json,legacy_json_content,الأم - الإمام الشافعي - محمد بن إدريس الشافعي,f5f15964e375dfb9,assistant,,P1,legacy_json_content_record,الأم - الإمام الشافعي - محمد بن إدريس الشافعي,stage_all_then_promote_p1_knowledge
knowledge_batch_07,knowledge_batch_08,knowledge_batch_04_review_queue/review_queue_import_candidates_v1.json,legacy_json_content,العدل والإنصاف في معرفة أصول الفقه والاختلاف - أبو يعقوب يوسف بن إبراهيم الوارجلاني,a350c2123ef1f362,assistant,,P1,legacy_json_content_record,العدل والإنصاف في معرفة أصول الفقه والاختلاف - أبو يعقوب يوسف بن إبراهيم الوارجلاني,stage_all_then_promote_p1_knowledge
knowledge_batch_07,knowledge_batch_08,knowledge_batch_04_review_queue/review_queue_import_candidates_v1.json,legacy_json_content,المبسوط - السرخسي - شمس الأئمة محمد بن أحمد السرخسي,6f091fe21fee81c9,assistant,,P1,legacy_json_content_record,المبسوط - السرخسي - شمس الأئمة محمد بن أحمد السرخسي,stage_all_then_promote_p1_knowledge
knowledge_batch_07,knowledge_batch_08,knowledge_batch_04_review_queue/review_queue_import_candidates_v1.json,legacy_json_content,المغني - ابن قدامة المقدسي - موفق الدين عبد الله بن أحمد بن قدامة المقدسي,ada26afb00a599e6,assistant,,P1,legacy_json_content_record,المغني - ابن قدامة المقدسي - موفق الدين عبد الله بن أحمد بن قدامة المقدسي,stage_all_then_promote_p1_knowledge
knowledge_batch_07,knowledge_batch_08,knowledge_batch_04_review_queue/review_queue_import_candidates_v1.json,legacy_json_content,الوقف الإسلامي بين النظرية والتطبيق - حسن عبد الله الأمين - حسن عبد الله الأمين,c51beb1cc347217a,assistant,,P1,legacy_json_content_record,الوقف الإسلامي بين النظرية والتطبيق - حسن عبد الله الأمين - حسن عبد الله الأمين,stage_all_then_promote_p1_knowledge
knowledge_batch_07,knowledge_batch_08,knowledge_batch_04_review_queue/review_queue_import_candidates_v1.json,legacy_json_content,"Consequences of the Ottoman land law: Agrarian and privatization processes in Palestine, 1858–1918",ba6ca52eae6b72e8,assistant,,P1,legacy_json_content_record,"Consequences of the Ottoman land law: Agrarian and privatization processes in Palestine, 1858–1918",stage_all_then_promote_p1_knowledge
knowledge_batch_07,knowledge_batch_08,knowledge_batch_04_review_queue/review_queue_import_candidates_v1.json,legacy_json_content,اختبار التصنيف,8ba1e55dcbfbfc52,assistant,,P1,legacy_json_content_record,اختبار التصنيف,stage_all_then_promote_p1_knowledge
knowledge_batch_07,knowledge_batch_08,knowledge_batch_04_review_queue/review_queue_import_candidates_v1.json,legacy_json_content,ناظر الوقف,b8f7359eb8ed6710,assistant,,P1,legacy_json_content_record,ناظر الوقف,stage_all_then_promote_p1_knowledge
knowledge_batch_07,knowledge_batch_08,knowledge_batch_04_review_queue/review_queue_import_candidates_v1.json,legacy_json_content,وقف (إسلام),a52f51a580072842,assistant,,P1,legacy_json_content_record,وقف (إسلام),stage_all_then_promote_p1_knowledge
knowledge_batch_07,knowledge_batch_08,knowledge_batch_04_review_queue/review_queue_import_candidates_v1.json,legacy_json_content,Mamluk and Ottoman Endowment Deeds as a Source for Geographical-Historical Research: The Waqfiyya of Haseki Sultan (1552 CE),a7ef0d6ee98a9840,assistant,,P1,legacy_json_content_record,Mamluk and Ottoman Endowment Deeds as a Source for Geographical-Historical Research: The Waqfiyya of Haseki Sultan (1552 CE),stage_all_then_promote_p1_knowledge
knowledge_batch_07,knowledge_batch_08,knowledge_batch_04_review_queue/review_queue_import_candidates_v1.json,legacy_json_content,اختبار المستخدم,bcfc36274ec1ad53,assistant,,P1,legacy_json_content_record,اختبار المستخدم,stage_all_then_promote_p1_knowledge
knowledge_batch_07,knowledge_batch_08,knowledge_batch_04_review_queue/review_queue_import_candidates_v1.json,legacy_json_content,الأرشيف العثماني بأيدٍ فلسطينية.. وثائق تثبت ملكية الأراضي,758eef9a4f9ce50e,assistant,,P1,legacy_json_content_record,الأرشيف العثماني بأيدٍ فلسطينية.. وثائق تثبت ملكية الأراضي,stage_all_then_promote_p1_knowledge
knowledge_batch_07,knowledge_batch_08,knowledge_batch_04_review_queue/review_queue_import_candidates_v1.json,legacy_json_content,وثائق الملكية الفلسطينية في الأرشيف العثماني,a00055e1ae419871,assistant,,P1,legacy_json_content_record,وثائق الملكية الفلسطينية في الأرشيف العثماني,stage_all_then_promote_p1_knowledge
knowledge_batch_07,knowledge_batch_08,knowledge_batch_04_review_queue/review_queue_import_candidates_v1.json,legacy_json_content,الوقف ودوره في تنمية المجتمع - عبد العزيز الخياط,8918ab4fa286d71b,assistant,,P1,legacy_json_content_record,الوقف ودوره في تنمية المجتمع - عبد العزيز الخياط,stage_all_then_promote_p1_knowledge
knowledge_batch_07,knowledge_batch_08,knowledge_batch_04_review_queue/review_queue_import_candidates_v1.json,legacy_json_content,صيغ تمويلية مستحدثة للأوقاف - عبد الله بن منصور الغفيلي,3ad97e5e934e34cb,assistant,,P1,legacy_json_content_record,صيغ تمويلية مستحدثة للأوقاف - عبد الله بن منصور الغفيلي,stage_all_then_promote_p1_knowledge
knowledge_batch_07,knowledge_batch_08,knowledge_batch_04_review_queue/review_queue_import_candidates_v1.json,legacy_json_content,أرشيفات القدس الإسلامية - مصادر لمسألة الوقف,e8b0e953652143e6,assistant,,P1,legacy_json_content_record,أرشيفات القدس الإسلامية - مصادر لمسألة الوقف,stage_all_then_promote_p1_knowledge
knowledge_batch_07,knowledge_batch_08,knowledge_batch_04_review_queue/review_queue_import_candidates_v1.json,legacy_json_content,أقدم وقف موثق في العالم (القرن 9 الميلادي),c4e6ccf63d7ec51b,assistant,,P1,legacy_json_content_record,أقدم وقف موثق في العالم (القرن 9 الميلادي),stage_all_then_promote_p1_knowledge
knowledge_batch_07,knowledge_batch_08,knowledge_batch_04_review_queue/review_queue_import_candidates_v1.json,legacy_json_content,أوقاف القدس - الأوقاف الصلاحية,17fc65bc7d72a488,assistant,,P1,legacy_json_content_record,أوقاف القدس - الأوقاف الصلاحية,stage_all_then_promote_p1_knowledge
knowledge_batch_07,knowledge_batch_08,knowledge_batch_04_review_queue/review_queue_import_candidates_v1.json,legacy_json_content,أوقاف القدس - الزوايا والتكايا,ecf0ca1af5870d18,assistant,,P1,legacy_json_content_record,أوقاف القدس - الزوايا والتكايا,stage_all_then_promote_p1_knowledge
knowledge_batch_07,knowledge_batch_08,knowledge_batch_04_review_queue/review_queue_import_candidates_v1.json,legacy_json_content,أوقاف القدس - المدارس الوقفية,20fd848fbbd632c8,assistant,,P1,legacy_json_content_record,أوقاف القدس - المدارس الوقفية,stage_all_then_promote_p1_knowledge
knowledge_batch_07,knowledge_batch_08,knowledge_batch_04_review_queue/review_queue_import_candidates_v1.json,legacy_json_content,أوقاف القدس التاريخية - المسجد الأقصى,9c354ba61d410b10,assistant,,P1,legacy_json_content_record,أوقاف القدس التاريخية - المسجد الأقصى,stage_all_then_promote_p1_knowledge
knowledge_batch_07,knowledge_batch_08,knowledge_batch_04_review_queue/review_queue_import_candidates_v1.json,legacy_json_content,الأوقاف الإسلامية في القدس الشريف - كامل جميل العسلي,8d20123d5b1f0dc6,assistant,,P1,legacy_json_content_record,الأوقاف الإسلامية في القدس الشريف - كامل جميل العسلي,stage_all_then_promote_p1_knowledge
knowledge_batch_07,knowledge_batch_08,knowledge_batch_04_review_queue/review_queue_import_candidates_v1.json,legacy_json_content,الأوقاف بعد 1967 - الاحتلال الإسرائيلي,29743ed69cc430d5,assistant,,P1,legacy_json_content_record,الأوقاف بعد 1967 - الاحتلال الإسرائيلي,stage_all_then_promote_p1_knowledge
knowledge_batch_07,knowledge_batch_08,knowledge_batch_04_review_queue/review_queue_import_candidates_v1.json,legacy_json_content,الأوقاف في الضفة الغربية - الإدارة الأردنية,41298bfe3e5aedb1,assistant,,P1,legacy_json_content_record,الأوقاف في الضفة الغربية - الإدارة الأردنية,stage_all_then_promote_p1_knowledge
knowledge_batch_07,knowledge_batch_08,knowledge_batch_04_review_queue/review_queue_import_candidates_v1.json,legacy_json_content,الحاج أمين الحسيني - رئيس المجلس الإسلامي,0467d72c0794200e,assistant,,P1,legacy_json_content_record,الحاج أمين الحسيني - رئيس المجلس الإسلامي,stage_all_then_promote_p1_knowledge
knowledge_batch_07,knowledge_batch_08,knowledge_batch_04_review_queue/review_queue_import_candidates_v1.json,legacy_json_content,المجلس الإسلامي الأعلى - الصلاحيات,25fb3ec785573300,assistant,,P1,legacy_json_content_record,المجلس الإسلامي الأعلى - الصلاحيات,stage_all_then_promote_p1_knowledge
knowledge_batch_07,knowledge_batch_08,knowledge_batch_04_review_queue/review_queue_import_candidates_v1.json,legacy_json_content,ترميم المسجد الأقصى - الفترة البريطانية,d29678dd6e91970d,assistant,,P1,legacy_json_content_record,ترميم المسجد الأقصى - الفترة البريطانية,stage_all_then_promote_p1_knowledge
knowledge_batch_07,knowledge_batch_08,knowledge_batch_04_review_queue/review_queue_import_candidates_v1.json,legacy_json_content,حارة المغاربة - الهدم,fce060780efc3a5f,assistant,,P1,legacy_json_content_record,حارة المغاربة - الهدم,stage_all_then_promote_p1_knowledge
knowledge_batch_07,knowledge_batch_08,knowledge_batch_04_review_queue/review_queue_import_candidates_v1.json,legacy_json_content,وقف أبو مدين الغوث - القدس,7da30377c2f321be,assistant,,P1,legacy_json_content_record,وقف أبو مدين الغوث - القدس,stage_all_then_promote_p1_knowledge
knowledge_batch_07,knowledge_batch_08,knowledge_batch_04_review_queue/review_queue_import_candidates_v1.json,legacy_json_content,إعلام الموقعين عن رب العالمين - ابن القيم,30de5d6d060aeace,assistant,,P1,legacy_json_content_record,إعلام الموقعين عن رب العالمين - ابن القيم,stage_all_then_promote_p1_knowledge
knowledge_batch_07,knowledge_batch_08,knowledge_batch_04_review_queue/review_queue_import_candidates_v1.json,legacy_json_content,الأشباه والنظائر - السيوطي,bbe3e82eada21e18,assistant,,P1,legacy_json_content_record,الأشباه والنظائر - السيوطي,stage_all_then_promote_p1_knowledge
knowledge_batch_07,knowledge_batch_08,knowledge_batch_04_review_queue/review_queue_import_candidates_v1.json,legacy_json_content,الأم - الإمام الشافعي,b27198fb8047f5c2,assistant,,P1,legacy_json_content_record,الأم - الإمام الشافعي,stage_all_then_promote_p1_knowledge
knowledge_batch_07,knowledge_batch_08,knowledge_batch_04_review_queue/review_queue_import_candidates_v1.json,legacy_json_content,العدل والإنصاف في معرفة أصول الفقه والاختلاف,cbd7f3ec747feda2,assistant,,P1,legacy_json_content_record,العدل والإنصاف في معرفة أصول الفقه والاختلاف,stage_all_then_promote_p1_knowledge
knowledge_batch_07,knowledge_batch_08,knowledge_batch_04_review_queue/review_queue_import_candidates_v1.json,legacy_json_content,الفقه الإسلامي وأدلته - وهبة الزحيلي,6579f2c086934f48,assistant,,P1,legacy_json_content_record,الفقه الإسلامي وأدلته - وهبة الزحيلي,stage_all_then_promote_p1_knowledge
knowledge_batch_07,knowledge_batch_08,knowledge_batch_04_review_queue/review_queue_import_candidates_v1.json,legacy_json_content,المبسوط - السرخسي,f4220340437039ea,assistant,,P1,legacy_json_content_record,المبسوط - السرخسي,stage_all_then_promote_p1_knowledge
knowledge_batch_07,knowledge_batch_08,knowledge_batch_04_review_queue/review_queue_import_candidates_v1.json,legacy_json_content,المدونة الكبرى - الإمام مالك,ee46f00a1205c3c3,assistant,,P1,legacy_json_content_record,المدونة الكبرى - الإمام مالك,stage_all_then_promote_p1_knowledge
knowledge_batch_07,knowledge_batch_08,knowledge_batch_04_review_queue/review_queue_import_candidates_v1.json,legacy_json_content,المغني - ابن قدامة المقدسي,d601c0ccaf25380a,assistant,,P1,legacy_json_content_record,المغني - ابن قدامة المقدسي,stage_all_then_promote_p1_knowledge
knowledge_batch_07,knowledge_batch_08,knowledge_batch_04_review_queue/review_queue_import_candidates_v1.json,legacy_json_content,الموافقات في أصول الشريعة - الشاطبي,75410db8420db65d,assistant,,P1,legacy_json_content_record,الموافقات في أصول الشريعة - الشاطبي,stage_all_then_promote_p1_knowledge
knowledge_batch_07,knowledge_batch_08,knowledge_batch_04_review_queue/review_queue_import_candidates_v1.json,legacy_json_content,الوقف الأهلي - التعريف والأحكام,513b93e9bc90bffd,assistant,,P1,legacy_json_content_record,الوقف الأهلي - التعريف والأحكام,stage_all_then_promote_p1_knowledge
knowledge_batch_07,knowledge_batch_08,knowledge_batch_04_review_queue/review_queue_import_candidates_v1.json,legacy_json_content,الوقف المؤقت - حكمه,0d6345ea9540606f,assistant,,P1,legacy_json_content_record,الوقف المؤقت - حكمه,stage_all_then_promote_p1_knowledge
knowledge_batch_07,knowledge_batch_08,knowledge_batch_04_review_queue/review_queue_import_candidates_v1.json,legacy_json_content,الوقف المشترك - الأحكام,67b57e55bcd36398,assistant,,P1,legacy_json_content_record,الوقف المشترك - الأحكام,stage_all_then_promote_p1_knowledge
knowledge_batch_07,knowledge_batch_08,knowledge_batch_04_review_queue/review_queue_import_candidates_v1.json,legacy_json_content,الوقف على المساجد - الفضل والأحكام,05ee3ac7622a14f1,assistant,,P1,legacy_json_content_record,الوقف على المساجد - الفضل والأحكام,stage_all_then_promote_p1_knowledge
knowledge_batch_07,knowledge_batch_08,knowledge_batch_04_review_queue/review_queue_import_candidates_v1.json,legacy_json_content,الوقف على النفس - الخلاف الفقهي,71aae099212791cd,assistant,,P1,legacy_json_content_record,الوقف على النفس - الخلاف الفقهي,stage_all_then_promote_p1_knowledge
knowledge_batch_07,knowledge_batch_08,knowledge_batch_04_review_queue/review_queue_import_candidates_v1.json,legacy_json_content,الوقف على غير المسلمين - الحكم,dc0222c63ad054f7,assistant,,P1,legacy_json_content_record,الوقف على غير المسلمين - الحكم,stage_all_then_promote_p1_knowledge
knowledge_batch_07,knowledge_batch_08,knowledge_batch_04_review_queue/review_queue_import_candidates_v1.json,legacy_json_content,دور الوقف في المجتمع الإسلامي المعاصر - يوسف القرضاوي,1081db76fce1b015,assistant,,P1,legacy_json_content_record,دور الوقف في المجتمع الإسلامي المعاصر - يوسف القرضاوي,stage_all_then_promote_p1_knowledge
knowledge_batch_07,knowledge_batch_08,knowledge_batch_04_review_queue/review_queue_import_candidates_v1.json,legacy_json_content,شرط الواقف - الالتزام به,26c281cb43f9b06a,assistant,,P1,legacy_json_content_record,شرط الواقف - الالتزام به,stage_all_then_promote_p1_knowledge
knowledge_batch_07,knowledge_batch_08,knowledge_batch_04_review_queue/review_queue_import_candidates_v1.json,legacy_json_content,شروط الموقوف - الفقه الإسلامي,27c761374c07bd70,assistant,,P1,legacy_json_content_record,شروط الموقوف - الفقه الإسلامي,stage_all_then_promote_p1_knowledge
knowledge_batch_07,knowledge_batch_08,knowledge_batch_04_review_queue/review_queue_import_candidates_v1.json,legacy_json_content,فتاوى الوقف - سليمان الجاسر,e2e1dfcd5a82384d,assistant,,P1,legacy_json_content_record,فتاوى الوقف - سليمان الجاسر,stage_all_then_promote_p1_knowledge
knowledge_batch_07,knowledge_batch_08,knowledge_batch_04_review_queue/review_queue_import_candidates_v1.json,legacy_json_content,نظارة الوقف - الشروط والأحكام,c38f77d7a7bcba7a,assistant,,P1,legacy_json_content_record,نظارة الوقف - الشروط والأحكام,stage_all_then_promote_p1_knowledge
knowledge_batch_07,knowledge_batch_08,knowledge_batch_04_review_queue/review_queue_import_candidates_v1.json,legacy_json_content,الوقف على المسجد الأقصى,2809497edcebfdd5,assistant,,P1,legacy_json_content_record,الوقف على المسجد الأقصى,stage_all_then_promote_p1_knowledge
knowledge_batch_07,knowledge_batch_08,knowledge_batch_04_review_queue/review_queue_import_candidates_v1.json,legacy_json_content,Mind the Gap: An Archaeological View of Land Tenure and Usufruct Rights Around Jerusalem,c7a04b7a7412f422,assistant,,P1,legacy_json_content_record,Mind the Gap: An Archaeological View of Land Tenure and Usufruct Rights Around Jerusalem,stage_all_then_promote_p1_knowledge
knowledge_batch_07,knowledge_batch_08,knowledge_batch_04_review_queue/review_queue_import_candidates_v1.json,legacy_json_content,متصرفية القدس أواخر العهد العثماني,6029718672ed77f0,assistant,,P1,legacy_json_content_record,متصرفية القدس أواخر العهد العثماني,stage_all_then_promote_p1_knowledge
knowledge_batch_07,knowledge_batch_08,knowledge_batch_04_review_queue/review_queue_import_candidates_v1.json,legacy_json_content,المبسوط للسرخسي - كتاب الوقف,4bf4aea821fc74d8,assistant,,P1,legacy_json_content_record,المبسوط للسرخسي - كتاب الوقف,stage_all_then_promote_p1_knowledge
knowledge_batch_07,knowledge_batch_08,knowledge_batch_04_review_queue/review_queue_import_candidates_v1.json,legacy_json_content,"Consequences of the Ottoman land law: Agrarian and privatization processes in Palestine, 1858–1918",ce9d35dbbbbfc885,assistant,,P1,legacy_json_content_record,"Consequences of the Ottoman land law: Agrarian and privatization processes in Palestine, 1858–1918",stage_all_then_promote_p1_knowledge
knowledge_batch_07,knowledge_batch_08,knowledge_batch_04_review_queue/review_queue_import_candidates_v1.json,legacy_json_content,Land privatization in nineteenth-century Ottoman Palestine,bd89ca742ba2deb9,assistant,,P1,legacy_json_content_record,Land privatization in nineteenth-century Ottoman Palestine,stage_all_then_promote_p1_knowledge
knowledge_batch_07,knowledge_batch_08,knowledge_batch_04_review_queue/review_queue_import_candidates_v1.json,legacy_json_content,Land registry maps in Palestine during the Ottoman period,aecfce83e0855e06,assistant,,P1,legacy_json_content_record,Land registry maps in Palestine during the Ottoman period,stage_all_then_promote_p1_knowledge
knowledge_batch_07,knowledge_batch_08,knowledge_batch_04_review_queue/review_queue_import_candidates_v1.json,legacy_json_content,تسوية وتسجيل الأراضي في القدس الشرقية: الإشكاليات، التحديات والإسقاطات,d0a7bbda2e63942f,assistant,,P1,legacy_json_content_record,تسوية وتسجيل الأراضي في القدس الشرقية: الإشكاليات، التحديات والإسقاطات,stage_all_then_promote_p1_knowledge
knowledge_batch_07,knowledge_batch_08,knowledge_batch_04_review_queue/review_queue_import_candidates_v1.json,legacy_json_content,"Consequences of the Ottoman land law: Agrarian and privatization processes in Palestine, 1858–1918",3635a4bfcb9aaec7,assistant,,P1,legacy_json_content_record,"Consequences of the Ottoman land law: Agrarian and privatization processes in Palestine, 1858–1918",stage_all_then_promote_p1_knowledge
knowledge_batch_07,knowledge_batch_08,knowledge_batch_04_review_queue/review_queue_import_candidates_v1.json,legacy_json_content,الوقف كأداة لزيادة القوة السياسية وتعزيزها: نموذج وقف خاصكي سلطان في العهد العثماني خلال أواخر القرن الثامن عشر,4abc4db81510097a,assistant,,P1,legacy_json_content_record,الوقف كأداة لزيادة القوة السياسية وتعزيزها: نموذج وقف خاصكي سلطان في العهد العثماني خلال أواخر القرن الثامن عشر,stage_all_then_promote_p1_knowledge
knowledge_batch_07,knowledge_batch_08,knowledge_batch_04_review_queue/review_queue_import_candidates_v1.json,legacy_json_content,الأوقاف في فلسطين: دراسة تاريخية وثائقية,c8fdeb545eb40554,assistant,,P1,legacy_json_content_record,الأوقاف في فلسطين: دراسة تاريخية وثائقية,stage_all_then_promote_p1_knowledge
knowledge_batch_07,knowledge_batch_08,knowledge_batch_04_review_queue/review_queue_import_candidates_v1.json,legacy_json_content,الحجج الوقفية في سجلات محكمة القدس الشرعية (القرن 11 هـ),98df09a015a0a80b,assistant,,P1,legacy_json_content_record,الحجج الوقفية في سجلات محكمة القدس الشرعية (القرن 11 هـ),stage_all_then_promote_p1_knowledge
knowledge_batch_07,knowledge_batch_08,knowledge_batch_04_review_queue/review_queue_import_candidates_v1.json,legacy_json_content,حجة وقف مصطفى آغا (1821م),535083cf6aceb05f,assistant,,P1,legacy_json_content_record,حجة وقف مصطفى آغا (1821م),stage_all_then_promote_p1_knowledge
knowledge_batch_07,knowledge_batch_08,knowledge_batch_04_review_queue/review_queue_import_candidates_v1.json,legacy_json_content,الفقه الحنبلي - تعريف الوقف,9040c957e336a552,assistant,,P1,legacy_json_content_record,الفقه الحنبلي - تعريف الوقف,stage_all_then_promote_p1_knowledge
knowledge_batch_07,knowledge_batch_08,knowledge_batch_04_review_queue/review_queue_import_candidates_v1.json,legacy_json_content,الفقه الحنفي - استبدال الوقف,d60a6188466484e7,assistant,,P1,legacy_json_content_record,الفقه الحنفي - استبدال الوقف,stage_all_then_promote_p1_knowledge
knowledge_batch_07,knowledge_batch_08,knowledge_batch_04_review_queue/review_queue_import_candidates_v1.json,legacy_json_content,الفقه الحنفي - تعريف الوقف,36424dee45e29b01,assistant,,P1,legacy_json_content_record,الفقه الحنفي - تعريف الوقف,stage_all_then_promote_p1_knowledge
knowledge_batch_07,knowledge_batch_08,knowledge_batch_04_review_queue/review_queue_import_candidates_v1.json,legacy_json_content,الفقه الحنفي - شروط صحة الوقف,7c7056866722f72b,assistant,,P1,legacy_json_content_record,الفقه الحنفي - شروط صحة الوقف,stage_all_then_promote_p1_knowledge
knowledge_batch_07,knowledge_batch_08,knowledge_batch_04_review_queue/review_queue_import_candidates_v1.json,legacy_json_content,الفقه الحنفي - وقف المنقول,5ed61204bdd91e66,assistant,,P1,legacy_json_content_record,الفقه الحنفي - وقف المنقول,stage_all_then_promote_p1_knowledge
knowledge_batch_07,knowledge_batch_08,knowledge_batch_04_review_queue/review_queue_import_candidates_v1.json,legacy_json_content,الفقه الشافعي - تعريف الوقف,ddba4d66c4fb878c,assistant,,P1,legacy_json_content_record,الفقه الشافعي - تعريف الوقف,stage_all_then_promote_p1_knowledge
knowledge_batch_07,knowledge_batch_08,knowledge_batch_04_review_queue/review_queue_import_candidates_v1.json,legacy_json_content,الفقه المالكي - تعريف الوقف,1b952c5bbbd8acc7,assistant,,P1,legacy_json_content_record,الفقه المالكي - تعريف الوقف,stage_all_then_promote_p1_knowledge
knowledge_batch_07,knowledge_batch_08,knowledge_batch_04_review_queue/review_queue_import_candidates_v1.json,legacy_json_content,المبسوط للسرخسي - كتاب الوقف,86e67f479738847e,assistant,,P1,legacy_json_content_record,المبسوط للسرخسي - كتاب الوقف,stage_all_then_promote_p1_knowledge
knowledge_batch_07,knowledge_batch_08,knowledge_batch_04_review_queue/review_queue_import_candidates_v1.json,legacy_json_content,فتح القدير لابن الهمام - كتاب الوقف,f2d0198723698028,assistant,,P1,legacy_json_content_record,فتح القدير لابن الهمام - كتاب الوقف,stage_all_then_promote_p1_knowledge
knowledge_batch_07,knowledge_batch_08,knowledge_batch_04_review_queue/review_queue_import_candidates_v1.json,legacy_json_content,مجموع فتاوى ابن تيمية - كتاب الوقف,f30641f9900023b3,assistant,,P1,legacy_json_content_record,مجموع فتاوى ابن تيمية - كتاب الوقف,stage_all_then_promote_p1_knowledge
knowledge_batch_07,knowledge_batch_08,knowledge_batch_05_full_database_import/full_recovered_records_db_import_payload_v1.json,legacy_json_content,سجلات الطابو العثماني - القدس,d2cf8a8ec7e8f270,assistant,,P1,legacy_json_content_record,سجلات الطابو العثماني - القدس,stage_all_then_promote_p1_knowledge
knowledge_batch_07,knowledge_batch_08,knowledge_batch_05_full_database_import/full_recovered_records_db_import_payload_v1.json,legacy_json_content,Minimal Test Document,721b813992e645f8,assistant,,P1,legacy_json_content_record,Minimal Test Document,stage_all_then_promote_p1_knowledge
knowledge_batch_07,knowledge_batch_08,knowledge_batch_05_full_database_import/full_recovered_records_db_import_payload_v1.json,legacy_json_content,إدارة الأوقاف في عهد الانتداب البريطاني,3376dce5097d0925,assistant,,P1,legacy_json_content_record,إدارة الأوقاف في عهد الانتداب البريطاني,stage_all_then_promote_p1_knowledge
knowledge_batch_07,knowledge_batch_08,knowledge_batch_05_full_database_import/full_recovered_records_db_import_payload_v1.json,legacy_json_content,نظام ملكية الأراضي في العهد العثماني,e91a13e126392075,assistant,,P1,legacy_json_content_record,نظام ملكية الأراضي في العهد العثماني,stage_all_then_promote_p1_knowledge
knowledge_batch_07,knowledge_batch_08,knowledge_batch_05_full_database_import/full_recovered_records_db_import_payload_v1.json,legacy_json_content,إدارة وتنمية أموال الوقف - ماجد أبو رخية,fffdb2a91cf30df2,assistant,,P1,legacy_json_content_record,إدارة وتنمية أموال الوقف - ماجد أبو رخية,stage_all_then_promote_p1_knowledge
knowledge_batch_07,knowledge_batch_08,knowledge_batch_05_full_database_import/full_recovered_records_db_import_payload_v1.json,legacy_json_content,الإشراف المعاصر على العقارات الوقفية,d97fe26466a62edd,assistant,,P1,legacy_json_content_record,الإشراف المعاصر على العقارات الوقفية,stage_all_then_promote_p1_knowledge
knowledge_batch_07,knowledge_batch_08,knowledge_batch_05_full_database_import/full_recovered_records_db_import_payload_v1.json,legacy_json_content,الوقف الإسلامي: تطوره، إدارته، تنميته - منذر قحف,64a00da07925baa1,assistant,,P1,legacy_json_content_record,الوقف الإسلامي: تطوره، إدارته، تنميته - منذر قحف,stage_all_then_promote_p1_knowledge
knowledge_batch_07,knowledge_batch_08,knowledge_batch_05_full_database_import/full_recovered_records_db_import_payload_v1.json,legacy_json_content,تعليمات لجان رعاية المساجد رقم (2) لسنة 2023م,2e0b444e4b229d52,assistant,,P1,legacy_json_content_record,تعليمات لجان رعاية المساجد رقم (2) لسنة 2023م,stage_all_then_promote_p1_knowledge
knowledge_batch_07,knowledge_batch_08,knowledge_batch_05_full_database_import/full_recovered_records_db_import_payload_v1.json,legacy_json_content,مهام وزارة الأوقاف والشؤون الدينية الفلسطينية,1079b99b0725f595,assistant,,P1,legacy_json_content_record,مهام وزارة الأوقاف والشؤون الدينية الفلسطينية,stage_all_then_promote_p1_knowledge
knowledge_batch_07,knowledge_batch_08,knowledge_batch_05_full_database_import/full_recovered_records_db_import_payload_v1.json,legacy_json_content,نظام الأوقاف في التطبيق المعاصر - عبد الله بن ناصر السدحان,c56e44ae4e884dec,assistant,,P1,legacy_json_content_record,نظام الأوقاف في التطبيق المعاصر - عبد الله بن ناصر السدحان,stage_all_then_promote_p1_knowledge
knowledge_batch_07,knowledge_batch_08,knowledge_batch_05_full_database_import/full_recovered_records_db_import_payload_v1.json,legacy_json_content,إدارة الأوقاف في عهد الانتداب البريطاني,20ebe9405bc0ed5e,assistant,,P1,legacy_json_content_record,إدارة الأوقاف في عهد الانتداب البريطاني,stage_all_then_promote_p1_knowledge
knowledge_batch_07,knowledge_batch_08,knowledge_batch_05_full_database_import/full_recovered_records_db_import_payload_v1.json,legacy_json_content,الأوقاف والسياسة في مصر - إبراهيم البيومي غانم,18dbcdb14d1c7acb,assistant,,P1,legacy_json_content_record,الأوقاف والسياسة في مصر - إبراهيم البيومي غانم,stage_all_then_promote_p1_knowledge
knowledge_batch_07,knowledge_batch_08,knowledge_batch_05_full_database_import/full_recovered_records_db_import_payload_v1.json,legacy_json_content,تاريخ إدارة الأوقاف في فلسطين,5efa5dafce687713,assistant,,P1,legacy_json_content_record,تاريخ إدارة الأوقاف في فلسطين,stage_all_then_promote_p1_knowledge
knowledge_batch_07,knowledge_batch_08,knowledge_batch_05_full_database_import/full_recovered_records_db_import_payload_v1.json,legacy_json_content,أحكام الوقف في الشريعة الإسلامية - محمد عبيد الكبيسي,0b090aae17c750fe,assistant,,P1,legacy_json_content_record,أحكام الوقف في الشريعة الإسلامية - محمد عبيد الكبيسي,stage_all_then_promote_p1_knowledge
knowledge_batch_07,knowledge_batch_08,knowledge_batch_05_full_database_import/full_recovered_records_db_import_payload_v1.json,legacy_json_content,إحياء الوقف المتعطل - الأحكام,03b59799e4c85ea1,assistant,,P1,legacy_json_content_record,إحياء الوقف المتعطل - الأحكام,stage_all_then_promote_p1_knowledge
knowledge_batch_07,knowledge_batch_08,knowledge_batch_05_full_database_import/full_recovered_records_db_import_payload_v1.json,legacy_json_content,الوقف الإسلامي بين النظرية والتطبيق - حسن عبد الله الأمين,fcfc8c3e4d0163a9,assistant,,P1,legacy_json_content_record,الوقف الإسلامي بين النظرية والتطبيق - حسن عبد الله الأمين,stage_all_then_promote_p1_knowledge
knowledge_batch_07,knowledge_batch_08,knowledge_batch_05_full_database_import/full_recovered_records_db_import_payload_v1.json,legacy_json_content,النظام القانوني للأراضي الأميرية في فلسطين,ded4d94357c0fe02,assistant,,P1,legacy_json_content_record,النظام القانوني للأراضي الأميرية في فلسطين,stage_all_then_promote_p1_knowledge
knowledge_batch_07,knowledge_batch_08,knowledge_batch_05_full_database_import/full_recovered_records_db_import_payload_v1.json,legacy_json_content,حق التصرف الوارد على الأراضي الأميرية وفقاً للتشريعات النافذة في فلسطين,efde9630b22a3fa2,assistant,,P1,legacy_json_content_record,حق التصرف الوارد على الأراضي الأميرية وفقاً للتشريعات النافذة في فلسطين,stage_all_then_promote_p1_knowledge
knowledge_batch_07,knowledge_batch_08,knowledge_batch_05_full_database_import/full_recovered_records_db_import_payload_v1.json,legacy_json_content,ديار بئر السبع: جنوب فلسطين العثماني - الأرض والمجتمع والدولة,755b92bea3f2869c,assistant,,P1,legacy_json_content_record,ديار بئر السبع: جنوب فلسطين العثماني - الأرض والمجتمع والدولة,stage_all_then_promote_p1_knowledge
knowledge_batch_07,knowledge_batch_08,knowledge_batch_05_full_database_import/full_recovered_records_db_import_payload_v1.json,legacy_json_content,قانون الأراضي العثماني (1858),0e7d5ee16d4c1a08,assistant,,P1,legacy_json_content_record,قانون الأراضي العثماني (1858),stage_all_then_promote_p1_knowledge
knowledge_batch_07,knowledge_batch_08,knowledge_batch_05_full_database_import/full_recovered_records_db_import_payload_v1.json,legacy_json_content,قانون الأراضي العثماني (1858),ff687e62441a7cc6,assistant,,P1,legacy_json_content_record,قانون الأراضي العثماني (1858),stage_all_then_promote_p1_knowledge
knowledge_batch_07,knowledge_batch_08,knowledge_batch_05_full_database_import/full_recovered_records_db_import_payload_v1.json,legacy_json_content,قانون الأراضي العثماني - المادة 12: وقف الأراضي الأميرية,efd92b3c65ce256e,assistant,,P1,legacy_json_content_record,قانون الأراضي العثماني - المادة 12: وقف الأراضي الأميرية,stage_all_then_promote_p1_knowledge
knowledge_batch_07,knowledge_batch_08,knowledge_batch_05_full_database_import/full_recovered_records_db_import_payload_v1.json,legacy_json_content,قانون الأراضي العثماني - المادة 1: تعريف الأراضي,010e2afb193e77da,assistant,,P1,legacy_json_content_record,قانون الأراضي العثماني - المادة 1: تعريف الأراضي,stage_all_then_promote_p1_knowledge
knowledge_batch_07,knowledge_batch_08,knowledge_batch_05_full_database_import/full_recovered_records_db_import_payload_v1.json,legacy_json_content,قانون الأراضي العثماني - المادة 3: الأراضي الأميرية,18ff4758b09fa156,assistant,,P1,legacy_json_content_record,قانون الأراضي العثماني - المادة 3: الأراضي الأميرية,stage_all_then_promote_p1_knowledge
knowledge_batch_07,knowledge_batch_08,knowledge_batch_05_full_database_import/full_recovered_records_db_import_payload_v1.json,legacy_json_content,قانون العدل والإنصاف للقضاء على مشكلات الأوقاف - محمد قدري باشا,59a33cd254522827,assistant,,P1,legacy_json_content_record,قانون العدل والإنصاف للقضاء على مشكلات الأوقاف - محمد قدري باشا,stage_all_then_promote_p1_knowledge
knowledge_batch_07,knowledge_batch_08,knowledge_batch_05_full_database_import/full_recovered_records_db_import_payload_v1.json,legacy_json_content,مجلة الأحكام العدلية,4187c47eb4740007,assistant,,P1,legacy_json_content_record,مجلة الأحكام العدلية,stage_all_then_promote_p1_knowledge
knowledge_batch_07,knowledge_batch_08,knowledge_batch_05_full_database_import/full_recovered_records_db_import_payload_v1.json,legacy_json_content,التنظيم القانوني للأراضي في فلسطين (1858 - الحاضر),be6619ead7e347f3,assistant,,P1,legacy_json_content_record,التنظيم القانوني للأراضي في فلسطين (1858 - الحاضر),stage_all_then_promote_p1_knowledge
knowledge_batch_07,knowledge_batch_08,knowledge_batch_05_full_database_import/full_recovered_records_db_import_payload_v1.json,legacy_json_content,قرار بقانون رقم (2) لسنة 2023م بشأن تعديل قانون الأوقاف,34f73ecc83a1ec21,assistant,,P1,legacy_json_content_record,قرار بقانون رقم (2) لسنة 2023م بشأن تعديل قانون الأوقاف,stage_all_then_promote_p1_knowledge
knowledge_batch_07,knowledge_batch_08,knowledge_batch_05_full_database_import/full_recovered_records_db_import_payload_v1.json,legacy_json_content,نظام الوقف الذري في فلسطين,8b31086eb462ed1a,assistant,,P1,legacy_json_content_record,نظام الوقف الذري في فلسطين,stage_all_then_promote_p1_knowledge
knowledge_batch_07,knowledge_batch_08,knowledge_batch_05_full_database_import/full_recovered_records_db_import_payload_v1.json,legacy_json_content,الانتداب البريطاني - قانون الأوقاف 1922,5fd60120379791e4,assistant,,P1,legacy_json_content_record,الانتداب البريطاني - قانون الأوقاف 1922,stage_all_then_promote_p1_knowledge
knowledge_batch_07,knowledge_batch_08,knowledge_batch_05_full_database_import/full_recovered_records_db_import_payload_v1.json,legacy_json_content,مجلة الأحكام العدلية - المادة 1: تعريف الوقف,d42c4950a2de6a57,assistant,,P1,legacy_json_content_record,مجلة الأحكام العدلية - المادة 1: تعريف الوقف,stage_all_then_promote_p1_knowledge
knowledge_batch_07,knowledge_batch_08,knowledge_batch_05_full_database_import/full_recovered_records_db_import_payload_v1.json,legacy_json_content,مجلة الأحكام العدلية - المادة 5: شروط صحة الوقف,2f293336d6ccec18,assistant,,P1,legacy_json_content_record,مجلة الأحكام العدلية - المادة 5: شروط صحة الوقف,stage_all_then_promote_p1_knowledge
knowledge_batch_07,knowledge_batch_08,knowledge_batch_05_full_database_import/full_recovered_records_db_import_payload_v1.json,legacy_json_content,المجلة العدلية (مجلة الأحكام العدلية),1d18c2c5587e09db,assistant,,P1,legacy_json_content_record,المجلة العدلية (مجلة الأحكام العدلية),stage_all_then_promote_p1_knowledge
knowledge_batch_07,knowledge_batch_08,knowledge_batch_05_full_database_import/full_recovered_records_db_import_payload_v1.json,legacy_json_content,قانون أملاك الغائبين - الأوقاف,9235278b3de5b134,assistant,,P1,legacy_json_content_record,قانون أملاك الغائبين - الأوقاف,stage_all_then_promote_p1_knowledge
knowledge_batch_07,knowledge_batch_08,knowledge_batch_05_full_database_import/full_recovered_records_db_import_payload_v1.json,legacy_json_content,قانون أملاك الغائبين الإسرائيلي 1950 - التعريف,43c74d1a0f38a5cf,assistant,,P1,legacy_json_content_record,قانون أملاك الغائبين الإسرائيلي 1950 - التعريف,stage_all_then_promote_p1_knowledge
knowledge_batch_07,knowledge_batch_08,knowledge_batch_05_full_database_import/full_recovered_records_db_import_payload_v1.json,legacy_json_content,قانون الأراضي العثماني - المادة 12: وقف الأراضي الأميرية,a984bac4ab240cfe,assistant,,P1,legacy_json_content_record,قانون الأراضي العثماني - المادة 12: وقف الأراضي الأميرية,stage_all_then_promote_p1_knowledge
knowledge_batch_07,knowledge_batch_08,knowledge_batch_05_full_database_import/full_recovered_records_db_import_payload_v1.json,legacy_json_content,قانون الأراضي العثماني - المادة 1: تعريف الأراضي,afc79342ddec4cfa,assistant,,P1,legacy_json_content_record,قانون الأراضي العثماني - المادة 1: تعريف الأراضي,stage_all_then_promote_p1_knowledge
knowledge_batch_07,knowledge_batch_08,knowledge_batch_05_full_database_import/full_recovered_records_db_import_payload_v1.json,legacy_json_content,قانون الأراضي العثماني - المادة 36: حقوق المتولي,fef58c19ae096c81,assistant,,P1,legacy_json_content_record,قانون الأراضي العثماني - المادة 36: حقوق المتولي,stage_all_then_promote_p1_knowledge
knowledge_batch_07,knowledge_batch_08,knowledge_batch_05_full_database_import/full_recovered_records_db_import_payload_v1.json,legacy_json_content,قانون الأراضي العثماني - المادة 3: الأراضي الأميرية,0c33dc88781b3f9d,assistant,,P1,legacy_json_content_record,قانون الأراضي العثماني - المادة 3: الأراضي الأميرية,stage_all_then_promote_p1_knowledge
knowledge_batch_07,knowledge_batch_08,knowledge_batch_05_full_database_import/full_recovered_records_db_import_payload_v1.json,legacy_json_content,قانون الأراضي العثماني - المادة 4: الأراضي الموقوفة,901413d2050b11cc,assistant,,P1,legacy_json_content_record,قانون الأراضي العثماني - المادة 4: الأراضي الموقوفة,stage_all_then_promote_p1_knowledge
knowledge_batch_07,knowledge_batch_08,knowledge_batch_05_full_database_import/full_recovered_records_db_import_payload_v1.json,legacy_json_content,قانون الأراضي العثماني 1858,7fd57f2c37a03899,assistant,,P1,legacy_json_content_record,قانون الأراضي العثماني 1858,stage_all_then_promote_p1_knowledge
knowledge_batch_07,knowledge_batch_08,knowledge_batch_05_full_database_import/full_recovered_records_db_import_payload_v1.json,legacy_json_content,قانون الأوقاف الأردني - المادة 10: إدارة الأوقاف,19e8d190db865dd6,assistant,,P1,legacy_json_content_record,قانون الأوقاف الأردني - المادة 10: إدارة الأوقاف,stage_all_then_promote_p1_knowledge
knowledge_batch_07,knowledge_batch_08,knowledge_batch_05_full_database_import/full_recovered_records_db_import_payload_v1.json,legacy_json_content,قانون الأوقاف الأردني - المادة 15: صلاحيات المتولي,511b4a85f8032181,assistant,,P1,legacy_json_content_record,قانون الأوقاف الأردني - المادة 15: صلاحيات المتولي,stage_all_then_promote_p1_knowledge
knowledge_batch_07,knowledge_batch_08,knowledge_batch_05_full_database_import/full_recovered_records_db_import_payload_v1.json,legacy_json_content,قانون الأوقاف الأردني - المادة 20: الإشراف على الأوقاف,702129ef37901053,assistant,,P1,legacy_json_content_record,قانون الأوقاف الأردني - المادة 20: الإشراف على الأوقاف,stage_all_then_promote_p1_knowledge
knowledge_batch_07,knowledge_batch_08,knowledge_batch_05_full_database_import/full_recovered_records_db_import_payload_v1.json,legacy_json_content,قانون الأوقاف الأردني - المادة 2: تعريف الوقف الخيري,5695cd1bf73beef6,assistant,,P1,legacy_json_content_record,قانون الأوقاف الأردني - المادة 2: تعريف الوقف الخيري,stage_all_then_promote_p1_knowledge
knowledge_batch_07,knowledge_batch_08,knowledge_batch_05_full_database_import/full_recovered_records_db_import_payload_v1.json,legacy_json_content,قانون الأوقاف الأردني - المادة 3: الوقف الذري,f6adc3874b27f244,assistant,,P1,legacy_json_content_record,قانون الأوقاف الأردني - المادة 3: الوقف الذري,stage_all_then_promote_p1_knowledge
knowledge_batch_07,knowledge_batch_08,knowledge_batch_05_full_database_import/full_recovered_records_db_import_payload_v1.json,legacy_json_content,قانون الأوقاف الأردني رقم 23 لسنة 1964 - المادة 1: التعاريف,b6a2f9610859f91e,assistant,,P1,legacy_json_content_record,قانون الأوقاف الأردني رقم 23 لسنة 1964 - المادة 1: التعاريف,stage_all_then_promote_p1_knowledge
knowledge_batch_07,knowledge_batch_08,knowledge_batch_05_full_database_import/full_recovered_records_db_import_payload_v1.json,legacy_json_content,قانون الأوقاف الفلسطيني رقم 2 لسنة 2014,eeaa25b933bb8ac9,assistant,,P1,legacy_json_content_record,قانون الأوقاف الفلسطيني رقم 2 لسنة 2014,stage_all_then_promote_p1_knowledge
knowledge_batch_07,knowledge_batch_08,knowledge_batch_05_full_database_import/full_recovered_records_db_import_payload_v1.json,legacy_json_content,قانون الأوقاف والشؤون الدينية رقم (26) لسنة 1966م وتعديلاته,fadad02f7faa3ef3,assistant,,P1,legacy_json_content_record,قانون الأوقاف والشؤون الدينية رقم (26) لسنة 1966م وتعديلاته,stage_all_then_promote_p1_knowledge
knowledge_batch_07,knowledge_batch_08,knowledge_batch_05_full_database_import/full_recovered_records_db_import_payload_v1.json,legacy_json_content,قانون العدل والإنصاف للقضاء على مشكلات الأوقاف,058a66e1f8761cc8,assistant,,P1,legacy_json_content_record,قانون العدل والإنصاف للقضاء على مشكلات الأوقاف,stage_all_then_promote_p1_knowledge
knowledge_batch_07,knowledge_batch_08,knowledge_batch_05_full_database_import/full_recovered_records_db_import_payload_v1.json,legacy_json_content,قرار بقانون 2018 - المادة 10: حماية الأوقاف,95d7eeca0a724619,assistant,,P1,legacy_json_content_record,قرار بقانون 2018 - المادة 10: حماية الأوقاف,stage_all_then_promote_p1_knowledge
knowledge_batch_07,knowledge_batch_08,knowledge_batch_05_full_database_import/full_recovered_records_db_import_payload_v1.json,legacy_json_content,قرار بقانون 2018 - المادة 5: المجلس الأعلى للأوقاف,cf1cd622e90da1a0,assistant,,P1,legacy_json_content_record,قرار بقانون 2018 - المادة 5: المجلس الأعلى للأوقاف,stage_all_then_promote_p1_knowledge
knowledge_batch_07,knowledge_batch_08,knowledge_batch_05_full_database_import/full_recovered_records_db_import_payload_v1.json,legacy_json_content,قرار بقانون رقم 1 لسنة 2018 - المادة 2: أهداف الوزارة,d763598fe296764b,assistant,,P1,legacy_json_content_record,قرار بقانون رقم 1 لسنة 2018 - المادة 2: أهداف الوزارة,stage_all_then_promote_p1_knowledge
knowledge_batch_07,knowledge_batch_08,knowledge_batch_05_full_database_import/full_recovered_records_db_import_payload_v1.json,legacy_json_content,مجلة الأحكام العدلية - كتاب الوقف,e16a09dc0efb1329,assistant,,P1,legacy_json_content_record,مجلة الأحكام العدلية - كتاب الوقف,stage_all_then_promote_p1_knowledge
knowledge_batch_07,knowledge_batch_08,knowledge_batch_05_full_database_import/full_recovered_records_db_import_payload_v1.json,legacy_json_content,مجلة الأحكام العدلية - المادة 2: أركان الوقف,ea72ad697379d4ff,assistant,,P1,legacy_json_content_record,مجلة الأحكام العدلية - المادة 2: أركان الوقف,stage_all_then_promote_p1_knowledge
knowledge_batch_07,knowledge_batch_08,knowledge_batch_05_full_database_import/full_recovered_records_db_import_payload_v1.json,legacy_json_content,مجلة الأحكام العدلية - المادة 3: شروط الواقف,6a74154661d22307,assistant,,P1,legacy_json_content_record,مجلة الأحكام العدلية - المادة 3: شروط الواقف,stage_all_then_promote_p1_knowledge
knowledge_batch_07,knowledge_batch_08,knowledge_batch_05_full_database_import/full_recovered_records_db_import_payload_v1.json,legacy_json_content,مجلة الأحكام العدلية - المادة 6: استبدال الوقف,2778c8c8e648fc7d,assistant,,P1,legacy_json_content_record,مجلة الأحكام العدلية - المادة 6: استبدال الوقف,stage_all_then_promote_p1_knowledge
knowledge_batch_07,knowledge_batch_08,knowledge_batch_05_full_database_import/full_recovered_records_db_import_payload_v1.json,legacy_json_content,اختبار التصنيف 3,ee448b3385de94d9,assistant,,P1,legacy_json_content_record,اختبار التصنيف 3,stage_all_then_promote_p1_knowledge
knowledge_batch_07,knowledge_batch_08,knowledge_batch_05_full_database_import/full_recovered_records_db_import_payload_v1.json,legacy_json_content,الإشراف المعاصر على العقارات الوقفية,eee4efa709f1819c,assistant,,P1,legacy_json_content_record,الإشراف المعاصر على العقارات الوقفية,stage_all_then_promote_p1_knowledge
knowledge_batch_07,knowledge_batch_08,knowledge_batch_05_full_database_import/full_recovered_records_db_import_payload_v1.json,legacy_json_content,اختبار timestamp,9d9e3d9ac2ca4b12,assistant,,P1,legacy_json_content_record,اختبار timestamp,stage_all_then_promote_p1_knowledge
knowledge_batch_07,knowledge_batch_08,knowledge_batch_05_full_database_import/full_recovered_records_db_import_payload_v1.json,legacy_json_content,الأوقاف في الدولة العثمانية,2c7f0bc7dade114b,assistant,,P1,legacy_json_content_record,الأوقاف في الدولة العثمانية,stage_all_then_promote_p1_knowledge
knowledge_batch_07,knowledge_batch_08,knowledge_batch_05_full_database_import/full_recovered_records_db_import_payload_v1.json,legacy_json_content,الأوقاف في الدولة العثمانية,8734f3fec627b191,assistant,,P1,legacy_json_content_record,الأوقاف في الدولة العثمانية,stage_all_then_promote_p1_knowledge
knowledge_batch_07,knowledge_batch_08,knowledge_batch_05_full_database_import/full_recovered_records_db_import_payload_v1.json,legacy_json_content,الحاج أمين الحسيني - رئيس المجلس الإسلامي,7f7f438b5c6afaf5,assistant,,P1,legacy_json_content_record,الحاج أمين الحسيني - رئيس المجلس الإسلامي,stage_all_then_promote_p1_knowledge
knowledge_batch_07,knowledge_batch_08,knowledge_batch_05_full_database_import/full_recovered_records_db_import_payload_v1.json,legacy_json_content,المجلس الإسلامي الأعلى (فلسطين),4d42c8a05ad8cc68,assistant,,P1,legacy_json_content_record,المجلس الإسلامي الأعلى (فلسطين),stage_all_then_promote_p1_knowledge
knowledge_batch_07,knowledge_batch_08,knowledge_batch_05_full_database_import/full_recovered_records_db_import_payload_v1.json,legacy_json_content,متصرفية القدس أواخر العهد العثماني,5fe3a24fae8d8786,assistant,,P1,legacy_json_content_record,متصرفية القدس أواخر العهد العثماني,stage_all_then_promote_p1_knowledge
knowledge_batch_07,knowledge_batch_08,knowledge_batch_05_full_database_import/full_recovered_records_db_import_payload_v1.json,legacy_json_content,اختبار التصنيف 2,c3ae2c194a371355,assistant,,P1,legacy_json_content_record,اختبار التصنيف 2,stage_all_then_promote_p1_knowledge
knowledge_batch_07,knowledge_batch_08,knowledge_batch_05_full_database_import/full_recovered_records_db_import_payload_v1.json,legacy_json_content,الأم - الإمام الشافعي - محمد بن إدريس الشافعي,ca1352ce078facf2,assistant,,P1,legacy_json_content_record,الأم - الإمام الشافعي - محمد بن إدريس الشافعي,stage_all_then_promote_p1_knowledge
knowledge_batch_07,knowledge_batch_08,knowledge_batch_05_full_database_import/full_recovered_records_db_import_payload_v1.json,legacy_json_content,العدل والإنصاف في معرفة أصول الفقه والاختلاف - أبو يعقوب يوسف بن إبراهيم الوارجلاني,4d7540a107697a7d,assistant,,P1,legacy_json_content_record,العدل والإنصاف في معرفة أصول الفقه والاختلاف - أبو يعقوب يوسف بن إبراهيم الوارجلاني,stage_all_then_promote_p1_knowledge
knowledge_batch_07,knowledge_batch_08,knowledge_batch_05_full_database_import/full_recovered_records_db_import_payload_v1.json,legacy_json_content,المبسوط - السرخسي - شمس الأئمة محمد بن أحمد السرخسي,805020d5555ef409,assistant,,P1,legacy_json_content_record,المبسوط - السرخسي - شمس الأئمة محمد بن أحمد السرخسي,stage_all_then_promote_p1_knowledge
knowledge_batch_07,knowledge_batch_08,knowledge_batch_05_full_database_import/full_recovered_records_db_import_payload_v1.json,legacy_json_content,المغني - ابن قدامة المقدسي - موفق الدين عبد الله بن أحمد بن قدامة المقدسي,6a8dc78c31621d01,assistant,,P1,legacy_json_content_record,المغني - ابن قدامة المقدسي - موفق الدين عبد الله بن أحمد بن قدامة المقدسي,stage_all_then_promote_p1_knowledge
knowledge_batch_07,knowledge_batch_08,knowledge_batch_05_full_database_import/full_recovered_records_db_import_payload_v1.json,legacy_json_content,الوقف الإسلامي بين النظرية والتطبيق - حسن عبد الله الأمين - حسن عبد الله الأمين,f68ce7be47935f19,assistant,,P1,legacy_json_content_record,الوقف الإسلامي بين النظرية والتطبيق - حسن عبد الله الأمين - حسن عبد الله الأمين,stage_all_then_promote_p1_knowledge
knowledge_batch_07,knowledge_batch_08,knowledge_batch_05_full_database_import/full_recovered_records_db_import_payload_v1.json,legacy_json_content,"Consequences of the Ottoman land law: Agrarian and privatization processes in Palestine, 1858–1918",999fa211bcd72741,assistant,,P1,legacy_json_content_record,"Consequences of the Ottoman land law: Agrarian and privatization processes in Palestine, 1858–1918",stage_all_then_promote_p1_knowledge
knowledge_batch_07,knowledge_batch_08,knowledge_batch_05_full_database_import/full_recovered_records_db_import_payload_v1.json,legacy_json_content,اختبار التصنيف,74a7323183061ded,assistant,,P1,legacy_json_content_record,اختبار التصنيف,stage_all_then_promote_p1_knowledge
knowledge_batch_07,knowledge_batch_08,knowledge_batch_05_full_database_import/full_recovered_records_db_import_payload_v1.json,legacy_json_content,ناظر الوقف,64a0ee4039dd7af7,assistant,,P1,legacy_json_content_record,ناظر الوقف,stage_all_then_promote_p1_knowledge
knowledge_batch_07,knowledge_batch_08,knowledge_batch_05_full_database_import/full_recovered_records_db_import_payload_v1.json,legacy_json_content,وقف (إسلام),1c8bdc682535bf43,assistant,,P1,legacy_json_content_record,وقف (إسلام),stage_all_then_promote_p1_knowledge
knowledge_batch_07,knowledge_batch_08,knowledge_batch_05_full_database_import/full_recovered_records_db_import_payload_v1.json,legacy_json_content,Mamluk and Ottoman Endowment Deeds as a Source for Geographical-Historical Research: The Waqfiyya of Haseki Sultan (1552 CE),5edaaedc43180041,assistant,,P1,legacy_json_content_record,Mamluk and Ottoman Endowment Deeds as a Source for Geographical-Historical Research: The Waqfiyya of Haseki Sultan (1552 CE),stage_all_then_promote_p1_knowledge
knowledge_batch_07,knowledge_batch_08,knowledge_batch_05_full_database_import/full_recovered_records_db_import_payload_v1.json,legacy_json_content,اختبار المستخدم,764c57603d280be9,assistant,,P1,legacy_json_content_record,اختبار المستخدم,stage_all_then_promote_p1_knowledge
knowledge_batch_07,knowledge_batch_08,knowledge_batch_05_full_database_import/full_recovered_records_db_import_payload_v1.json,legacy_json_content,الأرشيف العثماني بأيدٍ فلسطينية.. وثائق تثبت ملكية الأراضي,89453773c91cc335,assistant,,P1,legacy_json_content_record,الأرشيف العثماني بأيدٍ فلسطينية.. وثائق تثبت ملكية الأراضي,stage_all_then_promote_p1_knowledge
knowledge_batch_07,knowledge_batch_08,knowledge_batch_05_full_database_import/full_recovered_records_db_import_payload_v1.json,legacy_json_content,وثائق الملكية الفلسطينية في الأرشيف العثماني,d62df6e8d1946806,assistant,,P1,legacy_json_content_record,وثائق الملكية الفلسطينية في الأرشيف العثماني,stage_all_then_promote_p1_knowledge
knowledge_batch_07,knowledge_batch_08,knowledge_batch_05_full_database_import/full_recovered_records_db_import_payload_v1.json,legacy_json_content,الوقف ودوره في تنمية المجتمع - عبد العزيز الخياط,aa72b4e2e3ed6fa8,assistant,,P1,legacy_json_content_record,الوقف ودوره في تنمية المجتمع - عبد العزيز الخياط,stage_all_then_promote_p1_knowledge
knowledge_batch_07,knowledge_batch_08,knowledge_batch_05_full_database_import/full_recovered_records_db_import_payload_v1.json,legacy_json_content,صيغ تمويلية مستحدثة للأوقاف - عبد الله بن منصور الغفيلي,f3f9959156d046e6,assistant,,P1,legacy_json_content_record,صيغ تمويلية مستحدثة للأوقاف - عبد الله بن منصور الغفيلي,stage_all_then_promote_p1_knowledge
knowledge_batch_07,knowledge_batch_08,knowledge_batch_05_full_database_import/full_recovered_records_db_import_payload_v1.json,legacy_json_content,أرشيفات القدس الإسلامية - مصادر لمسألة الوقف,36f1ff471dac5dc7,assistant,,P1,legacy_json_content_record,أرشيفات القدس الإسلامية - مصادر لمسألة الوقف,stage_all_then_promote_p1_knowledge
knowledge_batch_07,knowledge_batch_08,knowledge_batch_05_full_database_import/full_recovered_records_db_import_payload_v1.json,legacy_json_content,أقدم وقف موثق في العالم (القرن 9 الميلادي),944a23dbf54e1c8a,assistant,,P1,legacy_json_content_record,أقدم وقف موثق في العالم (القرن 9 الميلادي),stage_all_then_promote_p1_knowledge
knowledge_batch_07,knowledge_batch_08,knowledge_batch_05_full_database_import/full_recovered_records_db_import_payload_v1.json,legacy_json_content,أوقاف القدس - الأوقاف الصلاحية,fb55f4ac8a02eccf,assistant,,P1,legacy_json_content_record,أوقاف القدس - الأوقاف الصلاحية,stage_all_then_promote_p1_knowledge
knowledge_batch_07,knowledge_batch_08,knowledge_batch_05_full_database_import/full_recovered_records_db_import_payload_v1.json,legacy_json_content,أوقاف القدس - الزوايا والتكايا,06f650f65458ed40,assistant,,P1,legacy_json_content_record,أوقاف القدس - الزوايا والتكايا,stage_all_then_promote_p1_knowledge
knowledge_batch_07,knowledge_batch_08,knowledge_batch_05_full_database_import/full_recovered_records_db_import_payload_v1.json,legacy_json_content,أوقاف القدس - المدارس الوقفية,44ce62f4c589f134,assistant,,P1,legacy_json_content_record,أوقاف القدس - المدارس الوقفية,stage_all_then_promote_p1_knowledge
knowledge_batch_07,knowledge_batch_08,knowledge_batch_05_full_database_import/full_recovered_records_db_import_payload_v1.json,legacy_json_content,أوقاف القدس التاريخية - المسجد الأقصى,2b040847575a72f2,assistant,,P1,legacy_json_content_record,أوقاف القدس التاريخية - المسجد الأقصى,stage_all_then_promote_p1_knowledge
knowledge_batch_07,knowledge_batch_08,knowledge_batch_05_full_database_import/full_recovered_records_db_import_payload_v1.json,legacy_json_content,الأوقاف الإسلامية في القدس الشريف - كامل جميل العسلي,12f38be77ab4f121,assistant,,P1,legacy_json_content_record,الأوقاف الإسلامية في القدس الشريف - كامل جميل العسلي,stage_all_then_promote_p1_knowledge
knowledge_batch_07,knowledge_batch_08,knowledge_batch_05_full_database_import/full_recovered_records_db_import_payload_v1.json,legacy_json_content,الأوقاف بعد 1967 - الاحتلال الإسرائيلي,4532c5b845c09910,assistant,,P1,legacy_json_content_record,الأوقاف بعد 1967 - الاحتلال الإسرائيلي,stage_all_then_promote_p1_knowledge
knowledge_batch_07,knowledge_batch_08,knowledge_batch_05_full_database_import/full_recovered_records_db_import_payload_v1.json,legacy_json_content,الأوقاف في الضفة الغربية - الإدارة الأردنية,5b6d1f9161ea8c6c,assistant,,P1,legacy_json_content_record,الأوقاف في الضفة الغربية - الإدارة الأردنية,stage_all_then_promote_p1_knowledge
knowledge_batch_07,knowledge_batch_08,knowledge_batch_05_full_database_import/full_recovered_records_db_import_payload_v1.json,legacy_json_content,الحاج أمين الحسيني - رئيس المجلس الإسلامي,ac7a5fb8fe622bc3,assistant,,P1,legacy_json_content_record,الحاج أمين الحسيني - رئيس المجلس الإسلامي,stage_all_then_promote_p1_knowledge
knowledge_batch_07,knowledge_batch_08,knowledge_batch_05_full_database_import/full_recovered_records_db_import_payload_v1.json,legacy_json_content,المجلس الإسلامي الأعلى - الصلاحيات,eb730c226a760435,assistant,,P1,legacy_json_content_record,المجلس الإسلامي الأعلى - الصلاحيات,stage_all_then_promote_p1_knowledge
knowledge_batch_07,knowledge_batch_08,knowledge_batch_05_full_database_import/full_recovered_records_db_import_payload_v1.json,legacy_json_content,ترميم المسجد الأقصى - الفترة البريطانية,0296c9454e03b79c,assistant,,P1,legacy_json_content_record,ترميم المسجد الأقصى - الفترة البريطانية,stage_all_then_promote_p1_knowledge
knowledge_batch_07,knowledge_batch_08,knowledge_batch_05_full_database_import/full_recovered_records_db_import_payload_v1.json,legacy_json_content,حارة المغاربة - الهدم,8af7d880a18c72c9,assistant,,P1,legacy_json_content_record,حارة المغاربة - الهدم,stage_all_then_promote_p1_knowledge
knowledge_batch_07,knowledge_batch_08,knowledge_batch_05_full_database_import/full_recovered_records_db_import_payload_v1.json,legacy_json_content,وقف أبو مدين الغوث - القدس,31f367aa1094728e,assistant,,P1,legacy_json_content_record,وقف أبو مدين الغوث - القدس,stage_all_then_promote_p1_knowledge
knowledge_batch_07,knowledge_batch_08,knowledge_batch_05_full_database_import/full_recovered_records_db_import_payload_v1.json,legacy_json_content,إعلام الموقعين عن رب العالمين - ابن القيم,10c90e67a437f73c,assistant,,P1,legacy_json_content_record,إعلام الموقعين عن رب العالمين - ابن القيم,stage_all_then_promote_p1_knowledge
knowledge_batch_07,knowledge_batch_08,knowledge_batch_05_full_database_import/full_recovered_records_db_import_payload_v1.json,legacy_json_content,الأشباه والنظائر - السيوطي,7c5c501acdb1d6fa,assistant,,P1,legacy_json_content_record,الأشباه والنظائر - السيوطي,stage_all_then_promote_p1_knowledge
knowledge_batch_07,knowledge_batch_08,knowledge_batch_05_full_database_import/full_recovered_records_db_import_payload_v1.json,legacy_json_content,الأم - الإمام الشافعي,78bbd4f16c9eb2ea,assistant,,P1,legacy_json_content_record,الأم - الإمام الشافعي,stage_all_then_promote_p1_knowledge
knowledge_batch_07,knowledge_batch_08,knowledge_batch_05_full_database_import/full_recovered_records_db_import_payload_v1.json,legacy_json_content,العدل والإنصاف في معرفة أصول الفقه والاختلاف,69ae7423600e7c5d,assistant,,P1,legacy_json_content_record,العدل والإنصاف في معرفة أصول الفقه والاختلاف,stage_all_then_promote_p1_knowledge
knowledge_batch_07,knowledge_batch_08,knowledge_batch_05_full_database_import/full_recovered_records_db_import_payload_v1.json,legacy_json_content,الفقه الإسلامي وأدلته - وهبة الزحيلي,66860c4783494b15,assistant,,P1,legacy_json_content_record,الفقه الإسلامي وأدلته - وهبة الزحيلي,stage_all_then_promote_p1_knowledge
knowledge_batch_07,knowledge_batch_08,knowledge_batch_05_full_database_import/full_recovered_records_db_import_payload_v1.json,legacy_json_content,المبسوط - السرخسي,d22a65d1f3ff6476,assistant,,P1,legacy_json_content_record,المبسوط - السرخسي,stage_all_then_promote_p1_knowledge
knowledge_batch_07,knowledge_batch_08,knowledge_batch_05_full_database_import/full_recovered_records_db_import_payload_v1.json,legacy_json_content,المدونة الكبرى - الإمام مالك,fd1395ab68965200,assistant,,P1,legacy_json_content_record,المدونة الكبرى - الإمام مالك,stage_all_then_promote_p1_knowledge
knowledge_batch_07,knowledge_batch_08,knowledge_batch_05_full_database_import/full_recovered_records_db_import_payload_v1.json,legacy_json_content,المغني - ابن قدامة المقدسي,01e18ed3a3acbff6,assistant,,P1,legacy_json_content_record,المغني - ابن قدامة المقدسي,stage_all_then_promote_p1_knowledge
knowledge_batch_07,knowledge_batch_08,knowledge_batch_05_full_database_import/full_recovered_records_db_import_payload_v1.json,legacy_json_content,الموافقات في أصول الشريعة - الشاطبي,a0a4da780149e4e6,assistant,,P1,legacy_json_content_record,الموافقات في أصول الشريعة - الشاطبي,stage_all_then_promote_p1_knowledge
knowledge_batch_07,knowledge_batch_08,knowledge_batch_05_full_database_import/full_recovered_records_db_import_payload_v1.json,legacy_json_content,الوقف الأهلي - التعريف والأحكام,cd4cb3c4ceb2c8a7,assistant,,P1,legacy_json_content_record,الوقف الأهلي - التعريف والأحكام,stage_all_then_promote_p1_knowledge
knowledge_batch_07,knowledge_batch_08,knowledge_batch_05_full_database_import/full_recovered_records_db_import_payload_v1.json,legacy_json_content,الوقف المؤقت - حكمه,a86a152c46cfe6b0,assistant,,P1,legacy_json_content_record,الوقف المؤقت - حكمه,stage_all_then_promote_p1_knowledge
knowledge_batch_07,knowledge_batch_08,knowledge_batch_05_full_database_import/full_recovered_records_db_import_payload_v1.json,legacy_json_content,الوقف المشترك - الأحكام,a8f7b740503ae63d,assistant,,P1,legacy_json_content_record,الوقف المشترك - الأحكام,stage_all_then_promote_p1_knowledge
knowledge_batch_07,knowledge_batch_08,knowledge_batch_05_full_database_import/full_recovered_records_db_import_payload_v1.json,legacy_json_content,الوقف على المساجد - الفضل والأحكام,c697a8eead70763c,assistant,,P1,legacy_json_content_record,الوقف على المساجد - الفضل والأحكام,stage_all_then_promote_p1_knowledge
knowledge_batch_07,knowledge_batch_08,knowledge_batch_05_full_database_import/full_recovered_records_db_import_payload_v1.json,legacy_json_content,الوقف على النفس - الخلاف الفقهي,c4fff87dd558dc7a,assistant,,P1,legacy_json_content_record,الوقف على النفس - الخلاف الفقهي,stage_all_then_promote_p1_knowledge
knowledge_batch_07,knowledge_batch_08,knowledge_batch_05_full_database_import/full_recovered_records_db_import_payload_v1.json,legacy_json_content,الوقف على غير المسلمين - الحكم,d633d9a14a82f688,assistant,,P1,legacy_json_content_record,الوقف على غير المسلمين - الحكم,stage_all_then_promote_p1_knowledge
knowledge_batch_07,knowledge_batch_08,knowledge_batch_05_full_database_import/full_recovered_records_db_import_payload_v1.json,legacy_json_content,دور الوقف في المجتمع الإسلامي المعاصر - يوسف القرضاوي,256772484e82b022,assistant,,P1,legacy_json_content_record,دور الوقف في المجتمع الإسلامي المعاصر - يوسف القرضاوي,stage_all_then_promote_p1_knowledge
knowledge_batch_07,knowledge_batch_08,knowledge_batch_05_full_database_import/full_recovered_records_db_import_payload_v1.json,legacy_json_content,شرط الواقف - الالتزام به,470f003c59f681e5,assistant,,P1,legacy_json_content_record,شرط الواقف - الالتزام به,stage_all_then_promote_p1_knowledge
knowledge_batch_07,knowledge_batch_08,knowledge_batch_05_full_database_import/full_recovered_records_db_import_payload_v1.json,legacy_json_content,شروط الموقوف - الفقه الإسلامي,536c81f3087cd1e8,assistant,,P1,legacy_json_content_record,شروط الموقوف - الفقه الإسلامي,stage_all_then_promote_p1_knowledge
knowledge_batch_07,knowledge_batch_08,knowledge_batch_05_full_database_import/full_recovered_records_db_import_payload_v1.json,legacy_json_content,فتاوى الوقف - سليمان الجاسر,9dcb0ff26fa37b28,assistant,,P1,legacy_json_content_record,فتاوى الوقف - سليمان الجاسر,stage_all_then_promote_p1_knowledge
knowledge_batch_07,knowledge_batch_08,knowledge_batch_05_full_database_import/full_recovered_records_db_import_payload_v1.json,legacy_json_content,نظارة الوقف - الشروط والأحكام,690cfbd4aaa19186,assistant,,P1,legacy_json_content_record,نظارة الوقف - الشروط والأحكام,stage_all_then_promote_p1_knowledge
knowledge_batch_07,knowledge_batch_08,knowledge_batch_05_full_database_import/full_recovered_records_db_import_payload_v1.json,legacy_json_content,الوقف على المسجد الأقصى,3ce38084d82bfdf8,assistant,,P1,legacy_json_content_record,الوقف على المسجد الأقصى,stage_all_then_promote_p1_knowledge
knowledge_batch_07,knowledge_batch_08,knowledge_batch_05_full_database_import/full_recovered_records_db_import_payload_v1.json,legacy_json_content,Mind the Gap: An Archaeological View of Land Tenure and Usufruct Rights Around Jerusalem,23ffebc30e1b51b0,assistant,,P1,legacy_json_content_record,Mind the Gap: An Archaeological View of Land Tenure and Usufruct Rights Around Jerusalem,stage_all_then_promote_p1_knowledge
knowledge_batch_07,knowledge_batch_08,knowledge_batch_05_full_database_import/full_recovered_records_db_import_payload_v1.json,legacy_json_content,متصرفية القدس أواخر العهد العثماني,1d17e2bed0492ce0,assistant,,P1,legacy_json_content_record,متصرفية القدس أواخر العهد العثماني,stage_all_then_promote_p1_knowledge
knowledge_batch_07,knowledge_batch_08,knowledge_batch_05_full_database_import/full_recovered_records_db_import_payload_v1.json,legacy_json_content,المبسوط للسرخسي - كتاب الوقف,5505cbe0cc40c2d7,assistant,,P1,legacy_json_content_record,المبسوط للسرخسي - كتاب الوقف,stage_all_then_promote_p1_knowledge
knowledge_batch_07,knowledge_batch_08,knowledge_batch_05_full_database_import/full_recovered_records_db_import_payload_v1.json,legacy_json_content,"Consequences of the Ottoman land law: Agrarian and privatization processes in Palestine, 1858–1918",1c93b17b932740af,assistant,,P1,legacy_json_content_record,"Consequences of the Ottoman land law: Agrarian and privatization processes in Palestine, 1858–1918",stage_all_then_promote_p1_knowledge
knowledge_batch_07,knowledge_batch_08,knowledge_batch_05_full_database_import/full_recovered_records_db_import_payload_v1.json,legacy_json_content,Land privatization in nineteenth-century Ottoman Palestine,e83d6e60531a4faa,assistant,,P1,legacy_json_content_record,Land privatization in nineteenth-century Ottoman Palestine,stage_all_then_promote_p1_knowledge
knowledge_batch_07,knowledge_batch_08,knowledge_batch_05_full_database_import/full_recovered_records_db_import_payload_v1.json,legacy_json_content,Land registry maps in Palestine during the Ottoman period,15b574629ab91ef8,assistant,,P1,legacy_json_content_record,Land registry maps in Palestine during the Ottoman period,stage_all_then_promote_p1_knowledge
knowledge_batch_07,knowledge_batch_08,knowledge_batch_05_full_database_import/full_recovered_records_db_import_payload_v1.json,legacy_json_content,تسوية وتسجيل الأراضي في القدس الشرقية: الإشكاليات، التحديات والإسقاطات,5b1daf3f2887fb8d,assistant,,P1,legacy_json_content_record,تسوية وتسجيل الأراضي في القدس الشرقية: الإشكاليات، التحديات والإسقاطات,stage_all_then_promote_p1_knowledge
knowledge_batch_07,knowledge_batch_08,knowledge_batch_05_full_database_import/full_recovered_records_db_import_payload_v1.json,legacy_json_content,"Consequences of the Ottoman land law: Agrarian and privatization processes in Palestine, 1858–1918",5ce9e0059cebc774,assistant,,P1,legacy_json_content_record,"Consequences of the Ottoman land law: Agrarian and privatization processes in Palestine, 1858–1918",stage_all_then_promote_p1_knowledge
knowledge_batch_07,knowledge_batch_08,knowledge_batch_05_full_database_import/full_recovered_records_db_import_payload_v1.json,legacy_json_content,الوقف كأداة لزيادة القوة السياسية وتعزيزها: نموذج وقف خاصكي سلطان في العهد العثماني خلال أواخر القرن الثامن عشر,e913389e3b271603,assistant,,P1,legacy_json_content_record,الوقف كأداة لزيادة القوة السياسية وتعزيزها: نموذج وقف خاصكي سلطان في العهد العثماني خلال أواخر القرن الثامن عشر,stage_all_then_promote_p1_knowledge
knowledge_batch_07,knowledge_batch_08,knowledge_batch_05_full_database_import/full_recovered_records_db_import_payload_v1.json,legacy_json_content,الأوقاف في فلسطين: دراسة تاريخية وثائقية,f530c167358215ad,assistant,,P1,legacy_json_content_record,الأوقاف في فلسطين: دراسة تاريخية وثائقية,stage_all_then_promote_p1_knowledge
knowledge_batch_07,knowledge_batch_08,knowledge_batch_05_full_database_import/full_recovered_records_db_import_payload_v1.json,legacy_json_content,الحجج الوقفية في سجلات محكمة القدس الشرعية (القرن 11 هـ),a3be3a9cb5cc4f8b,assistant,,P1,legacy_json_content_record,الحجج الوقفية في سجلات محكمة القدس الشرعية (القرن 11 هـ),stage_all_then_promote_p1_knowledge
knowledge_batch_07,knowledge_batch_08,knowledge_batch_05_full_database_import/full_recovered_records_db_import_payload_v1.json,legacy_json_content,حجة وقف مصطفى آغا (1821م),4d7bd23981ae676c,assistant,,P1,legacy_json_content_record,حجة وقف مصطفى آغا (1821م),stage_all_then_promote_p1_knowledge
knowledge_batch_07,knowledge_batch_08,knowledge_batch_05_full_database_import/full_recovered_records_db_import_payload_v1.json,legacy_json_content,الفقه الحنبلي - تعريف الوقف,880d77896172a6b9,assistant,,P1,legacy_json_content_record,الفقه الحنبلي - تعريف الوقف,stage_all_then_promote_p1_knowledge
knowledge_batch_07,knowledge_batch_08,knowledge_batch_05_full_database_import/full_recovered_records_db_import_payload_v1.json,legacy_json_content,الفقه الحنفي - استبدال الوقف,fc86cca711eccb70,assistant,,P1,legacy_json_content_record,الفقه الحنفي - استبدال الوقف,stage_all_then_promote_p1_knowledge
knowledge_batch_07,knowledge_batch_08,knowledge_batch_05_full_database_import/full_recovered_records_db_import_payload_v1.json,legacy_json_content,الفقه الحنفي - تعريف الوقف,02e82b5e91db9824,assistant,,P1,legacy_json_content_record,الفقه الحنفي - تعريف الوقف,stage_all_then_promote_p1_knowledge
knowledge_batch_07,knowledge_batch_08,knowledge_batch_05_full_database_import/full_recovered_records_db_import_payload_v1.json,legacy_json_content,الفقه الحنفي - شروط صحة الوقف,d19d9afe1c212a2e,assistant,,P1,legacy_json_content_record,الفقه الحنفي - شروط صحة الوقف,stage_all_then_promote_p1_knowledge
knowledge_batch_07,knowledge_batch_08,knowledge_batch_05_full_database_import/full_recovered_records_db_import_payload_v1.json,legacy_json_content,الفقه الحنفي - وقف المنقول,82653c8fc318a18e,assistant,,P1,legacy_json_content_record,الفقه الحنفي - وقف المنقول,stage_all_then_promote_p1_knowledge
knowledge_batch_07,knowledge_batch_08,knowledge_batch_05_full_database_import/full_recovered_records_db_import_payload_v1.json,legacy_json_content,الفقه الشافعي - تعريف الوقف,fbd0b14b58834856,assistant,,P1,legacy_json_content_record,الفقه الشافعي - تعريف الوقف,stage_all_then_promote_p1_knowledge
knowledge_batch_07,knowledge_batch_08,knowledge_batch_05_full_database_import/full_recovered_records_db_import_payload_v1.json,legacy_json_content,الفقه المالكي - تعريف الوقف,387a72399a0112e8,assistant,,P1,legacy_json_content_record,الفقه المالكي - تعريف الوقف,stage_all_then_promote_p1_knowledge
knowledge_batch_07,knowledge_batch_08,knowledge_batch_05_full_database_import/full_recovered_records_db_import_payload_v1.json,legacy_json_content,المبسوط للسرخسي - كتاب الوقف,1c6120dc6cbeb61c,assistant,,P1,legacy_json_content_record,المبسوط للسرخسي - كتاب الوقف,stage_all_then_promote_p1_knowledge
knowledge_batch_07,knowledge_batch_08,knowledge_batch_05_full_database_import/full_recovered_records_db_import_payload_v1.json,legacy_json_content,فتح القدير لابن الهمام - كتاب الوقف,c948e624d4cb5f65,assistant,,P1,legacy_json_content_record,فتح القدير لابن الهمام - كتاب الوقف,stage_all_then_promote_p1_knowledge
knowledge_batch_07,knowledge_batch_08,knowledge_batch_05_full_database_import/full_recovered_records_db_import_payload_v1.json,legacy_json_content,مجموع فتاوى ابن تيمية - كتاب الوقف,0816192a010231cd,assistant,,P1,legacy_json_content_record,مجموع فتاوى ابن تيمية - كتاب الوقف,stage_all_then_promote_p1_knowledge
